
 -------------------------------------------------------------
 -                                                           -
 -             Welcome to TANES version 1.1                  -
 -                                                           -
 -                (Version Feb. 18, 2025)                    -
 -  (C) Copyright 2007-2025. Rochman, All Rights Reserved    -
 -                                                           -
 -------------------------------------------------------------


   Compiled on:         Apr 25 2025, 10:33:13
   Compiled by:         koning
   System:              Darwin 21.6.0
   System version:      Darwin Kernel Version 21.6.0: Mon Jun 24 00:56:10 PDT 2024; root:xnu-8020.240.18.709.2~1/RELEASE_X86_64  
   Machine:             x86_64 
   Source location:     /Users/koning/tanes-1.1/source/Module/
   Binaries location:   /Users/koning/bin


Starting time: Fri Apr 25 20:37:24 2025
          --> Isotope name: Th

       ###############################################
       #             Input definition                #
       ###############################################

Tanes called with command line: tanes tanes.inp 
Mass      = 232
Charge    = 90
Reference = none
Model     = Los Alamos model
Random    = 100 random files
Default random generator seed chosen: current time

       ###############################################
       #           End of Input definition           #
       ###############################################

MT3 for 90232 not found
MT  3 19 for 90232 not found
MT3 for 90232 not found
MT  3 20 for 90232 not found
Create input file for pfns for k= 0 and energy number 0 (out of 50)
MT3 for 90232 not found
MT  3 19 for 90232 not found
MT3 for 90232 not found
MT  3 20 for 90232 not found
Create input file for pfns for k= 1 and energy number 0 (out of 50)
MT3 for 90232 not found
MT  3 19 for 90232 not found
MT3 for 90232 not found
MT  3 20 for 90232 not found
Create input file for pfns for k= 2 and energy number 0 (out of 50)
MT3 for 90232 not found
MT  3 19 for 90232 not found
MT3 for 90232 not found
MT  3 20 for 90232 not found
Create input file for pfns for k= 3 and energy number 0 (out of 50)
MT3 for 90232 not found
MT  3 19 for 90232 not found
MT3 for 90232 not found
MT  3 20 for 90232 not found
Create input file for pfns for k= 4 and energy number 0 (out of 50)
MT3 for 90232 not found
MT  3 19 for 90232 not found
MT3 for 90232 not found
MT  3 20 for 90232 not found
Create input file for pfns for k= 5 and energy number 0 (out of 50)
MT3 for 90232 not found
MT  3 19 for 90232 not found
MT3 for 90232 not found
MT  3 20 for 90232 not found
Create input file for pfns for k= 6 and energy number 0 (out of 50)
MT3 for 90232 not found
MT  3 19 for 90232 not found
MT3 for 90232 not found
MT  3 20 for 90232 not found
Create input file for pfns for k= 7 and energy number 0 (out of 50)
MT3 for 90232 not found
MT  3 19 for 90232 not found
MT3 for 90232 not found
MT  3 20 for 90232 not found
Create input file for pfns for k= 8 and energy number 0 (out of 50)
MT3 for 90232 not found
MT  3 19 for 90232 not found
MT3 for 90232 not found
MT  3 20 for 90232 not found
Create input file for pfns for k= 9 and energy number 0 (out of 50)
MT3 for 90232 not found
MT  3 19 for 90232 not found
MT3 for 90232 not found
MT  3 20 for 90232 not found
Create input file for pfns for k= 10 and energy number 0 (out of 50)
MT3 for 90232 not found
MT  3 19 for 90232 not found
MT3 for 90232 not found
MT  3 20 for 90232 not found
Create input file for pfns for k= 11 and energy number 0 (out of 50)
MT3 for 90232 not found
MT  3 19 for 90232 not found
MT3 for 90232 not found
MT  3 20 for 90232 not found
Create input file for pfns for k= 12 and energy number 0 (out of 50)
MT3 for 90232 not found
MT  3 19 for 90232 not found
MT3 for 90232 not found
MT  3 20 for 90232 not found
Create input file for pfns for k= 13 and energy number 0 (out of 50)
MT3 for 90232 not found
MT  3 19 for 90232 not found
MT3 for 90232 not found
MT  3 20 for 90232 not found
Create input file for pfns for k= 14 and energy number 0 (out of 50)
MT3 for 90232 not found
MT  3 19 for 90232 not found
MT3 for 90232 not found
MT  3 20 for 90232 not found
Create input file for pfns for k= 15 and energy number 0 (out of 50)
MT3 for 90232 not found
MT  3 19 for 90232 not found
MT3 for 90232 not found
MT  3 20 for 90232 not found
Create input file for pfns for k= 16 and energy number 0 (out of 50)
MT3 for 90232 not found
MT  3 19 for 90232 not found
MT3 for 90232 not found
MT  3 20 for 90232 not found
Create input file for pfns for k= 17 and energy number 0 (out of 50)
MT3 for 90232 not found
MT  3 19 for 90232 not found
MT3 for 90232 not found
MT  3 20 for 90232 not found
Create input file for pfns for k= 18 and energy number 0 (out of 50)
MT3 for 90232 not found
MT  3 19 for 90232 not found
MT3 for 90232 not found
MT  3 20 for 90232 not found
Create input file for pfns for k= 19 and energy number 0 (out of 50)
MT3 for 90232 not found
MT  3 19 for 90232 not found
MT3 for 90232 not found
MT  3 20 for 90232 not found
Create input file for pfns for k= 20 and energy number 0 (out of 50)
MT3 for 90232 not found
MT  3 19 for 90232 not found
MT3 for 90232 not found
MT  3 20 for 90232 not found
Create input file for pfns for k= 21 and energy number 0 (out of 50)
MT3 for 90232 not found
MT  3 19 for 90232 not found
MT3 for 90232 not found
MT  3 20 for 90232 not found
Create input file for pfns for k= 22 and energy number 0 (out of 50)
MT3 for 90232 not found
MT  3 19 for 90232 not found
MT3 for 90232 not found
MT  3 20 for 90232 not found
Create input file for pfns for k= 23 and energy number 0 (out of 50)
MT3 for 90232 not found
MT  3 19 for 90232 not found
MT3 for 90232 not found
MT  3 20 for 90232 not found
Create input file for pfns for k= 24 and energy number 0 (out of 50)
MT3 for 90232 not found
MT  3 19 for 90232 not found
MT3 for 90232 not found
MT  3 20 for 90232 not found
Create input file for pfns for k= 25 and energy number 0 (out of 50)
MT3 for 90232 not found
MT  3 19 for 90232 not found
MT3 for 90232 not found
MT  3 20 for 90232 not found
Create input file for pfns for k= 26 and energy number 0 (out of 50)
MT3 for 90232 not found
MT  3 19 for 90232 not found
MT3 for 90232 not found
MT  3 20 for 90232 not found
Create input file for pfns for k= 27 and energy number 0 (out of 50)
MT3 for 90232 not found
MT  3 19 for 90232 not found
MT3 for 90232 not found
MT  3 20 for 90232 not found
Create input file for pfns for k= 28 and energy number 0 (out of 50)
MT3 for 90232 not found
MT  3 19 for 90232 not found
MT3 for 90232 not found
MT  3 20 for 90232 not found
Create input file for pfns for k= 29 and energy number 0 (out of 50)
MT3 for 90232 not found
MT  3 19 for 90232 not found
MT3 for 90232 not found
MT  3 20 for 90232 not found
Create input file for pfns for k= 30 and energy number 0 (out of 50)
MT3 for 90232 not found
MT  3 19 for 90232 not found
MT3 for 90232 not found
MT  3 20 for 90232 not found
Create input file for pfns for k= 31 and energy number 0 (out of 50)
MT3 for 90232 not found
MT  3 19 for 90232 not found
MT3 for 90232 not found
MT  3 20 for 90232 not found
Create input file for pfns for k= 32 and energy number 0 (out of 50)
MT3 for 90232 not found
MT  3 19 for 90232 not found
MT3 for 90232 not found
MT  3 20 for 90232 not found
Create input file for pfns for k= 33 and energy number 0 (out of 50)
MT3 for 90232 not found
MT  3 19 for 90232 not found
MT3 for 90232 not found
MT  3 20 for 90232 not found
Create input file for pfns for k= 34 and energy number 0 (out of 50)
MT3 for 90232 not found
MT  3 19 for 90232 not found
MT3 for 90232 not found
MT  3 20 for 90232 not found
Create input file for pfns for k= 35 and energy number 0 (out of 50)
MT3 for 90232 not found
MT  3 19 for 90232 not found
MT3 for 90232 not found
MT  3 20 for 90232 not found
Create input file for pfns for k= 36 and energy number 0 (out of 50)
MT3 for 90232 not found
MT  3 19 for 90232 not found
MT3 for 90232 not found
MT  3 20 for 90232 not found
Create input file for pfns for k= 37 and energy number 0 (out of 50)
MT3 for 90232 not found
MT  3 19 for 90232 not found
MT3 for 90232 not found
MT  3 20 for 90232 not found
Create input file for pfns for k= 38 and energy number 0 (out of 50)
MT3 for 90232 not found
MT  3 19 for 90232 not found
MT3 for 90232 not found
MT  3 20 for 90232 not found
Create input file for pfns for k= 39 and energy number 0 (out of 50)
MT3 for 90232 not found
MT  3 19 for 90232 not found
MT3 for 90232 not found
MT  3 20 for 90232 not found
Create input file for pfns for k= 40 and energy number 0 (out of 50)
MT3 for 90232 not found
MT  3 19 for 90232 not found
MT3 for 90232 not found
MT  3 20 for 90232 not found
Create input file for pfns for k= 41 and energy number 0 (out of 50)
MT3 for 90232 not found
MT  3 19 for 90232 not found
MT3 for 90232 not found
MT  3 20 for 90232 not found
Create input file for pfns for k= 42 and energy number 0 (out of 50)
MT3 for 90232 not found
MT  3 19 for 90232 not found
MT3 for 90232 not found
MT  3 20 for 90232 not found
Create input file for pfns for k= 43 and energy number 0 (out of 50)
MT3 for 90232 not found
MT  3 19 for 90232 not found
MT3 for 90232 not found
MT  3 20 for 90232 not found
Create input file for pfns for k= 44 and energy number 0 (out of 50)
MT3 for 90232 not found
MT  3 19 for 90232 not found
MT3 for 90232 not found
MT  3 20 for 90232 not found
Create input file for pfns for k= 45 and energy number 0 (out of 50)
MT3 for 90232 not found
MT  3 19 for 90232 not found
MT3 for 90232 not found
MT  3 20 for 90232 not found
Create input file for pfns for k= 46 and energy number 0 (out of 50)
MT3 for 90232 not found
MT  3 19 for 90232 not found
MT3 for 90232 not found
MT  3 20 for 90232 not found
Create input file for pfns for k= 47 and energy number 0 (out of 50)
MT3 for 90232 not found
MT  3 19 for 90232 not found
MT3 for 90232 not found
MT  3 20 for 90232 not found
Create input file for pfns for k= 48 and energy number 0 (out of 50)
MT3 for 90232 not found
MT  3 19 for 90232 not found
MT3 for 90232 not found
MT  3 20 for 90232 not found
Create input file for pfns for k= 49 and energy number 0 (out of 50)
MT3 for 90232 not found
MT  3 19 for 90232 not found
MT3 for 90232 not found
MT  3 20 for 90232 not found
Create input file for pfns for k= 50 and energy number 0 (out of 50)
MT3 for 90232 not found
MT  3 19 for 90232 not found
MT3 for 90232 not found
MT  3 20 for 90232 not found
Create input file for pfns for k= 51 and energy number 0 (out of 50)
MT3 for 90232 not found
MT  3 19 for 90232 not found
MT3 for 90232 not found
MT  3 20 for 90232 not found
Create input file for pfns for k= 52 and energy number 0 (out of 50)
MT3 for 90232 not found
MT  3 19 for 90232 not found
MT3 for 90232 not found
MT  3 20 for 90232 not found
Create input file for pfns for k= 53 and energy number 0 (out of 50)
MT3 for 90232 not found
MT  3 19 for 90232 not found
MT3 for 90232 not found
MT  3 20 for 90232 not found
Create input file for pfns for k= 54 and energy number 0 (out of 50)
MT3 for 90232 not found
MT  3 19 for 90232 not found
MT3 for 90232 not found
MT  3 20 for 90232 not found
Create input file for pfns for k= 55 and energy number 0 (out of 50)
MT3 for 90232 not found
MT  3 19 for 90232 not found
MT3 for 90232 not found
MT  3 20 for 90232 not found
Create input file for pfns for k= 56 and energy number 0 (out of 50)
MT3 for 90232 not found
MT  3 19 for 90232 not found
MT3 for 90232 not found
MT  3 20 for 90232 not found
Create input file for pfns for k= 57 and energy number 0 (out of 50)
MT3 for 90232 not found
MT  3 19 for 90232 not found
MT3 for 90232 not found
MT  3 20 for 90232 not found
Create input file for pfns for k= 58 and energy number 0 (out of 50)
MT3 for 90232 not found
MT  3 19 for 90232 not found
MT3 for 90232 not found
MT  3 20 for 90232 not found
Create input file for pfns for k= 59 and energy number 0 (out of 50)
MT3 for 90232 not found
MT  3 19 for 90232 not found
MT3 for 90232 not found
MT  3 20 for 90232 not found
Create input file for pfns for k= 60 and energy number 0 (out of 50)
MT3 for 90232 not found
MT  3 19 for 90232 not found
MT3 for 90232 not found
MT  3 20 for 90232 not found
Create input file for pfns for k= 61 and energy number 0 (out of 50)
MT3 for 90232 not found
MT  3 19 for 90232 not found
MT3 for 90232 not found
MT  3 20 for 90232 not found
Create input file for pfns for k= 62 and energy number 0 (out of 50)
MT3 for 90232 not found
MT  3 19 for 90232 not found
MT3 for 90232 not found
MT  3 20 for 90232 not found
Create input file for pfns for k= 63 and energy number 0 (out of 50)
MT3 for 90232 not found
MT  3 19 for 90232 not found
MT3 for 90232 not found
MT  3 20 for 90232 not found
Create input file for pfns for k= 64 and energy number 0 (out of 50)
MT3 for 90232 not found
MT  3 19 for 90232 not found
MT3 for 90232 not found
MT  3 20 for 90232 not found
Create input file for pfns for k= 65 and energy number 0 (out of 50)
MT3 for 90232 not found
MT  3 19 for 90232 not found
MT3 for 90232 not found
MT  3 20 for 90232 not found
Create input file for pfns for k= 66 and energy number 0 (out of 50)
MT3 for 90232 not found
MT  3 19 for 90232 not found
MT3 for 90232 not found
MT  3 20 for 90232 not found
Create input file for pfns for k= 67 and energy number 0 (out of 50)
MT3 for 90232 not found
MT  3 19 for 90232 not found
MT3 for 90232 not found
MT  3 20 for 90232 not found
Create input file for pfns for k= 68 and energy number 0 (out of 50)
MT3 for 90232 not found
MT  3 19 for 90232 not found
MT3 for 90232 not found
MT  3 20 for 90232 not found
Create input file for pfns for k= 69 and energy number 0 (out of 50)
MT3 for 90232 not found
MT  3 19 for 90232 not found
MT3 for 90232 not found
MT  3 20 for 90232 not found
Create input file for pfns for k= 70 and energy number 0 (out of 50)
MT3 for 90232 not found
MT  3 19 for 90232 not found
MT3 for 90232 not found
MT  3 20 for 90232 not found
Create input file for pfns for k= 71 and energy number 0 (out of 50)
MT3 for 90232 not found
MT  3 19 for 90232 not found
MT3 for 90232 not found
MT  3 20 for 90232 not found
Create input file for pfns for k= 72 and energy number 0 (out of 50)
MT3 for 90232 not found
MT  3 19 for 90232 not found
MT3 for 90232 not found
MT  3 20 for 90232 not found
Create input file for pfns for k= 73 and energy number 0 (out of 50)
MT3 for 90232 not found
MT  3 19 for 90232 not found
MT3 for 90232 not found
MT  3 20 for 90232 not found
Create input file for pfns for k= 74 and energy number 0 (out of 50)
MT3 for 90232 not found
MT  3 19 for 90232 not found
MT3 for 90232 not found
MT  3 20 for 90232 not found
Create input file for pfns for k= 75 and energy number 0 (out of 50)
MT3 for 90232 not found
MT  3 19 for 90232 not found
MT3 for 90232 not found
MT  3 20 for 90232 not found
Create input file for pfns for k= 76 and energy number 0 (out of 50)
MT3 for 90232 not found
MT  3 19 for 90232 not found
MT3 for 90232 not found
MT  3 20 for 90232 not found
Create input file for pfns for k= 77 and energy number 0 (out of 50)
MT3 for 90232 not found
MT  3 19 for 90232 not found
MT3 for 90232 not found
MT  3 20 for 90232 not found
Create input file for pfns for k= 78 and energy number 0 (out of 50)
MT3 for 90232 not found
MT  3 19 for 90232 not found
MT3 for 90232 not found
MT  3 20 for 90232 not found
Create input file for pfns for k= 79 and energy number 0 (out of 50)
MT3 for 90232 not found
MT  3 19 for 90232 not found
MT3 for 90232 not found
MT  3 20 for 90232 not found
Create input file for pfns for k= 80 and energy number 0 (out of 50)
MT3 for 90232 not found
MT  3 19 for 90232 not found
MT3 for 90232 not found
MT  3 20 for 90232 not found
Create input file for pfns for k= 81 and energy number 0 (out of 50)
MT3 for 90232 not found
MT  3 19 for 90232 not found
MT3 for 90232 not found
MT  3 20 for 90232 not found
Create input file for pfns for k= 82 and energy number 0 (out of 50)
MT3 for 90232 not found
MT  3 19 for 90232 not found
MT3 for 90232 not found
MT  3 20 for 90232 not found
Create input file for pfns for k= 83 and energy number 0 (out of 50)
MT3 for 90232 not found
MT  3 19 for 90232 not found
MT3 for 90232 not found
MT  3 20 for 90232 not found
Create input file for pfns for k= 84 and energy number 0 (out of 50)
MT3 for 90232 not found
MT  3 19 for 90232 not found
MT3 for 90232 not found
MT  3 20 for 90232 not found
Create input file for pfns for k= 85 and energy number 0 (out of 50)
MT3 for 90232 not found
MT  3 19 for 90232 not found
MT3 for 90232 not found
MT  3 20 for 90232 not found
Create input file for pfns for k= 86 and energy number 0 (out of 50)
MT3 for 90232 not found
MT  3 19 for 90232 not found
MT3 for 90232 not found
MT  3 20 for 90232 not found
Create input file for pfns for k= 87 and energy number 0 (out of 50)
MT3 for 90232 not found
MT  3 19 for 90232 not found
MT3 for 90232 not found
MT  3 20 for 90232 not found
Create input file for pfns for k= 88 and energy number 0 (out of 50)
MT3 for 90232 not found
MT  3 19 for 90232 not found
MT3 for 90232 not found
MT  3 20 for 90232 not found
Create input file for pfns for k= 89 and energy number 0 (out of 50)
MT3 for 90232 not found
MT  3 19 for 90232 not found
MT3 for 90232 not found
MT  3 20 for 90232 not found
Create input file for pfns for k= 90 and energy number 0 (out of 50)
MT3 for 90232 not found
MT  3 19 for 90232 not found
MT3 for 90232 not found
MT  3 20 for 90232 not found
Create input file for pfns for k= 91 and energy number 0 (out of 50)
MT3 for 90232 not found
MT  3 19 for 90232 not found
MT3 for 90232 not found
MT  3 20 for 90232 not found
Create input file for pfns for k= 92 and energy number 0 (out of 50)
MT3 for 90232 not found
MT  3 19 for 90232 not found
MT3 for 90232 not found
MT  3 20 for 90232 not found
Create input file for pfns for k= 93 and energy number 0 (out of 50)
MT3 for 90232 not found
MT  3 19 for 90232 not found
MT3 for 90232 not found
MT  3 20 for 90232 not found
Create input file for pfns for k= 94 and energy number 0 (out of 50)
MT3 for 90232 not found
MT  3 19 for 90232 not found
MT3 for 90232 not found
MT  3 20 for 90232 not found
Create input file for pfns for k= 95 and energy number 0 (out of 50)
MT3 for 90232 not found
MT  3 19 for 90232 not found
MT3 for 90232 not found
MT  3 20 for 90232 not found
Create input file for pfns for k= 96 and energy number 0 (out of 50)
MT3 for 90232 not found
MT  3 19 for 90232 not found
MT3 for 90232 not found
MT  3 20 for 90232 not found
Create input file for pfns for k= 97 and energy number 0 (out of 50)
MT3 for 90232 not found
MT  3 19 for 90232 not found
MT3 for 90232 not found
MT  3 20 for 90232 not found
Create input file for pfns for k= 98 and energy number 0 (out of 50)
MT3 for 90232 not found
MT  3 19 for 90232 not found
MT3 for 90232 not found
MT  3 20 for 90232 not found
Create input file for pfns for k= 99 and energy number 0 (out of 50)
MT3 for 90232 not found
MT  3 19 for 90232 not found
MT3 for 90232 not found
MT  3 20 for 90232 not found
Create input file for pfns for k= 100 and energy number 0 (out of 50)
MT3 for 90232 not found
MT  3 19 for 90232 not found
MT3 for 90232 not found
MT  3 20 for 90232 not found
Create input file for pfns for k= 0 and energy number 1 (out of 50)
MT3 for 90232 not found
MT  3 19 for 90232 not found
MT3 for 90232 not found
MT  3 20 for 90232 not found
Create input file for pfns for k= 1 and energy number 1 (out of 50)
MT3 for 90232 not found
MT  3 19 for 90232 not found
MT3 for 90232 not found
MT  3 20 for 90232 not found
Create input file for pfns for k= 2 and energy number 1 (out of 50)
MT3 for 90232 not found
MT  3 19 for 90232 not found
MT3 for 90232 not found
MT  3 20 for 90232 not found
Create input file for pfns for k= 3 and energy number 1 (out of 50)
MT3 for 90232 not found
MT  3 19 for 90232 not found
MT3 for 90232 not found
MT  3 20 for 90232 not found
Create input file for pfns for k= 4 and energy number 1 (out of 50)
MT3 for 90232 not found
MT  3 19 for 90232 not found
MT3 for 90232 not found
MT  3 20 for 90232 not found
Create input file for pfns for k= 5 and energy number 1 (out of 50)
MT3 for 90232 not found
MT  3 19 for 90232 not found
MT3 for 90232 not found
MT  3 20 for 90232 not found
Create input file for pfns for k= 6 and energy number 1 (out of 50)
MT3 for 90232 not found
MT  3 19 for 90232 not found
MT3 for 90232 not found
MT  3 20 for 90232 not found
Create input file for pfns for k= 7 and energy number 1 (out of 50)
MT3 for 90232 not found
MT  3 19 for 90232 not found
MT3 for 90232 not found
MT  3 20 for 90232 not found
Create input file for pfns for k= 8 and energy number 1 (out of 50)
MT3 for 90232 not found
MT  3 19 for 90232 not found
MT3 for 90232 not found
MT  3 20 for 90232 not found
Create input file for pfns for k= 9 and energy number 1 (out of 50)
MT3 for 90232 not found
MT  3 19 for 90232 not found
MT3 for 90232 not found
MT  3 20 for 90232 not found
Create input file for pfns for k= 10 and energy number 1 (out of 50)
MT3 for 90232 not found
MT  3 19 for 90232 not found
MT3 for 90232 not found
MT  3 20 for 90232 not found
Create input file for pfns for k= 11 and energy number 1 (out of 50)
MT3 for 90232 not found
MT  3 19 for 90232 not found
MT3 for 90232 not found
MT  3 20 for 90232 not found
Create input file for pfns for k= 12 and energy number 1 (out of 50)
MT3 for 90232 not found
MT  3 19 for 90232 not found
MT3 for 90232 not found
MT  3 20 for 90232 not found
Create input file for pfns for k= 13 and energy number 1 (out of 50)
MT3 for 90232 not found
MT  3 19 for 90232 not found
MT3 for 90232 not found
MT  3 20 for 90232 not found
Create input file for pfns for k= 14 and energy number 1 (out of 50)
MT3 for 90232 not found
MT  3 19 for 90232 not found
MT3 for 90232 not found
MT  3 20 for 90232 not found
Create input file for pfns for k= 15 and energy number 1 (out of 50)
MT3 for 90232 not found
MT  3 19 for 90232 not found
MT3 for 90232 not found
MT  3 20 for 90232 not found
Create input file for pfns for k= 16 and energy number 1 (out of 50)
MT3 for 90232 not found
MT  3 19 for 90232 not found
MT3 for 90232 not found
MT  3 20 for 90232 not found
Create input file for pfns for k= 17 and energy number 1 (out of 50)
MT3 for 90232 not found
MT  3 19 for 90232 not found
MT3 for 90232 not found
MT  3 20 for 90232 not found
Create input file for pfns for k= 18 and energy number 1 (out of 50)
MT3 for 90232 not found
MT  3 19 for 90232 not found
MT3 for 90232 not found
MT  3 20 for 90232 not found
Create input file for pfns for k= 19 and energy number 1 (out of 50)
MT3 for 90232 not found
MT  3 19 for 90232 not found
MT3 for 90232 not found
MT  3 20 for 90232 not found
Create input file for pfns for k= 20 and energy number 1 (out of 50)
MT3 for 90232 not found
MT  3 19 for 90232 not found
MT3 for 90232 not found
MT  3 20 for 90232 not found
Create input file for pfns for k= 21 and energy number 1 (out of 50)
MT3 for 90232 not found
MT  3 19 for 90232 not found
MT3 for 90232 not found
MT  3 20 for 90232 not found
Create input file for pfns for k= 22 and energy number 1 (out of 50)
MT3 for 90232 not found
MT  3 19 for 90232 not found
MT3 for 90232 not found
MT  3 20 for 90232 not found
Create input file for pfns for k= 23 and energy number 1 (out of 50)
MT3 for 90232 not found
MT  3 19 for 90232 not found
MT3 for 90232 not found
MT  3 20 for 90232 not found
Create input file for pfns for k= 24 and energy number 1 (out of 50)
MT3 for 90232 not found
MT  3 19 for 90232 not found
MT3 for 90232 not found
MT  3 20 for 90232 not found
Create input file for pfns for k= 25 and energy number 1 (out of 50)
MT3 for 90232 not found
MT  3 19 for 90232 not found
MT3 for 90232 not found
MT  3 20 for 90232 not found
Create input file for pfns for k= 26 and energy number 1 (out of 50)
MT3 for 90232 not found
MT  3 19 for 90232 not found
MT3 for 90232 not found
MT  3 20 for 90232 not found
Create input file for pfns for k= 27 and energy number 1 (out of 50)
MT3 for 90232 not found
MT  3 19 for 90232 not found
MT3 for 90232 not found
MT  3 20 for 90232 not found
Create input file for pfns for k= 28 and energy number 1 (out of 50)
MT3 for 90232 not found
MT  3 19 for 90232 not found
MT3 for 90232 not found
MT  3 20 for 90232 not found
Create input file for pfns for k= 29 and energy number 1 (out of 50)
MT3 for 90232 not found
MT  3 19 for 90232 not found
MT3 for 90232 not found
MT  3 20 for 90232 not found
Create input file for pfns for k= 30 and energy number 1 (out of 50)
MT3 for 90232 not found
MT  3 19 for 90232 not found
MT3 for 90232 not found
MT  3 20 for 90232 not found
Create input file for pfns for k= 31 and energy number 1 (out of 50)
MT3 for 90232 not found
MT  3 19 for 90232 not found
MT3 for 90232 not found
MT  3 20 for 90232 not found
Create input file for pfns for k= 32 and energy number 1 (out of 50)
MT3 for 90232 not found
MT  3 19 for 90232 not found
MT3 for 90232 not found
MT  3 20 for 90232 not found
Create input file for pfns for k= 33 and energy number 1 (out of 50)
MT3 for 90232 not found
MT  3 19 for 90232 not found
MT3 for 90232 not found
MT  3 20 for 90232 not found
Create input file for pfns for k= 34 and energy number 1 (out of 50)
MT3 for 90232 not found
MT  3 19 for 90232 not found
MT3 for 90232 not found
MT  3 20 for 90232 not found
Create input file for pfns for k= 35 and energy number 1 (out of 50)
MT3 for 90232 not found
MT  3 19 for 90232 not found
MT3 for 90232 not found
MT  3 20 for 90232 not found
Create input file for pfns for k= 36 and energy number 1 (out of 50)
MT3 for 90232 not found
MT  3 19 for 90232 not found
MT3 for 90232 not found
MT  3 20 for 90232 not found
Create input file for pfns for k= 37 and energy number 1 (out of 50)
MT3 for 90232 not found
MT  3 19 for 90232 not found
MT3 for 90232 not found
MT  3 20 for 90232 not found
Create input file for pfns for k= 38 and energy number 1 (out of 50)
MT3 for 90232 not found
MT  3 19 for 90232 not found
MT3 for 90232 not found
MT  3 20 for 90232 not found
Create input file for pfns for k= 39 and energy number 1 (out of 50)
MT3 for 90232 not found
MT  3 19 for 90232 not found
MT3 for 90232 not found
MT  3 20 for 90232 not found
Create input file for pfns for k= 40 and energy number 1 (out of 50)
MT3 for 90232 not found
MT  3 19 for 90232 not found
MT3 for 90232 not found
MT  3 20 for 90232 not found
Create input file for pfns for k= 41 and energy number 1 (out of 50)
MT3 for 90232 not found
MT  3 19 for 90232 not found
MT3 for 90232 not found
MT  3 20 for 90232 not found
Create input file for pfns for k= 42 and energy number 1 (out of 50)
MT3 for 90232 not found
MT  3 19 for 90232 not found
MT3 for 90232 not found
MT  3 20 for 90232 not found
Create input file for pfns for k= 43 and energy number 1 (out of 50)
MT3 for 90232 not found
MT  3 19 for 90232 not found
MT3 for 90232 not found
MT  3 20 for 90232 not found
Create input file for pfns for k= 44 and energy number 1 (out of 50)
MT3 for 90232 not found
MT  3 19 for 90232 not found
MT3 for 90232 not found
MT  3 20 for 90232 not found
Create input file for pfns for k= 45 and energy number 1 (out of 50)
MT3 for 90232 not found
MT  3 19 for 90232 not found
MT3 for 90232 not found
MT  3 20 for 90232 not found
Create input file for pfns for k= 46 and energy number 1 (out of 50)
MT3 for 90232 not found
MT  3 19 for 90232 not found
MT3 for 90232 not found
MT  3 20 for 90232 not found
Create input file for pfns for k= 47 and energy number 1 (out of 50)
MT3 for 90232 not found
MT  3 19 for 90232 not found
MT3 for 90232 not found
MT  3 20 for 90232 not found
Create input file for pfns for k= 48 and energy number 1 (out of 50)
MT3 for 90232 not found
MT  3 19 for 90232 not found
MT3 for 90232 not found
MT  3 20 for 90232 not found
Create input file for pfns for k= 49 and energy number 1 (out of 50)
MT3 for 90232 not found
MT  3 19 for 90232 not found
MT3 for 90232 not found
MT  3 20 for 90232 not found
Create input file for pfns for k= 50 and energy number 1 (out of 50)
MT3 for 90232 not found
MT  3 19 for 90232 not found
MT3 for 90232 not found
MT  3 20 for 90232 not found
Create input file for pfns for k= 51 and energy number 1 (out of 50)
MT3 for 90232 not found
MT  3 19 for 90232 not found
MT3 for 90232 not found
MT  3 20 for 90232 not found
Create input file for pfns for k= 52 and energy number 1 (out of 50)
MT3 for 90232 not found
MT  3 19 for 90232 not found
MT3 for 90232 not found
MT  3 20 for 90232 not found
Create input file for pfns for k= 53 and energy number 1 (out of 50)
MT3 for 90232 not found
MT  3 19 for 90232 not found
MT3 for 90232 not found
MT  3 20 for 90232 not found
Create input file for pfns for k= 54 and energy number 1 (out of 50)
MT3 for 90232 not found
MT  3 19 for 90232 not found
MT3 for 90232 not found
MT  3 20 for 90232 not found
Create input file for pfns for k= 55 and energy number 1 (out of 50)
MT3 for 90232 not found
MT  3 19 for 90232 not found
MT3 for 90232 not found
MT  3 20 for 90232 not found
Create input file for pfns for k= 56 and energy number 1 (out of 50)
MT3 for 90232 not found
MT  3 19 for 90232 not found
MT3 for 90232 not found
MT  3 20 for 90232 not found
Create input file for pfns for k= 57 and energy number 1 (out of 50)
MT3 for 90232 not found
MT  3 19 for 90232 not found
MT3 for 90232 not found
MT  3 20 for 90232 not found
Create input file for pfns for k= 58 and energy number 1 (out of 50)
MT3 for 90232 not found
MT  3 19 for 90232 not found
MT3 for 90232 not found
MT  3 20 for 90232 not found
Create input file for pfns for k= 59 and energy number 1 (out of 50)
MT3 for 90232 not found
MT  3 19 for 90232 not found
MT3 for 90232 not found
MT  3 20 for 90232 not found
Create input file for pfns for k= 60 and energy number 1 (out of 50)
MT3 for 90232 not found
MT  3 19 for 90232 not found
MT3 for 90232 not found
MT  3 20 for 90232 not found
Create input file for pfns for k= 61 and energy number 1 (out of 50)
MT3 for 90232 not found
MT  3 19 for 90232 not found
MT3 for 90232 not found
MT  3 20 for 90232 not found
Create input file for pfns for k= 62 and energy number 1 (out of 50)
MT3 for 90232 not found
MT  3 19 for 90232 not found
MT3 for 90232 not found
MT  3 20 for 90232 not found
Create input file for pfns for k= 63 and energy number 1 (out of 50)
MT3 for 90232 not found
MT  3 19 for 90232 not found
MT3 for 90232 not found
MT  3 20 for 90232 not found
Create input file for pfns for k= 64 and energy number 1 (out of 50)
MT3 for 90232 not found
MT  3 19 for 90232 not found
MT3 for 90232 not found
MT  3 20 for 90232 not found
Create input file for pfns for k= 65 and energy number 1 (out of 50)
MT3 for 90232 not found
MT  3 19 for 90232 not found
MT3 for 90232 not found
MT  3 20 for 90232 not found
Create input file for pfns for k= 66 and energy number 1 (out of 50)
MT3 for 90232 not found
MT  3 19 for 90232 not found
MT3 for 90232 not found
MT  3 20 for 90232 not found
Create input file for pfns for k= 67 and energy number 1 (out of 50)
MT3 for 90232 not found
MT  3 19 for 90232 not found
MT3 for 90232 not found
MT  3 20 for 90232 not found
Create input file for pfns for k= 68 and energy number 1 (out of 50)
MT3 for 90232 not found
MT  3 19 for 90232 not found
MT3 for 90232 not found
MT  3 20 for 90232 not found
Create input file for pfns for k= 69 and energy number 1 (out of 50)
MT3 for 90232 not found
MT  3 19 for 90232 not found
MT3 for 90232 not found
MT  3 20 for 90232 not found
Create input file for pfns for k= 70 and energy number 1 (out of 50)
MT3 for 90232 not found
MT  3 19 for 90232 not found
MT3 for 90232 not found
MT  3 20 for 90232 not found
Create input file for pfns for k= 71 and energy number 1 (out of 50)
MT3 for 90232 not found
MT  3 19 for 90232 not found
MT3 for 90232 not found
MT  3 20 for 90232 not found
Create input file for pfns for k= 72 and energy number 1 (out of 50)
MT3 for 90232 not found
MT  3 19 for 90232 not found
MT3 for 90232 not found
MT  3 20 for 90232 not found
Create input file for pfns for k= 73 and energy number 1 (out of 50)
MT3 for 90232 not found
MT  3 19 for 90232 not found
MT3 for 90232 not found
MT  3 20 for 90232 not found
Create input file for pfns for k= 74 and energy number 1 (out of 50)
MT3 for 90232 not found
MT  3 19 for 90232 not found
MT3 for 90232 not found
MT  3 20 for 90232 not found
Create input file for pfns for k= 75 and energy number 1 (out of 50)
MT3 for 90232 not found
MT  3 19 for 90232 not found
MT3 for 90232 not found
MT  3 20 for 90232 not found
Create input file for pfns for k= 76 and energy number 1 (out of 50)
MT3 for 90232 not found
MT  3 19 for 90232 not found
MT3 for 90232 not found
MT  3 20 for 90232 not found
Create input file for pfns for k= 77 and energy number 1 (out of 50)
MT3 for 90232 not found
MT  3 19 for 90232 not found
MT3 for 90232 not found
MT  3 20 for 90232 not found
Create input file for pfns for k= 78 and energy number 1 (out of 50)
MT3 for 90232 not found
MT  3 19 for 90232 not found
MT3 for 90232 not found
MT  3 20 for 90232 not found
Create input file for pfns for k= 79 and energy number 1 (out of 50)
MT3 for 90232 not found
MT  3 19 for 90232 not found
MT3 for 90232 not found
MT  3 20 for 90232 not found
Create input file for pfns for k= 80 and energy number 1 (out of 50)
MT3 for 90232 not found
MT  3 19 for 90232 not found
MT3 for 90232 not found
MT  3 20 for 90232 not found
Create input file for pfns for k= 81 and energy number 1 (out of 50)
MT3 for 90232 not found
MT  3 19 for 90232 not found
MT3 for 90232 not found
MT  3 20 for 90232 not found
Create input file for pfns for k= 82 and energy number 1 (out of 50)
MT3 for 90232 not found
MT  3 19 for 90232 not found
MT3 for 90232 not found
MT  3 20 for 90232 not found
Create input file for pfns for k= 83 and energy number 1 (out of 50)
MT3 for 90232 not found
MT  3 19 for 90232 not found
MT3 for 90232 not found
MT  3 20 for 90232 not found
Create input file for pfns for k= 84 and energy number 1 (out of 50)
MT3 for 90232 not found
MT  3 19 for 90232 not found
MT3 for 90232 not found
MT  3 20 for 90232 not found
Create input file for pfns for k= 85 and energy number 1 (out of 50)
MT3 for 90232 not found
MT  3 19 for 90232 not found
MT3 for 90232 not found
MT  3 20 for 90232 not found
Create input file for pfns for k= 86 and energy number 1 (out of 50)
MT3 for 90232 not found
MT  3 19 for 90232 not found
MT3 for 90232 not found
MT  3 20 for 90232 not found
Create input file for pfns for k= 87 and energy number 1 (out of 50)
MT3 for 90232 not found
MT  3 19 for 90232 not found
MT3 for 90232 not found
MT  3 20 for 90232 not found
Create input file for pfns for k= 88 and energy number 1 (out of 50)
MT3 for 90232 not found
MT  3 19 for 90232 not found
MT3 for 90232 not found
MT  3 20 for 90232 not found
Create input file for pfns for k= 89 and energy number 1 (out of 50)
MT3 for 90232 not found
MT  3 19 for 90232 not found
MT3 for 90232 not found
MT  3 20 for 90232 not found
Create input file for pfns for k= 90 and energy number 1 (out of 50)
MT3 for 90232 not found
MT  3 19 for 90232 not found
MT3 for 90232 not found
MT  3 20 for 90232 not found
Create input file for pfns for k= 91 and energy number 1 (out of 50)
MT3 for 90232 not found
MT  3 19 for 90232 not found
MT3 for 90232 not found
MT  3 20 for 90232 not found
Create input file for pfns for k= 92 and energy number 1 (out of 50)
MT3 for 90232 not found
MT  3 19 for 90232 not found
MT3 for 90232 not found
MT  3 20 for 90232 not found
Create input file for pfns for k= 93 and energy number 1 (out of 50)
MT3 for 90232 not found
MT  3 19 for 90232 not found
MT3 for 90232 not found
MT  3 20 for 90232 not found
Create input file for pfns for k= 94 and energy number 1 (out of 50)
MT3 for 90232 not found
MT  3 19 for 90232 not found
MT3 for 90232 not found
MT  3 20 for 90232 not found
Create input file for pfns for k= 95 and energy number 1 (out of 50)
MT3 for 90232 not found
MT  3 19 for 90232 not found
MT3 for 90232 not found
MT  3 20 for 90232 not found
Create input file for pfns for k= 96 and energy number 1 (out of 50)
MT3 for 90232 not found
MT  3 19 for 90232 not found
MT3 for 90232 not found
MT  3 20 for 90232 not found
Create input file for pfns for k= 97 and energy number 1 (out of 50)
MT3 for 90232 not found
MT  3 19 for 90232 not found
MT3 for 90232 not found
MT  3 20 for 90232 not found
Create input file for pfns for k= 98 and energy number 1 (out of 50)
MT3 for 90232 not found
MT  3 19 for 90232 not found
MT3 for 90232 not found
MT  3 20 for 90232 not found
Create input file for pfns for k= 99 and energy number 1 (out of 50)
MT3 for 90232 not found
MT  3 19 for 90232 not found
MT3 for 90232 not found
MT  3 20 for 90232 not found
Create input file for pfns for k= 100 and energy number 1 (out of 50)
MT3 for 90232 not found
MT  3 19 for 90232 not found
MT3 for 90232 not found
MT  3 20 for 90232 not found
Create input file for pfns for k= 0 and energy number 2 (out of 50)
MT3 for 90232 not found
MT  3 19 for 90232 not found
MT3 for 90232 not found
MT  3 20 for 90232 not found
Create input file for pfns for k= 1 and energy number 2 (out of 50)
MT3 for 90232 not found
MT  3 19 for 90232 not found
MT3 for 90232 not found
MT  3 20 for 90232 not found
Create input file for pfns for k= 2 and energy number 2 (out of 50)
MT3 for 90232 not found
MT  3 19 for 90232 not found
MT3 for 90232 not found
MT  3 20 for 90232 not found
Create input file for pfns for k= 3 and energy number 2 (out of 50)
MT3 for 90232 not found
MT  3 19 for 90232 not found
MT3 for 90232 not found
MT  3 20 for 90232 not found
Create input file for pfns for k= 4 and energy number 2 (out of 50)
MT3 for 90232 not found
MT  3 19 for 90232 not found
MT3 for 90232 not found
MT  3 20 for 90232 not found
Create input file for pfns for k= 5 and energy number 2 (out of 50)
MT3 for 90232 not found
MT  3 19 for 90232 not found
MT3 for 90232 not found
MT  3 20 for 90232 not found
Create input file for pfns for k= 6 and energy number 2 (out of 50)
MT3 for 90232 not found
MT  3 19 for 90232 not found
MT3 for 90232 not found
MT  3 20 for 90232 not found
Create input file for pfns for k= 7 and energy number 2 (out of 50)
MT3 for 90232 not found
MT  3 19 for 90232 not found
MT3 for 90232 not found
MT  3 20 for 90232 not found
Create input file for pfns for k= 8 and energy number 2 (out of 50)
MT3 for 90232 not found
MT  3 19 for 90232 not found
MT3 for 90232 not found
MT  3 20 for 90232 not found
Create input file for pfns for k= 9 and energy number 2 (out of 50)
MT3 for 90232 not found
MT  3 19 for 90232 not found
MT3 for 90232 not found
MT  3 20 for 90232 not found
Create input file for pfns for k= 10 and energy number 2 (out of 50)
MT3 for 90232 not found
MT  3 19 for 90232 not found
MT3 for 90232 not found
MT  3 20 for 90232 not found
Create input file for pfns for k= 11 and energy number 2 (out of 50)
MT3 for 90232 not found
MT  3 19 for 90232 not found
MT3 for 90232 not found
MT  3 20 for 90232 not found
Create input file for pfns for k= 12 and energy number 2 (out of 50)
MT3 for 90232 not found
MT  3 19 for 90232 not found
MT3 for 90232 not found
MT  3 20 for 90232 not found
Create input file for pfns for k= 13 and energy number 2 (out of 50)
MT3 for 90232 not found
MT  3 19 for 90232 not found
MT3 for 90232 not found
MT  3 20 for 90232 not found
Create input file for pfns for k= 14 and energy number 2 (out of 50)
MT3 for 90232 not found
MT  3 19 for 90232 not found
MT3 for 90232 not found
MT  3 20 for 90232 not found
Create input file for pfns for k= 15 and energy number 2 (out of 50)
MT3 for 90232 not found
MT  3 19 for 90232 not found
MT3 for 90232 not found
MT  3 20 for 90232 not found
Create input file for pfns for k= 16 and energy number 2 (out of 50)
MT3 for 90232 not found
MT  3 19 for 90232 not found
MT3 for 90232 not found
MT  3 20 for 90232 not found
Create input file for pfns for k= 17 and energy number 2 (out of 50)
MT3 for 90232 not found
MT  3 19 for 90232 not found
MT3 for 90232 not found
MT  3 20 for 90232 not found
Create input file for pfns for k= 18 and energy number 2 (out of 50)
MT3 for 90232 not found
MT  3 19 for 90232 not found
MT3 for 90232 not found
MT  3 20 for 90232 not found
Create input file for pfns for k= 19 and energy number 2 (out of 50)
MT3 for 90232 not found
MT  3 19 for 90232 not found
MT3 for 90232 not found
MT  3 20 for 90232 not found
Create input file for pfns for k= 20 and energy number 2 (out of 50)
MT3 for 90232 not found
MT  3 19 for 90232 not found
MT3 for 90232 not found
MT  3 20 for 90232 not found
Create input file for pfns for k= 21 and energy number 2 (out of 50)
MT3 for 90232 not found
MT  3 19 for 90232 not found
MT3 for 90232 not found
MT  3 20 for 90232 not found
Create input file for pfns for k= 22 and energy number 2 (out of 50)
MT3 for 90232 not found
MT  3 19 for 90232 not found
MT3 for 90232 not found
MT  3 20 for 90232 not found
Create input file for pfns for k= 23 and energy number 2 (out of 50)
MT3 for 90232 not found
MT  3 19 for 90232 not found
MT3 for 90232 not found
MT  3 20 for 90232 not found
Create input file for pfns for k= 24 and energy number 2 (out of 50)
MT3 for 90232 not found
MT  3 19 for 90232 not found
MT3 for 90232 not found
MT  3 20 for 90232 not found
Create input file for pfns for k= 25 and energy number 2 (out of 50)
MT3 for 90232 not found
MT  3 19 for 90232 not found
MT3 for 90232 not found
MT  3 20 for 90232 not found
Create input file for pfns for k= 26 and energy number 2 (out of 50)
MT3 for 90232 not found
MT  3 19 for 90232 not found
MT3 for 90232 not found
MT  3 20 for 90232 not found
Create input file for pfns for k= 27 and energy number 2 (out of 50)
MT3 for 90232 not found
MT  3 19 for 90232 not found
MT3 for 90232 not found
MT  3 20 for 90232 not found
Create input file for pfns for k= 28 and energy number 2 (out of 50)
MT3 for 90232 not found
MT  3 19 for 90232 not found
MT3 for 90232 not found
MT  3 20 for 90232 not found
Create input file for pfns for k= 29 and energy number 2 (out of 50)
MT3 for 90232 not found
MT  3 19 for 90232 not found
MT3 for 90232 not found
MT  3 20 for 90232 not found
Create input file for pfns for k= 30 and energy number 2 (out of 50)
MT3 for 90232 not found
MT  3 19 for 90232 not found
MT3 for 90232 not found
MT  3 20 for 90232 not found
Create input file for pfns for k= 31 and energy number 2 (out of 50)
MT3 for 90232 not found
MT  3 19 for 90232 not found
MT3 for 90232 not found
MT  3 20 for 90232 not found
Create input file for pfns for k= 32 and energy number 2 (out of 50)
MT3 for 90232 not found
MT  3 19 for 90232 not found
MT3 for 90232 not found
MT  3 20 for 90232 not found
Create input file for pfns for k= 33 and energy number 2 (out of 50)
MT3 for 90232 not found
MT  3 19 for 90232 not found
MT3 for 90232 not found
MT  3 20 for 90232 not found
Create input file for pfns for k= 34 and energy number 2 (out of 50)
MT3 for 90232 not found
MT  3 19 for 90232 not found
MT3 for 90232 not found
MT  3 20 for 90232 not found
Create input file for pfns for k= 35 and energy number 2 (out of 50)
MT3 for 90232 not found
MT  3 19 for 90232 not found
MT3 for 90232 not found
MT  3 20 for 90232 not found
Create input file for pfns for k= 36 and energy number 2 (out of 50)
MT3 for 90232 not found
MT  3 19 for 90232 not found
MT3 for 90232 not found
MT  3 20 for 90232 not found
Create input file for pfns for k= 37 and energy number 2 (out of 50)
MT3 for 90232 not found
MT  3 19 for 90232 not found
MT3 for 90232 not found
MT  3 20 for 90232 not found
Create input file for pfns for k= 38 and energy number 2 (out of 50)
MT3 for 90232 not found
MT  3 19 for 90232 not found
MT3 for 90232 not found
MT  3 20 for 90232 not found
Create input file for pfns for k= 39 and energy number 2 (out of 50)
MT3 for 90232 not found
MT  3 19 for 90232 not found
MT3 for 90232 not found
MT  3 20 for 90232 not found
Create input file for pfns for k= 40 and energy number 2 (out of 50)
MT3 for 90232 not found
MT  3 19 for 90232 not found
MT3 for 90232 not found
MT  3 20 for 90232 not found
Create input file for pfns for k= 41 and energy number 2 (out of 50)
MT3 for 90232 not found
MT  3 19 for 90232 not found
MT3 for 90232 not found
MT  3 20 for 90232 not found
Create input file for pfns for k= 42 and energy number 2 (out of 50)
MT3 for 90232 not found
MT  3 19 for 90232 not found
MT3 for 90232 not found
MT  3 20 for 90232 not found
Create input file for pfns for k= 43 and energy number 2 (out of 50)
MT3 for 90232 not found
MT  3 19 for 90232 not found
MT3 for 90232 not found
MT  3 20 for 90232 not found
Create input file for pfns for k= 44 and energy number 2 (out of 50)
MT3 for 90232 not found
MT  3 19 for 90232 not found
MT3 for 90232 not found
MT  3 20 for 90232 not found
Create input file for pfns for k= 45 and energy number 2 (out of 50)
MT3 for 90232 not found
MT  3 19 for 90232 not found
MT3 for 90232 not found
MT  3 20 for 90232 not found
Create input file for pfns for k= 46 and energy number 2 (out of 50)
MT3 for 90232 not found
MT  3 19 for 90232 not found
MT3 for 90232 not found
MT  3 20 for 90232 not found
Create input file for pfns for k= 47 and energy number 2 (out of 50)
MT3 for 90232 not found
MT  3 19 for 90232 not found
MT3 for 90232 not found
MT  3 20 for 90232 not found
Create input file for pfns for k= 48 and energy number 2 (out of 50)
MT3 for 90232 not found
MT  3 19 for 90232 not found
MT3 for 90232 not found
MT  3 20 for 90232 not found
Create input file for pfns for k= 49 and energy number 2 (out of 50)
MT3 for 90232 not found
MT  3 19 for 90232 not found
MT3 for 90232 not found
MT  3 20 for 90232 not found
Create input file for pfns for k= 50 and energy number 2 (out of 50)
MT3 for 90232 not found
MT  3 19 for 90232 not found
MT3 for 90232 not found
MT  3 20 for 90232 not found
Create input file for pfns for k= 51 and energy number 2 (out of 50)
MT3 for 90232 not found
MT  3 19 for 90232 not found
MT3 for 90232 not found
MT  3 20 for 90232 not found
Create input file for pfns for k= 52 and energy number 2 (out of 50)
MT3 for 90232 not found
MT  3 19 for 90232 not found
MT3 for 90232 not found
MT  3 20 for 90232 not found
Create input file for pfns for k= 53 and energy number 2 (out of 50)
MT3 for 90232 not found
MT  3 19 for 90232 not found
MT3 for 90232 not found
MT  3 20 for 90232 not found
Create input file for pfns for k= 54 and energy number 2 (out of 50)
MT3 for 90232 not found
MT  3 19 for 90232 not found
MT3 for 90232 not found
MT  3 20 for 90232 not found
Create input file for pfns for k= 55 and energy number 2 (out of 50)
MT3 for 90232 not found
MT  3 19 for 90232 not found
MT3 for 90232 not found
MT  3 20 for 90232 not found
Create input file for pfns for k= 56 and energy number 2 (out of 50)
MT3 for 90232 not found
MT  3 19 for 90232 not found
MT3 for 90232 not found
MT  3 20 for 90232 not found
Create input file for pfns for k= 57 and energy number 2 (out of 50)
MT3 for 90232 not found
MT  3 19 for 90232 not found
MT3 for 90232 not found
MT  3 20 for 90232 not found
Create input file for pfns for k= 58 and energy number 2 (out of 50)
MT3 for 90232 not found
MT  3 19 for 90232 not found
MT3 for 90232 not found
MT  3 20 for 90232 not found
Create input file for pfns for k= 59 and energy number 2 (out of 50)
MT3 for 90232 not found
MT  3 19 for 90232 not found
MT3 for 90232 not found
MT  3 20 for 90232 not found
Create input file for pfns for k= 60 and energy number 2 (out of 50)
MT3 for 90232 not found
MT  3 19 for 90232 not found
MT3 for 90232 not found
MT  3 20 for 90232 not found
Create input file for pfns for k= 61 and energy number 2 (out of 50)
MT3 for 90232 not found
MT  3 19 for 90232 not found
MT3 for 90232 not found
MT  3 20 for 90232 not found
Create input file for pfns for k= 62 and energy number 2 (out of 50)
MT3 for 90232 not found
MT  3 19 for 90232 not found
MT3 for 90232 not found
MT  3 20 for 90232 not found
Create input file for pfns for k= 63 and energy number 2 (out of 50)
MT3 for 90232 not found
MT  3 19 for 90232 not found
MT3 for 90232 not found
MT  3 20 for 90232 not found
Create input file for pfns for k= 64 and energy number 2 (out of 50)
MT3 for 90232 not found
MT  3 19 for 90232 not found
MT3 for 90232 not found
MT  3 20 for 90232 not found
Create input file for pfns for k= 65 and energy number 2 (out of 50)
MT3 for 90232 not found
MT  3 19 for 90232 not found
MT3 for 90232 not found
MT  3 20 for 90232 not found
Create input file for pfns for k= 66 and energy number 2 (out of 50)
MT3 for 90232 not found
MT  3 19 for 90232 not found
MT3 for 90232 not found
MT  3 20 for 90232 not found
Create input file for pfns for k= 67 and energy number 2 (out of 50)
MT3 for 90232 not found
MT  3 19 for 90232 not found
MT3 for 90232 not found
MT  3 20 for 90232 not found
Create input file for pfns for k= 68 and energy number 2 (out of 50)
MT3 for 90232 not found
MT  3 19 for 90232 not found
MT3 for 90232 not found
MT  3 20 for 90232 not found
Create input file for pfns for k= 69 and energy number 2 (out of 50)
MT3 for 90232 not found
MT  3 19 for 90232 not found
MT3 for 90232 not found
MT  3 20 for 90232 not found
Create input file for pfns for k= 70 and energy number 2 (out of 50)
MT3 for 90232 not found
MT  3 19 for 90232 not found
MT3 for 90232 not found
MT  3 20 for 90232 not found
Create input file for pfns for k= 71 and energy number 2 (out of 50)
MT3 for 90232 not found
MT  3 19 for 90232 not found
MT3 for 90232 not found
MT  3 20 for 90232 not found
Create input file for pfns for k= 72 and energy number 2 (out of 50)
MT3 for 90232 not found
MT  3 19 for 90232 not found
MT3 for 90232 not found
MT  3 20 for 90232 not found
Create input file for pfns for k= 73 and energy number 2 (out of 50)
MT3 for 90232 not found
MT  3 19 for 90232 not found
MT3 for 90232 not found
MT  3 20 for 90232 not found
Create input file for pfns for k= 74 and energy number 2 (out of 50)
MT3 for 90232 not found
MT  3 19 for 90232 not found
MT3 for 90232 not found
MT  3 20 for 90232 not found
Create input file for pfns for k= 75 and energy number 2 (out of 50)
MT3 for 90232 not found
MT  3 19 for 90232 not found
MT3 for 90232 not found
MT  3 20 for 90232 not found
Create input file for pfns for k= 76 and energy number 2 (out of 50)
MT3 for 90232 not found
MT  3 19 for 90232 not found
MT3 for 90232 not found
MT  3 20 for 90232 not found
Create input file for pfns for k= 77 and energy number 2 (out of 50)
MT3 for 90232 not found
MT  3 19 for 90232 not found
MT3 for 90232 not found
MT  3 20 for 90232 not found
Create input file for pfns for k= 78 and energy number 2 (out of 50)
MT3 for 90232 not found
MT  3 19 for 90232 not found
MT3 for 90232 not found
MT  3 20 for 90232 not found
Create input file for pfns for k= 79 and energy number 2 (out of 50)
MT3 for 90232 not found
MT  3 19 for 90232 not found
MT3 for 90232 not found
MT  3 20 for 90232 not found
Create input file for pfns for k= 80 and energy number 2 (out of 50)
MT3 for 90232 not found
MT  3 19 for 90232 not found
MT3 for 90232 not found
MT  3 20 for 90232 not found
Create input file for pfns for k= 81 and energy number 2 (out of 50)
MT3 for 90232 not found
MT  3 19 for 90232 not found
MT3 for 90232 not found
MT  3 20 for 90232 not found
Create input file for pfns for k= 82 and energy number 2 (out of 50)
MT3 for 90232 not found
MT  3 19 for 90232 not found
MT3 for 90232 not found
MT  3 20 for 90232 not found
Create input file for pfns for k= 83 and energy number 2 (out of 50)
MT3 for 90232 not found
MT  3 19 for 90232 not found
MT3 for 90232 not found
MT  3 20 for 90232 not found
Create input file for pfns for k= 84 and energy number 2 (out of 50)
MT3 for 90232 not found
MT  3 19 for 90232 not found
MT3 for 90232 not found
MT  3 20 for 90232 not found
Create input file for pfns for k= 85 and energy number 2 (out of 50)
MT3 for 90232 not found
MT  3 19 for 90232 not found
MT3 for 90232 not found
MT  3 20 for 90232 not found
Create input file for pfns for k= 86 and energy number 2 (out of 50)
MT3 for 90232 not found
MT  3 19 for 90232 not found
MT3 for 90232 not found
MT  3 20 for 90232 not found
Create input file for pfns for k= 87 and energy number 2 (out of 50)
MT3 for 90232 not found
MT  3 19 for 90232 not found
MT3 for 90232 not found
MT  3 20 for 90232 not found
Create input file for pfns for k= 88 and energy number 2 (out of 50)
MT3 for 90232 not found
MT  3 19 for 90232 not found
MT3 for 90232 not found
MT  3 20 for 90232 not found
Create input file for pfns for k= 89 and energy number 2 (out of 50)
MT3 for 90232 not found
MT  3 19 for 90232 not found
MT3 for 90232 not found
MT  3 20 for 90232 not found
Create input file for pfns for k= 90 and energy number 2 (out of 50)
MT3 for 90232 not found
MT  3 19 for 90232 not found
MT3 for 90232 not found
MT  3 20 for 90232 not found
Create input file for pfns for k= 91 and energy number 2 (out of 50)
MT3 for 90232 not found
MT  3 19 for 90232 not found
MT3 for 90232 not found
MT  3 20 for 90232 not found
Create input file for pfns for k= 92 and energy number 2 (out of 50)
MT3 for 90232 not found
MT  3 19 for 90232 not found
MT3 for 90232 not found
MT  3 20 for 90232 not found
Create input file for pfns for k= 93 and energy number 2 (out of 50)
MT3 for 90232 not found
MT  3 19 for 90232 not found
MT3 for 90232 not found
MT  3 20 for 90232 not found
Create input file for pfns for k= 94 and energy number 2 (out of 50)
MT3 for 90232 not found
MT  3 19 for 90232 not found
MT3 for 90232 not found
MT  3 20 for 90232 not found
Create input file for pfns for k= 95 and energy number 2 (out of 50)
MT3 for 90232 not found
MT  3 19 for 90232 not found
MT3 for 90232 not found
MT  3 20 for 90232 not found
Create input file for pfns for k= 96 and energy number 2 (out of 50)
MT3 for 90232 not found
MT  3 19 for 90232 not found
MT3 for 90232 not found
MT  3 20 for 90232 not found
Create input file for pfns for k= 97 and energy number 2 (out of 50)
MT3 for 90232 not found
MT  3 19 for 90232 not found
MT3 for 90232 not found
MT  3 20 for 90232 not found
Create input file for pfns for k= 98 and energy number 2 (out of 50)
MT3 for 90232 not found
MT  3 19 for 90232 not found
MT3 for 90232 not found
MT  3 20 for 90232 not found
Create input file for pfns for k= 99 and energy number 2 (out of 50)
MT3 for 90232 not found
MT  3 19 for 90232 not found
MT3 for 90232 not found
MT  3 20 for 90232 not found
Create input file for pfns for k= 100 and energy number 2 (out of 50)
MT3 for 90232 not found
MT  3 19 for 90232 not found
MT3 for 90232 not found
MT  3 20 for 90232 not found
Create input file for pfns for k= 0 and energy number 3 (out of 50)
MT3 for 90232 not found
MT  3 19 for 90232 not found
MT3 for 90232 not found
MT  3 20 for 90232 not found
Create input file for pfns for k= 1 and energy number 3 (out of 50)
MT3 for 90232 not found
MT  3 19 for 90232 not found
MT3 for 90232 not found
MT  3 20 for 90232 not found
Create input file for pfns for k= 2 and energy number 3 (out of 50)
MT3 for 90232 not found
MT  3 19 for 90232 not found
MT3 for 90232 not found
MT  3 20 for 90232 not found
Create input file for pfns for k= 3 and energy number 3 (out of 50)
MT3 for 90232 not found
MT  3 19 for 90232 not found
MT3 for 90232 not found
MT  3 20 for 90232 not found
Create input file for pfns for k= 4 and energy number 3 (out of 50)
MT3 for 90232 not found
MT  3 19 for 90232 not found
MT3 for 90232 not found
MT  3 20 for 90232 not found
Create input file for pfns for k= 5 and energy number 3 (out of 50)
MT3 for 90232 not found
MT  3 19 for 90232 not found
MT3 for 90232 not found
MT  3 20 for 90232 not found
Create input file for pfns for k= 6 and energy number 3 (out of 50)
MT3 for 90232 not found
MT  3 19 for 90232 not found
MT3 for 90232 not found
MT  3 20 for 90232 not found
Create input file for pfns for k= 7 and energy number 3 (out of 50)
MT3 for 90232 not found
MT  3 19 for 90232 not found
MT3 for 90232 not found
MT  3 20 for 90232 not found
Create input file for pfns for k= 8 and energy number 3 (out of 50)
MT3 for 90232 not found
MT  3 19 for 90232 not found
MT3 for 90232 not found
MT  3 20 for 90232 not found
Create input file for pfns for k= 9 and energy number 3 (out of 50)
MT3 for 90232 not found
MT  3 19 for 90232 not found
MT3 for 90232 not found
MT  3 20 for 90232 not found
Create input file for pfns for k= 10 and energy number 3 (out of 50)
MT3 for 90232 not found
MT  3 19 for 90232 not found
MT3 for 90232 not found
MT  3 20 for 90232 not found
Create input file for pfns for k= 11 and energy number 3 (out of 50)
MT3 for 90232 not found
MT  3 19 for 90232 not found
MT3 for 90232 not found
MT  3 20 for 90232 not found
Create input file for pfns for k= 12 and energy number 3 (out of 50)
MT3 for 90232 not found
MT  3 19 for 90232 not found
MT3 for 90232 not found
MT  3 20 for 90232 not found
Create input file for pfns for k= 13 and energy number 3 (out of 50)
MT3 for 90232 not found
MT  3 19 for 90232 not found
MT3 for 90232 not found
MT  3 20 for 90232 not found
Create input file for pfns for k= 14 and energy number 3 (out of 50)
MT3 for 90232 not found
MT  3 19 for 90232 not found
MT3 for 90232 not found
MT  3 20 for 90232 not found
Create input file for pfns for k= 15 and energy number 3 (out of 50)
MT3 for 90232 not found
MT  3 19 for 90232 not found
MT3 for 90232 not found
MT  3 20 for 90232 not found
Create input file for pfns for k= 16 and energy number 3 (out of 50)
MT3 for 90232 not found
MT  3 19 for 90232 not found
MT3 for 90232 not found
MT  3 20 for 90232 not found
Create input file for pfns for k= 17 and energy number 3 (out of 50)
MT3 for 90232 not found
MT  3 19 for 90232 not found
MT3 for 90232 not found
MT  3 20 for 90232 not found
Create input file for pfns for k= 18 and energy number 3 (out of 50)
MT3 for 90232 not found
MT  3 19 for 90232 not found
MT3 for 90232 not found
MT  3 20 for 90232 not found
Create input file for pfns for k= 19 and energy number 3 (out of 50)
MT3 for 90232 not found
MT  3 19 for 90232 not found
MT3 for 90232 not found
MT  3 20 for 90232 not found
Create input file for pfns for k= 20 and energy number 3 (out of 50)
MT3 for 90232 not found
MT  3 19 for 90232 not found
MT3 for 90232 not found
MT  3 20 for 90232 not found
Create input file for pfns for k= 21 and energy number 3 (out of 50)
MT3 for 90232 not found
MT  3 19 for 90232 not found
MT3 for 90232 not found
MT  3 20 for 90232 not found
Create input file for pfns for k= 22 and energy number 3 (out of 50)
MT3 for 90232 not found
MT  3 19 for 90232 not found
MT3 for 90232 not found
MT  3 20 for 90232 not found
Create input file for pfns for k= 23 and energy number 3 (out of 50)
MT3 for 90232 not found
MT  3 19 for 90232 not found
MT3 for 90232 not found
MT  3 20 for 90232 not found
Create input file for pfns for k= 24 and energy number 3 (out of 50)
MT3 for 90232 not found
MT  3 19 for 90232 not found
MT3 for 90232 not found
MT  3 20 for 90232 not found
Create input file for pfns for k= 25 and energy number 3 (out of 50)
MT3 for 90232 not found
MT  3 19 for 90232 not found
MT3 for 90232 not found
MT  3 20 for 90232 not found
Create input file for pfns for k= 26 and energy number 3 (out of 50)
MT3 for 90232 not found
MT  3 19 for 90232 not found
MT3 for 90232 not found
MT  3 20 for 90232 not found
Create input file for pfns for k= 27 and energy number 3 (out of 50)
MT3 for 90232 not found
MT  3 19 for 90232 not found
MT3 for 90232 not found
MT  3 20 for 90232 not found
Create input file for pfns for k= 28 and energy number 3 (out of 50)
MT3 for 90232 not found
MT  3 19 for 90232 not found
MT3 for 90232 not found
MT  3 20 for 90232 not found
Create input file for pfns for k= 29 and energy number 3 (out of 50)
MT3 for 90232 not found
MT  3 19 for 90232 not found
MT3 for 90232 not found
MT  3 20 for 90232 not found
Create input file for pfns for k= 30 and energy number 3 (out of 50)
MT3 for 90232 not found
MT  3 19 for 90232 not found
MT3 for 90232 not found
MT  3 20 for 90232 not found
Create input file for pfns for k= 31 and energy number 3 (out of 50)
MT3 for 90232 not found
MT  3 19 for 90232 not found
MT3 for 90232 not found
MT  3 20 for 90232 not found
Create input file for pfns for k= 32 and energy number 3 (out of 50)
MT3 for 90232 not found
MT  3 19 for 90232 not found
MT3 for 90232 not found
MT  3 20 for 90232 not found
Create input file for pfns for k= 33 and energy number 3 (out of 50)
MT3 for 90232 not found
MT  3 19 for 90232 not found
MT3 for 90232 not found
MT  3 20 for 90232 not found
Create input file for pfns for k= 34 and energy number 3 (out of 50)
MT3 for 90232 not found
MT  3 19 for 90232 not found
MT3 for 90232 not found
MT  3 20 for 90232 not found
Create input file for pfns for k= 35 and energy number 3 (out of 50)
MT3 for 90232 not found
MT  3 19 for 90232 not found
MT3 for 90232 not found
MT  3 20 for 90232 not found
Create input file for pfns for k= 36 and energy number 3 (out of 50)
MT3 for 90232 not found
MT  3 19 for 90232 not found
MT3 for 90232 not found
MT  3 20 for 90232 not found
Create input file for pfns for k= 37 and energy number 3 (out of 50)
MT3 for 90232 not found
MT  3 19 for 90232 not found
MT3 for 90232 not found
MT  3 20 for 90232 not found
Create input file for pfns for k= 38 and energy number 3 (out of 50)
MT3 for 90232 not found
MT  3 19 for 90232 not found
MT3 for 90232 not found
MT  3 20 for 90232 not found
Create input file for pfns for k= 39 and energy number 3 (out of 50)
MT3 for 90232 not found
MT  3 19 for 90232 not found
MT3 for 90232 not found
MT  3 20 for 90232 not found
Create input file for pfns for k= 40 and energy number 3 (out of 50)
MT3 for 90232 not found
MT  3 19 for 90232 not found
MT3 for 90232 not found
MT  3 20 for 90232 not found
Create input file for pfns for k= 41 and energy number 3 (out of 50)
MT3 for 90232 not found
MT  3 19 for 90232 not found
MT3 for 90232 not found
MT  3 20 for 90232 not found
Create input file for pfns for k= 42 and energy number 3 (out of 50)
MT3 for 90232 not found
MT  3 19 for 90232 not found
MT3 for 90232 not found
MT  3 20 for 90232 not found
Create input file for pfns for k= 43 and energy number 3 (out of 50)
MT3 for 90232 not found
MT  3 19 for 90232 not found
MT3 for 90232 not found
MT  3 20 for 90232 not found
Create input file for pfns for k= 44 and energy number 3 (out of 50)
MT3 for 90232 not found
MT  3 19 for 90232 not found
MT3 for 90232 not found
MT  3 20 for 90232 not found
Create input file for pfns for k= 45 and energy number 3 (out of 50)
MT3 for 90232 not found
MT  3 19 for 90232 not found
MT3 for 90232 not found
MT  3 20 for 90232 not found
Create input file for pfns for k= 46 and energy number 3 (out of 50)
MT3 for 90232 not found
MT  3 19 for 90232 not found
MT3 for 90232 not found
MT  3 20 for 90232 not found
Create input file for pfns for k= 47 and energy number 3 (out of 50)
MT3 for 90232 not found
MT  3 19 for 90232 not found
MT3 for 90232 not found
MT  3 20 for 90232 not found
Create input file for pfns for k= 48 and energy number 3 (out of 50)
MT3 for 90232 not found
MT  3 19 for 90232 not found
MT3 for 90232 not found
MT  3 20 for 90232 not found
Create input file for pfns for k= 49 and energy number 3 (out of 50)
MT3 for 90232 not found
MT  3 19 for 90232 not found
MT3 for 90232 not found
MT  3 20 for 90232 not found
Create input file for pfns for k= 50 and energy number 3 (out of 50)
MT3 for 90232 not found
MT  3 19 for 90232 not found
MT3 for 90232 not found
MT  3 20 for 90232 not found
Create input file for pfns for k= 51 and energy number 3 (out of 50)
MT3 for 90232 not found
MT  3 19 for 90232 not found
MT3 for 90232 not found
MT  3 20 for 90232 not found
Create input file for pfns for k= 52 and energy number 3 (out of 50)
MT3 for 90232 not found
MT  3 19 for 90232 not found
MT3 for 90232 not found
MT  3 20 for 90232 not found
Create input file for pfns for k= 53 and energy number 3 (out of 50)
MT3 for 90232 not found
MT  3 19 for 90232 not found
MT3 for 90232 not found
MT  3 20 for 90232 not found
Create input file for pfns for k= 54 and energy number 3 (out of 50)
MT3 for 90232 not found
MT  3 19 for 90232 not found
MT3 for 90232 not found
MT  3 20 for 90232 not found
Create input file for pfns for k= 55 and energy number 3 (out of 50)
MT3 for 90232 not found
MT  3 19 for 90232 not found
MT3 for 90232 not found
MT  3 20 for 90232 not found
Create input file for pfns for k= 56 and energy number 3 (out of 50)
MT3 for 90232 not found
MT  3 19 for 90232 not found
MT3 for 90232 not found
MT  3 20 for 90232 not found
Create input file for pfns for k= 57 and energy number 3 (out of 50)
MT3 for 90232 not found
MT  3 19 for 90232 not found
MT3 for 90232 not found
MT  3 20 for 90232 not found
Create input file for pfns for k= 58 and energy number 3 (out of 50)
MT3 for 90232 not found
MT  3 19 for 90232 not found
MT3 for 90232 not found
MT  3 20 for 90232 not found
Create input file for pfns for k= 59 and energy number 3 (out of 50)
MT3 for 90232 not found
MT  3 19 for 90232 not found
MT3 for 90232 not found
MT  3 20 for 90232 not found
Create input file for pfns for k= 60 and energy number 3 (out of 50)
MT3 for 90232 not found
MT  3 19 for 90232 not found
MT3 for 90232 not found
MT  3 20 for 90232 not found
Create input file for pfns for k= 61 and energy number 3 (out of 50)
MT3 for 90232 not found
MT  3 19 for 90232 not found
MT3 for 90232 not found
MT  3 20 for 90232 not found
Create input file for pfns for k= 62 and energy number 3 (out of 50)
MT3 for 90232 not found
MT  3 19 for 90232 not found
MT3 for 90232 not found
MT  3 20 for 90232 not found
Create input file for pfns for k= 63 and energy number 3 (out of 50)
MT3 for 90232 not found
MT  3 19 for 90232 not found
MT3 for 90232 not found
MT  3 20 for 90232 not found
Create input file for pfns for k= 64 and energy number 3 (out of 50)
MT3 for 90232 not found
MT  3 19 for 90232 not found
MT3 for 90232 not found
MT  3 20 for 90232 not found
Create input file for pfns for k= 65 and energy number 3 (out of 50)
MT3 for 90232 not found
MT  3 19 for 90232 not found
MT3 for 90232 not found
MT  3 20 for 90232 not found
Create input file for pfns for k= 66 and energy number 3 (out of 50)
MT3 for 90232 not found
MT  3 19 for 90232 not found
MT3 for 90232 not found
MT  3 20 for 90232 not found
Create input file for pfns for k= 67 and energy number 3 (out of 50)
MT3 for 90232 not found
MT  3 19 for 90232 not found
MT3 for 90232 not found
MT  3 20 for 90232 not found
Create input file for pfns for k= 68 and energy number 3 (out of 50)
MT3 for 90232 not found
MT  3 19 for 90232 not found
MT3 for 90232 not found
MT  3 20 for 90232 not found
Create input file for pfns for k= 69 and energy number 3 (out of 50)
MT3 for 90232 not found
MT  3 19 for 90232 not found
MT3 for 90232 not found
MT  3 20 for 90232 not found
Create input file for pfns for k= 70 and energy number 3 (out of 50)
MT3 for 90232 not found
MT  3 19 for 90232 not found
MT3 for 90232 not found
MT  3 20 for 90232 not found
Create input file for pfns for k= 71 and energy number 3 (out of 50)
MT3 for 90232 not found
MT  3 19 for 90232 not found
MT3 for 90232 not found
MT  3 20 for 90232 not found
Create input file for pfns for k= 72 and energy number 3 (out of 50)
MT3 for 90232 not found
MT  3 19 for 90232 not found
MT3 for 90232 not found
MT  3 20 for 90232 not found
Create input file for pfns for k= 73 and energy number 3 (out of 50)
MT3 for 90232 not found
MT  3 19 for 90232 not found
MT3 for 90232 not found
MT  3 20 for 90232 not found
Create input file for pfns for k= 74 and energy number 3 (out of 50)
MT3 for 90232 not found
MT  3 19 for 90232 not found
MT3 for 90232 not found
MT  3 20 for 90232 not found
Create input file for pfns for k= 75 and energy number 3 (out of 50)
MT3 for 90232 not found
MT  3 19 for 90232 not found
MT3 for 90232 not found
MT  3 20 for 90232 not found
Create input file for pfns for k= 76 and energy number 3 (out of 50)
MT3 for 90232 not found
MT  3 19 for 90232 not found
MT3 for 90232 not found
MT  3 20 for 90232 not found
Create input file for pfns for k= 77 and energy number 3 (out of 50)
MT3 for 90232 not found
MT  3 19 for 90232 not found
MT3 for 90232 not found
MT  3 20 for 90232 not found
Create input file for pfns for k= 78 and energy number 3 (out of 50)
MT3 for 90232 not found
MT  3 19 for 90232 not found
MT3 for 90232 not found
MT  3 20 for 90232 not found
Create input file for pfns for k= 79 and energy number 3 (out of 50)
MT3 for 90232 not found
MT  3 19 for 90232 not found
MT3 for 90232 not found
MT  3 20 for 90232 not found
Create input file for pfns for k= 80 and energy number 3 (out of 50)
MT3 for 90232 not found
MT  3 19 for 90232 not found
MT3 for 90232 not found
MT  3 20 for 90232 not found
Create input file for pfns for k= 81 and energy number 3 (out of 50)
MT3 for 90232 not found
MT  3 19 for 90232 not found
MT3 for 90232 not found
MT  3 20 for 90232 not found
Create input file for pfns for k= 82 and energy number 3 (out of 50)
MT3 for 90232 not found
MT  3 19 for 90232 not found
MT3 for 90232 not found
MT  3 20 for 90232 not found
Create input file for pfns for k= 83 and energy number 3 (out of 50)
MT3 for 90232 not found
MT  3 19 for 90232 not found
MT3 for 90232 not found
MT  3 20 for 90232 not found
Create input file for pfns for k= 84 and energy number 3 (out of 50)
MT3 for 90232 not found
MT  3 19 for 90232 not found
MT3 for 90232 not found
MT  3 20 for 90232 not found
Create input file for pfns for k= 85 and energy number 3 (out of 50)
MT3 for 90232 not found
MT  3 19 for 90232 not found
MT3 for 90232 not found
MT  3 20 for 90232 not found
Create input file for pfns for k= 86 and energy number 3 (out of 50)
MT3 for 90232 not found
MT  3 19 for 90232 not found
MT3 for 90232 not found
MT  3 20 for 90232 not found
Create input file for pfns for k= 87 and energy number 3 (out of 50)
MT3 for 90232 not found
MT  3 19 for 90232 not found
MT3 for 90232 not found
MT  3 20 for 90232 not found
Create input file for pfns for k= 88 and energy number 3 (out of 50)
MT3 for 90232 not found
MT  3 19 for 90232 not found
MT3 for 90232 not found
MT  3 20 for 90232 not found
Create input file for pfns for k= 89 and energy number 3 (out of 50)
MT3 for 90232 not found
MT  3 19 for 90232 not found
MT3 for 90232 not found
MT  3 20 for 90232 not found
Create input file for pfns for k= 90 and energy number 3 (out of 50)
MT3 for 90232 not found
MT  3 19 for 90232 not found
MT3 for 90232 not found
MT  3 20 for 90232 not found
Create input file for pfns for k= 91 and energy number 3 (out of 50)
MT3 for 90232 not found
MT  3 19 for 90232 not found
MT3 for 90232 not found
MT  3 20 for 90232 not found
Create input file for pfns for k= 92 and energy number 3 (out of 50)
MT3 for 90232 not found
MT  3 19 for 90232 not found
MT3 for 90232 not found
MT  3 20 for 90232 not found
Create input file for pfns for k= 93 and energy number 3 (out of 50)
MT3 for 90232 not found
MT  3 19 for 90232 not found
MT3 for 90232 not found
MT  3 20 for 90232 not found
Create input file for pfns for k= 94 and energy number 3 (out of 50)
MT3 for 90232 not found
MT  3 19 for 90232 not found
MT3 for 90232 not found
MT  3 20 for 90232 not found
Create input file for pfns for k= 95 and energy number 3 (out of 50)
MT3 for 90232 not found
MT  3 19 for 90232 not found
MT3 for 90232 not found
MT  3 20 for 90232 not found
Create input file for pfns for k= 96 and energy number 3 (out of 50)
MT3 for 90232 not found
MT  3 19 for 90232 not found
MT3 for 90232 not found
MT  3 20 for 90232 not found
Create input file for pfns for k= 97 and energy number 3 (out of 50)
MT3 for 90232 not found
MT  3 19 for 90232 not found
MT3 for 90232 not found
MT  3 20 for 90232 not found
Create input file for pfns for k= 98 and energy number 3 (out of 50)
MT3 for 90232 not found
MT  3 19 for 90232 not found
MT3 for 90232 not found
MT  3 20 for 90232 not found
Create input file for pfns for k= 99 and energy number 3 (out of 50)
MT3 for 90232 not found
MT  3 19 for 90232 not found
MT3 for 90232 not found
MT  3 20 for 90232 not found
Create input file for pfns for k= 100 and energy number 3 (out of 50)
MT3 for 90232 not found
MT  3 19 for 90232 not found
MT3 for 90232 not found
MT  3 20 for 90232 not found
Create input file for pfns for k= 0 and energy number 4 (out of 50)
MT3 for 90232 not found
MT  3 19 for 90232 not found
MT3 for 90232 not found
MT  3 20 for 90232 not found
Create input file for pfns for k= 1 and energy number 4 (out of 50)
MT3 for 90232 not found
MT  3 19 for 90232 not found
MT3 for 90232 not found
MT  3 20 for 90232 not found
Create input file for pfns for k= 2 and energy number 4 (out of 50)
MT3 for 90232 not found
MT  3 19 for 90232 not found
MT3 for 90232 not found
MT  3 20 for 90232 not found
Create input file for pfns for k= 3 and energy number 4 (out of 50)
MT3 for 90232 not found
MT  3 19 for 90232 not found
MT3 for 90232 not found
MT  3 20 for 90232 not found
Create input file for pfns for k= 4 and energy number 4 (out of 50)
MT3 for 90232 not found
MT  3 19 for 90232 not found
MT3 for 90232 not found
MT  3 20 for 90232 not found
Create input file for pfns for k= 5 and energy number 4 (out of 50)
MT3 for 90232 not found
MT  3 19 for 90232 not found
MT3 for 90232 not found
MT  3 20 for 90232 not found
Create input file for pfns for k= 6 and energy number 4 (out of 50)
MT3 for 90232 not found
MT  3 19 for 90232 not found
MT3 for 90232 not found
MT  3 20 for 90232 not found
Create input file for pfns for k= 7 and energy number 4 (out of 50)
MT3 for 90232 not found
MT  3 19 for 90232 not found
MT3 for 90232 not found
MT  3 20 for 90232 not found
Create input file for pfns for k= 8 and energy number 4 (out of 50)
MT3 for 90232 not found
MT  3 19 for 90232 not found
MT3 for 90232 not found
MT  3 20 for 90232 not found
Create input file for pfns for k= 9 and energy number 4 (out of 50)
MT3 for 90232 not found
MT  3 19 for 90232 not found
MT3 for 90232 not found
MT  3 20 for 90232 not found
Create input file for pfns for k= 10 and energy number 4 (out of 50)
MT3 for 90232 not found
MT  3 19 for 90232 not found
MT3 for 90232 not found
MT  3 20 for 90232 not found
Create input file for pfns for k= 11 and energy number 4 (out of 50)
MT3 for 90232 not found
MT  3 19 for 90232 not found
MT3 for 90232 not found
MT  3 20 for 90232 not found
Create input file for pfns for k= 12 and energy number 4 (out of 50)
MT3 for 90232 not found
MT  3 19 for 90232 not found
MT3 for 90232 not found
MT  3 20 for 90232 not found
Create input file for pfns for k= 13 and energy number 4 (out of 50)
MT3 for 90232 not found
MT  3 19 for 90232 not found
MT3 for 90232 not found
MT  3 20 for 90232 not found
Create input file for pfns for k= 14 and energy number 4 (out of 50)
MT3 for 90232 not found
MT  3 19 for 90232 not found
MT3 for 90232 not found
MT  3 20 for 90232 not found
Create input file for pfns for k= 15 and energy number 4 (out of 50)
MT3 for 90232 not found
MT  3 19 for 90232 not found
MT3 for 90232 not found
MT  3 20 for 90232 not found
Create input file for pfns for k= 16 and energy number 4 (out of 50)
MT3 for 90232 not found
MT  3 19 for 90232 not found
MT3 for 90232 not found
MT  3 20 for 90232 not found
Create input file for pfns for k= 17 and energy number 4 (out of 50)
MT3 for 90232 not found
MT  3 19 for 90232 not found
MT3 for 90232 not found
MT  3 20 for 90232 not found
Create input file for pfns for k= 18 and energy number 4 (out of 50)
MT3 for 90232 not found
MT  3 19 for 90232 not found
MT3 for 90232 not found
MT  3 20 for 90232 not found
Create input file for pfns for k= 19 and energy number 4 (out of 50)
MT3 for 90232 not found
MT  3 19 for 90232 not found
MT3 for 90232 not found
MT  3 20 for 90232 not found
Create input file for pfns for k= 20 and energy number 4 (out of 50)
MT3 for 90232 not found
MT  3 19 for 90232 not found
MT3 for 90232 not found
MT  3 20 for 90232 not found
Create input file for pfns for k= 21 and energy number 4 (out of 50)
MT3 for 90232 not found
MT  3 19 for 90232 not found
MT3 for 90232 not found
MT  3 20 for 90232 not found
Create input file for pfns for k= 22 and energy number 4 (out of 50)
MT3 for 90232 not found
MT  3 19 for 90232 not found
MT3 for 90232 not found
MT  3 20 for 90232 not found
Create input file for pfns for k= 23 and energy number 4 (out of 50)
MT3 for 90232 not found
MT  3 19 for 90232 not found
MT3 for 90232 not found
MT  3 20 for 90232 not found
Create input file for pfns for k= 24 and energy number 4 (out of 50)
MT3 for 90232 not found
MT  3 19 for 90232 not found
MT3 for 90232 not found
MT  3 20 for 90232 not found
Create input file for pfns for k= 25 and energy number 4 (out of 50)
MT3 for 90232 not found
MT  3 19 for 90232 not found
MT3 for 90232 not found
MT  3 20 for 90232 not found
Create input file for pfns for k= 26 and energy number 4 (out of 50)
MT3 for 90232 not found
MT  3 19 for 90232 not found
MT3 for 90232 not found
MT  3 20 for 90232 not found
Create input file for pfns for k= 27 and energy number 4 (out of 50)
MT3 for 90232 not found
MT  3 19 for 90232 not found
MT3 for 90232 not found
MT  3 20 for 90232 not found
Create input file for pfns for k= 28 and energy number 4 (out of 50)
MT3 for 90232 not found
MT  3 19 for 90232 not found
MT3 for 90232 not found
MT  3 20 for 90232 not found
Create input file for pfns for k= 29 and energy number 4 (out of 50)
MT3 for 90232 not found
MT  3 19 for 90232 not found
MT3 for 90232 not found
MT  3 20 for 90232 not found
Create input file for pfns for k= 30 and energy number 4 (out of 50)
MT3 for 90232 not found
MT  3 19 for 90232 not found
MT3 for 90232 not found
MT  3 20 for 90232 not found
Create input file for pfns for k= 31 and energy number 4 (out of 50)
MT3 for 90232 not found
MT  3 19 for 90232 not found
MT3 for 90232 not found
MT  3 20 for 90232 not found
Create input file for pfns for k= 32 and energy number 4 (out of 50)
MT3 for 90232 not found
MT  3 19 for 90232 not found
MT3 for 90232 not found
MT  3 20 for 90232 not found
Create input file for pfns for k= 33 and energy number 4 (out of 50)
MT3 for 90232 not found
MT  3 19 for 90232 not found
MT3 for 90232 not found
MT  3 20 for 90232 not found
Create input file for pfns for k= 34 and energy number 4 (out of 50)
MT3 for 90232 not found
MT  3 19 for 90232 not found
MT3 for 90232 not found
MT  3 20 for 90232 not found
Create input file for pfns for k= 35 and energy number 4 (out of 50)
MT3 for 90232 not found
MT  3 19 for 90232 not found
MT3 for 90232 not found
MT  3 20 for 90232 not found
Create input file for pfns for k= 36 and energy number 4 (out of 50)
MT3 for 90232 not found
MT  3 19 for 90232 not found
MT3 for 90232 not found
MT  3 20 for 90232 not found
Create input file for pfns for k= 37 and energy number 4 (out of 50)
MT3 for 90232 not found
MT  3 19 for 90232 not found
MT3 for 90232 not found
MT  3 20 for 90232 not found
Create input file for pfns for k= 38 and energy number 4 (out of 50)
MT3 for 90232 not found
MT  3 19 for 90232 not found
MT3 for 90232 not found
MT  3 20 for 90232 not found
Create input file for pfns for k= 39 and energy number 4 (out of 50)
MT3 for 90232 not found
MT  3 19 for 90232 not found
MT3 for 90232 not found
MT  3 20 for 90232 not found
Create input file for pfns for k= 40 and energy number 4 (out of 50)
MT3 for 90232 not found
MT  3 19 for 90232 not found
MT3 for 90232 not found
MT  3 20 for 90232 not found
Create input file for pfns for k= 41 and energy number 4 (out of 50)
MT3 for 90232 not found
MT  3 19 for 90232 not found
MT3 for 90232 not found
MT  3 20 for 90232 not found
Create input file for pfns for k= 42 and energy number 4 (out of 50)
MT3 for 90232 not found
MT  3 19 for 90232 not found
MT3 for 90232 not found
MT  3 20 for 90232 not found
Create input file for pfns for k= 43 and energy number 4 (out of 50)
MT3 for 90232 not found
MT  3 19 for 90232 not found
MT3 for 90232 not found
MT  3 20 for 90232 not found
Create input file for pfns for k= 44 and energy number 4 (out of 50)
MT3 for 90232 not found
MT  3 19 for 90232 not found
MT3 for 90232 not found
MT  3 20 for 90232 not found
Create input file for pfns for k= 45 and energy number 4 (out of 50)
MT3 for 90232 not found
MT  3 19 for 90232 not found
MT3 for 90232 not found
MT  3 20 for 90232 not found
Create input file for pfns for k= 46 and energy number 4 (out of 50)
MT3 for 90232 not found
MT  3 19 for 90232 not found
MT3 for 90232 not found
MT  3 20 for 90232 not found
Create input file for pfns for k= 47 and energy number 4 (out of 50)
MT3 for 90232 not found
MT  3 19 for 90232 not found
MT3 for 90232 not found
MT  3 20 for 90232 not found
Create input file for pfns for k= 48 and energy number 4 (out of 50)
MT3 for 90232 not found
MT  3 19 for 90232 not found
MT3 for 90232 not found
MT  3 20 for 90232 not found
Create input file for pfns for k= 49 and energy number 4 (out of 50)
MT3 for 90232 not found
MT  3 19 for 90232 not found
MT3 for 90232 not found
MT  3 20 for 90232 not found
Create input file for pfns for k= 50 and energy number 4 (out of 50)
MT3 for 90232 not found
MT  3 19 for 90232 not found
MT3 for 90232 not found
MT  3 20 for 90232 not found
Create input file for pfns for k= 51 and energy number 4 (out of 50)
MT3 for 90232 not found
MT  3 19 for 90232 not found
MT3 for 90232 not found
MT  3 20 for 90232 not found
Create input file for pfns for k= 52 and energy number 4 (out of 50)
MT3 for 90232 not found
MT  3 19 for 90232 not found
MT3 for 90232 not found
MT  3 20 for 90232 not found
Create input file for pfns for k= 53 and energy number 4 (out of 50)
MT3 for 90232 not found
MT  3 19 for 90232 not found
MT3 for 90232 not found
MT  3 20 for 90232 not found
Create input file for pfns for k= 54 and energy number 4 (out of 50)
MT3 for 90232 not found
MT  3 19 for 90232 not found
MT3 for 90232 not found
MT  3 20 for 90232 not found
Create input file for pfns for k= 55 and energy number 4 (out of 50)
MT3 for 90232 not found
MT  3 19 for 90232 not found
MT3 for 90232 not found
MT  3 20 for 90232 not found
Create input file for pfns for k= 56 and energy number 4 (out of 50)
MT3 for 90232 not found
MT  3 19 for 90232 not found
MT3 for 90232 not found
MT  3 20 for 90232 not found
Create input file for pfns for k= 57 and energy number 4 (out of 50)
MT3 for 90232 not found
MT  3 19 for 90232 not found
MT3 for 90232 not found
MT  3 20 for 90232 not found
Create input file for pfns for k= 58 and energy number 4 (out of 50)
MT3 for 90232 not found
MT  3 19 for 90232 not found
MT3 for 90232 not found
MT  3 20 for 90232 not found
Create input file for pfns for k= 59 and energy number 4 (out of 50)
MT3 for 90232 not found
MT  3 19 for 90232 not found
MT3 for 90232 not found
MT  3 20 for 90232 not found
Create input file for pfns for k= 60 and energy number 4 (out of 50)
MT3 for 90232 not found
MT  3 19 for 90232 not found
MT3 for 90232 not found
MT  3 20 for 90232 not found
Create input file for pfns for k= 61 and energy number 4 (out of 50)
MT3 for 90232 not found
MT  3 19 for 90232 not found
MT3 for 90232 not found
MT  3 20 for 90232 not found
Create input file for pfns for k= 62 and energy number 4 (out of 50)
MT3 for 90232 not found
MT  3 19 for 90232 not found
MT3 for 90232 not found
MT  3 20 for 90232 not found
Create input file for pfns for k= 63 and energy number 4 (out of 50)
MT3 for 90232 not found
MT  3 19 for 90232 not found
MT3 for 90232 not found
MT  3 20 for 90232 not found
Create input file for pfns for k= 64 and energy number 4 (out of 50)
MT3 for 90232 not found
MT  3 19 for 90232 not found
MT3 for 90232 not found
MT  3 20 for 90232 not found
Create input file for pfns for k= 65 and energy number 4 (out of 50)
MT3 for 90232 not found
MT  3 19 for 90232 not found
MT3 for 90232 not found
MT  3 20 for 90232 not found
Create input file for pfns for k= 66 and energy number 4 (out of 50)
MT3 for 90232 not found
MT  3 19 for 90232 not found
MT3 for 90232 not found
MT  3 20 for 90232 not found
Create input file for pfns for k= 67 and energy number 4 (out of 50)
MT3 for 90232 not found
MT  3 19 for 90232 not found
MT3 for 90232 not found
MT  3 20 for 90232 not found
Create input file for pfns for k= 68 and energy number 4 (out of 50)
MT3 for 90232 not found
MT  3 19 for 90232 not found
MT3 for 90232 not found
MT  3 20 for 90232 not found
Create input file for pfns for k= 69 and energy number 4 (out of 50)
MT3 for 90232 not found
MT  3 19 for 90232 not found
MT3 for 90232 not found
MT  3 20 for 90232 not found
Create input file for pfns for k= 70 and energy number 4 (out of 50)
MT3 for 90232 not found
MT  3 19 for 90232 not found
MT3 for 90232 not found
MT  3 20 for 90232 not found
Create input file for pfns for k= 71 and energy number 4 (out of 50)
MT3 for 90232 not found
MT  3 19 for 90232 not found
MT3 for 90232 not found
MT  3 20 for 90232 not found
Create input file for pfns for k= 72 and energy number 4 (out of 50)
MT3 for 90232 not found
MT  3 19 for 90232 not found
MT3 for 90232 not found
MT  3 20 for 90232 not found
Create input file for pfns for k= 73 and energy number 4 (out of 50)
MT3 for 90232 not found
MT  3 19 for 90232 not found
MT3 for 90232 not found
MT  3 20 for 90232 not found
Create input file for pfns for k= 74 and energy number 4 (out of 50)
MT3 for 90232 not found
MT  3 19 for 90232 not found
MT3 for 90232 not found
MT  3 20 for 90232 not found
Create input file for pfns for k= 75 and energy number 4 (out of 50)
MT3 for 90232 not found
MT  3 19 for 90232 not found
MT3 for 90232 not found
MT  3 20 for 90232 not found
Create input file for pfns for k= 76 and energy number 4 (out of 50)
MT3 for 90232 not found
MT  3 19 for 90232 not found
MT3 for 90232 not found
MT  3 20 for 90232 not found
Create input file for pfns for k= 77 and energy number 4 (out of 50)
MT3 for 90232 not found
MT  3 19 for 90232 not found
MT3 for 90232 not found
MT  3 20 for 90232 not found
Create input file for pfns for k= 78 and energy number 4 (out of 50)
MT3 for 90232 not found
MT  3 19 for 90232 not found
MT3 for 90232 not found
MT  3 20 for 90232 not found
Create input file for pfns for k= 79 and energy number 4 (out of 50)
MT3 for 90232 not found
MT  3 19 for 90232 not found
MT3 for 90232 not found
MT  3 20 for 90232 not found
Create input file for pfns for k= 80 and energy number 4 (out of 50)
MT3 for 90232 not found
MT  3 19 for 90232 not found
MT3 for 90232 not found
MT  3 20 for 90232 not found
Create input file for pfns for k= 81 and energy number 4 (out of 50)
MT3 for 90232 not found
MT  3 19 for 90232 not found
MT3 for 90232 not found
MT  3 20 for 90232 not found
Create input file for pfns for k= 82 and energy number 4 (out of 50)
MT3 for 90232 not found
MT  3 19 for 90232 not found
MT3 for 90232 not found
MT  3 20 for 90232 not found
Create input file for pfns for k= 83 and energy number 4 (out of 50)
MT3 for 90232 not found
MT  3 19 for 90232 not found
MT3 for 90232 not found
MT  3 20 for 90232 not found
Create input file for pfns for k= 84 and energy number 4 (out of 50)
MT3 for 90232 not found
MT  3 19 for 90232 not found
MT3 for 90232 not found
MT  3 20 for 90232 not found
Create input file for pfns for k= 85 and energy number 4 (out of 50)
MT3 for 90232 not found
MT  3 19 for 90232 not found
MT3 for 90232 not found
MT  3 20 for 90232 not found
Create input file for pfns for k= 86 and energy number 4 (out of 50)
MT3 for 90232 not found
MT  3 19 for 90232 not found
MT3 for 90232 not found
MT  3 20 for 90232 not found
Create input file for pfns for k= 87 and energy number 4 (out of 50)
MT3 for 90232 not found
MT  3 19 for 90232 not found
MT3 for 90232 not found
MT  3 20 for 90232 not found
Create input file for pfns for k= 88 and energy number 4 (out of 50)
MT3 for 90232 not found
MT  3 19 for 90232 not found
MT3 for 90232 not found
MT  3 20 for 90232 not found
Create input file for pfns for k= 89 and energy number 4 (out of 50)
MT3 for 90232 not found
MT  3 19 for 90232 not found
MT3 for 90232 not found
MT  3 20 for 90232 not found
Create input file for pfns for k= 90 and energy number 4 (out of 50)
MT3 for 90232 not found
MT  3 19 for 90232 not found
MT3 for 90232 not found
MT  3 20 for 90232 not found
Create input file for pfns for k= 91 and energy number 4 (out of 50)
MT3 for 90232 not found
MT  3 19 for 90232 not found
MT3 for 90232 not found
MT  3 20 for 90232 not found
Create input file for pfns for k= 92 and energy number 4 (out of 50)
MT3 for 90232 not found
MT  3 19 for 90232 not found
MT3 for 90232 not found
MT  3 20 for 90232 not found
Create input file for pfns for k= 93 and energy number 4 (out of 50)
MT3 for 90232 not found
MT  3 19 for 90232 not found
MT3 for 90232 not found
MT  3 20 for 90232 not found
Create input file for pfns for k= 94 and energy number 4 (out of 50)
MT3 for 90232 not found
MT  3 19 for 90232 not found
MT3 for 90232 not found
MT  3 20 for 90232 not found
Create input file for pfns for k= 95 and energy number 4 (out of 50)
MT3 for 90232 not found
MT  3 19 for 90232 not found
MT3 for 90232 not found
MT  3 20 for 90232 not found
Create input file for pfns for k= 96 and energy number 4 (out of 50)
MT3 for 90232 not found
MT  3 19 for 90232 not found
MT3 for 90232 not found
MT  3 20 for 90232 not found
Create input file for pfns for k= 97 and energy number 4 (out of 50)
MT3 for 90232 not found
MT  3 19 for 90232 not found
MT3 for 90232 not found
MT  3 20 for 90232 not found
Create input file for pfns for k= 98 and energy number 4 (out of 50)
MT3 for 90232 not found
MT  3 19 for 90232 not found
MT3 for 90232 not found
MT  3 20 for 90232 not found
Create input file for pfns for k= 99 and energy number 4 (out of 50)
MT3 for 90232 not found
MT  3 19 for 90232 not found
MT3 for 90232 not found
MT  3 20 for 90232 not found
Create input file for pfns for k= 100 and energy number 4 (out of 50)
MT3 for 90232 not found
MT  3 19 for 90232 not found
MT3 for 90232 not found
MT  3 20 for 90232 not found
Create input file for pfns for k= 0 and energy number 5 (out of 50)
MT3 for 90232 not found
MT  3 19 for 90232 not found
MT3 for 90232 not found
MT  3 20 for 90232 not found
Create input file for pfns for k= 1 and energy number 5 (out of 50)
MT3 for 90232 not found
MT  3 19 for 90232 not found
MT3 for 90232 not found
MT  3 20 for 90232 not found
Create input file for pfns for k= 2 and energy number 5 (out of 50)
MT3 for 90232 not found
MT  3 19 for 90232 not found
MT3 for 90232 not found
MT  3 20 for 90232 not found
Create input file for pfns for k= 3 and energy number 5 (out of 50)
MT3 for 90232 not found
MT  3 19 for 90232 not found
MT3 for 90232 not found
MT  3 20 for 90232 not found
Create input file for pfns for k= 4 and energy number 5 (out of 50)
MT3 for 90232 not found
MT  3 19 for 90232 not found
MT3 for 90232 not found
MT  3 20 for 90232 not found
Create input file for pfns for k= 5 and energy number 5 (out of 50)
MT3 for 90232 not found
MT  3 19 for 90232 not found
MT3 for 90232 not found
MT  3 20 for 90232 not found
Create input file for pfns for k= 6 and energy number 5 (out of 50)
MT3 for 90232 not found
MT  3 19 for 90232 not found
MT3 for 90232 not found
MT  3 20 for 90232 not found
Create input file for pfns for k= 7 and energy number 5 (out of 50)
MT3 for 90232 not found
MT  3 19 for 90232 not found
MT3 for 90232 not found
MT  3 20 for 90232 not found
Create input file for pfns for k= 8 and energy number 5 (out of 50)
MT3 for 90232 not found
MT  3 19 for 90232 not found
MT3 for 90232 not found
MT  3 20 for 90232 not found
Create input file for pfns for k= 9 and energy number 5 (out of 50)
MT3 for 90232 not found
MT  3 19 for 90232 not found
MT3 for 90232 not found
MT  3 20 for 90232 not found
Create input file for pfns for k= 10 and energy number 5 (out of 50)
MT3 for 90232 not found
MT  3 19 for 90232 not found
MT3 for 90232 not found
MT  3 20 for 90232 not found
Create input file for pfns for k= 11 and energy number 5 (out of 50)
MT3 for 90232 not found
MT  3 19 for 90232 not found
MT3 for 90232 not found
MT  3 20 for 90232 not found
Create input file for pfns for k= 12 and energy number 5 (out of 50)
MT3 for 90232 not found
MT  3 19 for 90232 not found
MT3 for 90232 not found
MT  3 20 for 90232 not found
Create input file for pfns for k= 13 and energy number 5 (out of 50)
MT3 for 90232 not found
MT  3 19 for 90232 not found
MT3 for 90232 not found
MT  3 20 for 90232 not found
Create input file for pfns for k= 14 and energy number 5 (out of 50)
MT3 for 90232 not found
MT  3 19 for 90232 not found
MT3 for 90232 not found
MT  3 20 for 90232 not found
Create input file for pfns for k= 15 and energy number 5 (out of 50)
MT3 for 90232 not found
MT  3 19 for 90232 not found
MT3 for 90232 not found
MT  3 20 for 90232 not found
Create input file for pfns for k= 16 and energy number 5 (out of 50)
MT3 for 90232 not found
MT  3 19 for 90232 not found
MT3 for 90232 not found
MT  3 20 for 90232 not found
Create input file for pfns for k= 17 and energy number 5 (out of 50)
MT3 for 90232 not found
MT  3 19 for 90232 not found
MT3 for 90232 not found
MT  3 20 for 90232 not found
Create input file for pfns for k= 18 and energy number 5 (out of 50)
MT3 for 90232 not found
MT  3 19 for 90232 not found
MT3 for 90232 not found
MT  3 20 for 90232 not found
Create input file for pfns for k= 19 and energy number 5 (out of 50)
MT3 for 90232 not found
MT  3 19 for 90232 not found
MT3 for 90232 not found
MT  3 20 for 90232 not found
Create input file for pfns for k= 20 and energy number 5 (out of 50)
MT3 for 90232 not found
MT  3 19 for 90232 not found
MT3 for 90232 not found
MT  3 20 for 90232 not found
Create input file for pfns for k= 21 and energy number 5 (out of 50)
MT3 for 90232 not found
MT  3 19 for 90232 not found
MT3 for 90232 not found
MT  3 20 for 90232 not found
Create input file for pfns for k= 22 and energy number 5 (out of 50)
MT3 for 90232 not found
MT  3 19 for 90232 not found
MT3 for 90232 not found
MT  3 20 for 90232 not found
Create input file for pfns for k= 23 and energy number 5 (out of 50)
MT3 for 90232 not found
MT  3 19 for 90232 not found
MT3 for 90232 not found
MT  3 20 for 90232 not found
Create input file for pfns for k= 24 and energy number 5 (out of 50)
MT3 for 90232 not found
MT  3 19 for 90232 not found
MT3 for 90232 not found
MT  3 20 for 90232 not found
Create input file for pfns for k= 25 and energy number 5 (out of 50)
MT3 for 90232 not found
MT  3 19 for 90232 not found
MT3 for 90232 not found
MT  3 20 for 90232 not found
Create input file for pfns for k= 26 and energy number 5 (out of 50)
MT3 for 90232 not found
MT  3 19 for 90232 not found
MT3 for 90232 not found
MT  3 20 for 90232 not found
Create input file for pfns for k= 27 and energy number 5 (out of 50)
MT3 for 90232 not found
MT  3 19 for 90232 not found
MT3 for 90232 not found
MT  3 20 for 90232 not found
Create input file for pfns for k= 28 and energy number 5 (out of 50)
MT3 for 90232 not found
MT  3 19 for 90232 not found
MT3 for 90232 not found
MT  3 20 for 90232 not found
Create input file for pfns for k= 29 and energy number 5 (out of 50)
MT3 for 90232 not found
MT  3 19 for 90232 not found
MT3 for 90232 not found
MT  3 20 for 90232 not found
Create input file for pfns for k= 30 and energy number 5 (out of 50)
MT3 for 90232 not found
MT  3 19 for 90232 not found
MT3 for 90232 not found
MT  3 20 for 90232 not found
Create input file for pfns for k= 31 and energy number 5 (out of 50)
MT3 for 90232 not found
MT  3 19 for 90232 not found
MT3 for 90232 not found
MT  3 20 for 90232 not found
Create input file for pfns for k= 32 and energy number 5 (out of 50)
MT3 for 90232 not found
MT  3 19 for 90232 not found
MT3 for 90232 not found
MT  3 20 for 90232 not found
Create input file for pfns for k= 33 and energy number 5 (out of 50)
MT3 for 90232 not found
MT  3 19 for 90232 not found
MT3 for 90232 not found
MT  3 20 for 90232 not found
Create input file for pfns for k= 34 and energy number 5 (out of 50)
MT3 for 90232 not found
MT  3 19 for 90232 not found
MT3 for 90232 not found
MT  3 20 for 90232 not found
Create input file for pfns for k= 35 and energy number 5 (out of 50)
MT3 for 90232 not found
MT  3 19 for 90232 not found
MT3 for 90232 not found
MT  3 20 for 90232 not found
Create input file for pfns for k= 36 and energy number 5 (out of 50)
MT3 for 90232 not found
MT  3 19 for 90232 not found
MT3 for 90232 not found
MT  3 20 for 90232 not found
Create input file for pfns for k= 37 and energy number 5 (out of 50)
MT3 for 90232 not found
MT  3 19 for 90232 not found
MT3 for 90232 not found
MT  3 20 for 90232 not found
Create input file for pfns for k= 38 and energy number 5 (out of 50)
MT3 for 90232 not found
MT  3 19 for 90232 not found
MT3 for 90232 not found
MT  3 20 for 90232 not found
Create input file for pfns for k= 39 and energy number 5 (out of 50)
MT3 for 90232 not found
MT  3 19 for 90232 not found
MT3 for 90232 not found
MT  3 20 for 90232 not found
Create input file for pfns for k= 40 and energy number 5 (out of 50)
MT3 for 90232 not found
MT  3 19 for 90232 not found
MT3 for 90232 not found
MT  3 20 for 90232 not found
Create input file for pfns for k= 41 and energy number 5 (out of 50)
MT3 for 90232 not found
MT  3 19 for 90232 not found
MT3 for 90232 not found
MT  3 20 for 90232 not found
Create input file for pfns for k= 42 and energy number 5 (out of 50)
MT3 for 90232 not found
MT  3 19 for 90232 not found
MT3 for 90232 not found
MT  3 20 for 90232 not found
Create input file for pfns for k= 43 and energy number 5 (out of 50)
MT3 for 90232 not found
MT  3 19 for 90232 not found
MT3 for 90232 not found
MT  3 20 for 90232 not found
Create input file for pfns for k= 44 and energy number 5 (out of 50)
MT3 for 90232 not found
MT  3 19 for 90232 not found
MT3 for 90232 not found
MT  3 20 for 90232 not found
Create input file for pfns for k= 45 and energy number 5 (out of 50)
MT3 for 90232 not found
MT  3 19 for 90232 not found
MT3 for 90232 not found
MT  3 20 for 90232 not found
Create input file for pfns for k= 46 and energy number 5 (out of 50)
MT3 for 90232 not found
MT  3 19 for 90232 not found
MT3 for 90232 not found
MT  3 20 for 90232 not found
Create input file for pfns for k= 47 and energy number 5 (out of 50)
MT3 for 90232 not found
MT  3 19 for 90232 not found
MT3 for 90232 not found
MT  3 20 for 90232 not found
Create input file for pfns for k= 48 and energy number 5 (out of 50)
MT3 for 90232 not found
MT  3 19 for 90232 not found
MT3 for 90232 not found
MT  3 20 for 90232 not found
Create input file for pfns for k= 49 and energy number 5 (out of 50)
MT3 for 90232 not found
MT  3 19 for 90232 not found
MT3 for 90232 not found
MT  3 20 for 90232 not found
Create input file for pfns for k= 50 and energy number 5 (out of 50)
MT3 for 90232 not found
MT  3 19 for 90232 not found
MT3 for 90232 not found
MT  3 20 for 90232 not found
Create input file for pfns for k= 51 and energy number 5 (out of 50)
MT3 for 90232 not found
MT  3 19 for 90232 not found
MT3 for 90232 not found
MT  3 20 for 90232 not found
Create input file for pfns for k= 52 and energy number 5 (out of 50)
MT3 for 90232 not found
MT  3 19 for 90232 not found
MT3 for 90232 not found
MT  3 20 for 90232 not found
Create input file for pfns for k= 53 and energy number 5 (out of 50)
MT3 for 90232 not found
MT  3 19 for 90232 not found
MT3 for 90232 not found
MT  3 20 for 90232 not found
Create input file for pfns for k= 54 and energy number 5 (out of 50)
MT3 for 90232 not found
MT  3 19 for 90232 not found
MT3 for 90232 not found
MT  3 20 for 90232 not found
Create input file for pfns for k= 55 and energy number 5 (out of 50)
MT3 for 90232 not found
MT  3 19 for 90232 not found
MT3 for 90232 not found
MT  3 20 for 90232 not found
Create input file for pfns for k= 56 and energy number 5 (out of 50)
MT3 for 90232 not found
MT  3 19 for 90232 not found
MT3 for 90232 not found
MT  3 20 for 90232 not found
Create input file for pfns for k= 57 and energy number 5 (out of 50)
MT3 for 90232 not found
MT  3 19 for 90232 not found
MT3 for 90232 not found
MT  3 20 for 90232 not found
Create input file for pfns for k= 58 and energy number 5 (out of 50)
MT3 for 90232 not found
MT  3 19 for 90232 not found
MT3 for 90232 not found
MT  3 20 for 90232 not found
Create input file for pfns for k= 59 and energy number 5 (out of 50)
MT3 for 90232 not found
MT  3 19 for 90232 not found
MT3 for 90232 not found
MT  3 20 for 90232 not found
Create input file for pfns for k= 60 and energy number 5 (out of 50)
MT3 for 90232 not found
MT  3 19 for 90232 not found
MT3 for 90232 not found
MT  3 20 for 90232 not found
Create input file for pfns for k= 61 and energy number 5 (out of 50)
MT3 for 90232 not found
MT  3 19 for 90232 not found
MT3 for 90232 not found
MT  3 20 for 90232 not found
Create input file for pfns for k= 62 and energy number 5 (out of 50)
MT3 for 90232 not found
MT  3 19 for 90232 not found
MT3 for 90232 not found
MT  3 20 for 90232 not found
Create input file for pfns for k= 63 and energy number 5 (out of 50)
MT3 for 90232 not found
MT  3 19 for 90232 not found
MT3 for 90232 not found
MT  3 20 for 90232 not found
Create input file for pfns for k= 64 and energy number 5 (out of 50)
MT3 for 90232 not found
MT  3 19 for 90232 not found
MT3 for 90232 not found
MT  3 20 for 90232 not found
Create input file for pfns for k= 65 and energy number 5 (out of 50)
MT3 for 90232 not found
MT  3 19 for 90232 not found
MT3 for 90232 not found
MT  3 20 for 90232 not found
Create input file for pfns for k= 66 and energy number 5 (out of 50)
MT3 for 90232 not found
MT  3 19 for 90232 not found
MT3 for 90232 not found
MT  3 20 for 90232 not found
Create input file for pfns for k= 67 and energy number 5 (out of 50)
MT3 for 90232 not found
MT  3 19 for 90232 not found
MT3 for 90232 not found
MT  3 20 for 90232 not found
Create input file for pfns for k= 68 and energy number 5 (out of 50)
MT3 for 90232 not found
MT  3 19 for 90232 not found
MT3 for 90232 not found
MT  3 20 for 90232 not found
Create input file for pfns for k= 69 and energy number 5 (out of 50)
MT3 for 90232 not found
MT  3 19 for 90232 not found
MT3 for 90232 not found
MT  3 20 for 90232 not found
Create input file for pfns for k= 70 and energy number 5 (out of 50)
MT3 for 90232 not found
MT  3 19 for 90232 not found
MT3 for 90232 not found
MT  3 20 for 90232 not found
Create input file for pfns for k= 71 and energy number 5 (out of 50)
MT3 for 90232 not found
MT  3 19 for 90232 not found
MT3 for 90232 not found
MT  3 20 for 90232 not found
Create input file for pfns for k= 72 and energy number 5 (out of 50)
MT3 for 90232 not found
MT  3 19 for 90232 not found
MT3 for 90232 not found
MT  3 20 for 90232 not found
Create input file for pfns for k= 73 and energy number 5 (out of 50)
MT3 for 90232 not found
MT  3 19 for 90232 not found
MT3 for 90232 not found
MT  3 20 for 90232 not found
Create input file for pfns for k= 74 and energy number 5 (out of 50)
MT3 for 90232 not found
MT  3 19 for 90232 not found
MT3 for 90232 not found
MT  3 20 for 90232 not found
Create input file for pfns for k= 75 and energy number 5 (out of 50)
MT3 for 90232 not found
MT  3 19 for 90232 not found
MT3 for 90232 not found
MT  3 20 for 90232 not found
Create input file for pfns for k= 76 and energy number 5 (out of 50)
MT3 for 90232 not found
MT  3 19 for 90232 not found
MT3 for 90232 not found
MT  3 20 for 90232 not found
Create input file for pfns for k= 77 and energy number 5 (out of 50)
MT3 for 90232 not found
MT  3 19 for 90232 not found
MT3 for 90232 not found
MT  3 20 for 90232 not found
Create input file for pfns for k= 78 and energy number 5 (out of 50)
MT3 for 90232 not found
MT  3 19 for 90232 not found
MT3 for 90232 not found
MT  3 20 for 90232 not found
Create input file for pfns for k= 79 and energy number 5 (out of 50)
MT3 for 90232 not found
MT  3 19 for 90232 not found
MT3 for 90232 not found
MT  3 20 for 90232 not found
Create input file for pfns for k= 80 and energy number 5 (out of 50)
MT3 for 90232 not found
MT  3 19 for 90232 not found
MT3 for 90232 not found
MT  3 20 for 90232 not found
Create input file for pfns for k= 81 and energy number 5 (out of 50)
MT3 for 90232 not found
MT  3 19 for 90232 not found
MT3 for 90232 not found
MT  3 20 for 90232 not found
Create input file for pfns for k= 82 and energy number 5 (out of 50)
MT3 for 90232 not found
MT  3 19 for 90232 not found
MT3 for 90232 not found
MT  3 20 for 90232 not found
Create input file for pfns for k= 83 and energy number 5 (out of 50)
MT3 for 90232 not found
MT  3 19 for 90232 not found
MT3 for 90232 not found
MT  3 20 for 90232 not found
Create input file for pfns for k= 84 and energy number 5 (out of 50)
MT3 for 90232 not found
MT  3 19 for 90232 not found
MT3 for 90232 not found
MT  3 20 for 90232 not found
Create input file for pfns for k= 85 and energy number 5 (out of 50)
MT3 for 90232 not found
MT  3 19 for 90232 not found
MT3 for 90232 not found
MT  3 20 for 90232 not found
Create input file for pfns for k= 86 and energy number 5 (out of 50)
MT3 for 90232 not found
MT  3 19 for 90232 not found
MT3 for 90232 not found
MT  3 20 for 90232 not found
Create input file for pfns for k= 87 and energy number 5 (out of 50)
MT3 for 90232 not found
MT  3 19 for 90232 not found
MT3 for 90232 not found
MT  3 20 for 90232 not found
Create input file for pfns for k= 88 and energy number 5 (out of 50)
MT3 for 90232 not found
MT  3 19 for 90232 not found
MT3 for 90232 not found
MT  3 20 for 90232 not found
Create input file for pfns for k= 89 and energy number 5 (out of 50)
MT3 for 90232 not found
MT  3 19 for 90232 not found
MT3 for 90232 not found
MT  3 20 for 90232 not found
Create input file for pfns for k= 90 and energy number 5 (out of 50)
MT3 for 90232 not found
MT  3 19 for 90232 not found
MT3 for 90232 not found
MT  3 20 for 90232 not found
Create input file for pfns for k= 91 and energy number 5 (out of 50)
MT3 for 90232 not found
MT  3 19 for 90232 not found
MT3 for 90232 not found
MT  3 20 for 90232 not found
Create input file for pfns for k= 92 and energy number 5 (out of 50)
MT3 for 90232 not found
MT  3 19 for 90232 not found
MT3 for 90232 not found
MT  3 20 for 90232 not found
Create input file for pfns for k= 93 and energy number 5 (out of 50)
MT3 for 90232 not found
MT  3 19 for 90232 not found
MT3 for 90232 not found
MT  3 20 for 90232 not found
Create input file for pfns for k= 94 and energy number 5 (out of 50)
MT3 for 90232 not found
MT  3 19 for 90232 not found
MT3 for 90232 not found
MT  3 20 for 90232 not found
Create input file for pfns for k= 95 and energy number 5 (out of 50)
MT3 for 90232 not found
MT  3 19 for 90232 not found
MT3 for 90232 not found
MT  3 20 for 90232 not found
Create input file for pfns for k= 96 and energy number 5 (out of 50)
MT3 for 90232 not found
MT  3 19 for 90232 not found
MT3 for 90232 not found
MT  3 20 for 90232 not found
Create input file for pfns for k= 97 and energy number 5 (out of 50)
MT3 for 90232 not found
MT  3 19 for 90232 not found
MT3 for 90232 not found
MT  3 20 for 90232 not found
Create input file for pfns for k= 98 and energy number 5 (out of 50)
MT3 for 90232 not found
MT  3 19 for 90232 not found
MT3 for 90232 not found
MT  3 20 for 90232 not found
Create input file for pfns for k= 99 and energy number 5 (out of 50)
MT3 for 90232 not found
MT  3 19 for 90232 not found
MT3 for 90232 not found
MT  3 20 for 90232 not found
Create input file for pfns for k= 100 and energy number 5 (out of 50)
MT3 for 90232 not found
MT  3 19 for 90232 not found
MT3 for 90232 not found
MT  3 20 for 90232 not found
Create input file for pfns for k= 0 and energy number 6 (out of 50)
MT3 for 90232 not found
MT  3 19 for 90232 not found
MT3 for 90232 not found
MT  3 20 for 90232 not found
Create input file for pfns for k= 1 and energy number 6 (out of 50)
MT3 for 90232 not found
MT  3 19 for 90232 not found
MT3 for 90232 not found
MT  3 20 for 90232 not found
Create input file for pfns for k= 2 and energy number 6 (out of 50)
MT3 for 90232 not found
MT  3 19 for 90232 not found
MT3 for 90232 not found
MT  3 20 for 90232 not found
Create input file for pfns for k= 3 and energy number 6 (out of 50)
MT3 for 90232 not found
MT  3 19 for 90232 not found
MT3 for 90232 not found
MT  3 20 for 90232 not found
Create input file for pfns for k= 4 and energy number 6 (out of 50)
MT3 for 90232 not found
MT  3 19 for 90232 not found
MT3 for 90232 not found
MT  3 20 for 90232 not found
Create input file for pfns for k= 5 and energy number 6 (out of 50)
MT3 for 90232 not found
MT  3 19 for 90232 not found
MT3 for 90232 not found
MT  3 20 for 90232 not found
Create input file for pfns for k= 6 and energy number 6 (out of 50)
MT3 for 90232 not found
MT  3 19 for 90232 not found
MT3 for 90232 not found
MT  3 20 for 90232 not found
Create input file for pfns for k= 7 and energy number 6 (out of 50)
MT3 for 90232 not found
MT  3 19 for 90232 not found
MT3 for 90232 not found
MT  3 20 for 90232 not found
Create input file for pfns for k= 8 and energy number 6 (out of 50)
MT3 for 90232 not found
MT  3 19 for 90232 not found
MT3 for 90232 not found
MT  3 20 for 90232 not found
Create input file for pfns for k= 9 and energy number 6 (out of 50)
MT3 for 90232 not found
MT  3 19 for 90232 not found
MT3 for 90232 not found
MT  3 20 for 90232 not found
Create input file for pfns for k= 10 and energy number 6 (out of 50)
MT3 for 90232 not found
MT  3 19 for 90232 not found
MT3 for 90232 not found
MT  3 20 for 90232 not found
Create input file for pfns for k= 11 and energy number 6 (out of 50)
MT3 for 90232 not found
MT  3 19 for 90232 not found
MT3 for 90232 not found
MT  3 20 for 90232 not found
Create input file for pfns for k= 12 and energy number 6 (out of 50)
MT3 for 90232 not found
MT  3 19 for 90232 not found
MT3 for 90232 not found
MT  3 20 for 90232 not found
Create input file for pfns for k= 13 and energy number 6 (out of 50)
MT3 for 90232 not found
MT  3 19 for 90232 not found
MT3 for 90232 not found
MT  3 20 for 90232 not found
Create input file for pfns for k= 14 and energy number 6 (out of 50)
MT3 for 90232 not found
MT  3 19 for 90232 not found
MT3 for 90232 not found
MT  3 20 for 90232 not found
Create input file for pfns for k= 15 and energy number 6 (out of 50)
MT3 for 90232 not found
MT  3 19 for 90232 not found
MT3 for 90232 not found
MT  3 20 for 90232 not found
Create input file for pfns for k= 16 and energy number 6 (out of 50)
MT3 for 90232 not found
MT  3 19 for 90232 not found
MT3 for 90232 not found
MT  3 20 for 90232 not found
Create input file for pfns for k= 17 and energy number 6 (out of 50)
MT3 for 90232 not found
MT  3 19 for 90232 not found
MT3 for 90232 not found
MT  3 20 for 90232 not found
Create input file for pfns for k= 18 and energy number 6 (out of 50)
MT3 for 90232 not found
MT  3 19 for 90232 not found
MT3 for 90232 not found
MT  3 20 for 90232 not found
Create input file for pfns for k= 19 and energy number 6 (out of 50)
MT3 for 90232 not found
MT  3 19 for 90232 not found
MT3 for 90232 not found
MT  3 20 for 90232 not found
Create input file for pfns for k= 20 and energy number 6 (out of 50)
MT3 for 90232 not found
MT  3 19 for 90232 not found
MT3 for 90232 not found
MT  3 20 for 90232 not found
Create input file for pfns for k= 21 and energy number 6 (out of 50)
MT3 for 90232 not found
MT  3 19 for 90232 not found
MT3 for 90232 not found
MT  3 20 for 90232 not found
Create input file for pfns for k= 22 and energy number 6 (out of 50)
MT3 for 90232 not found
MT  3 19 for 90232 not found
MT3 for 90232 not found
MT  3 20 for 90232 not found
Create input file for pfns for k= 23 and energy number 6 (out of 50)
MT3 for 90232 not found
MT  3 19 for 90232 not found
MT3 for 90232 not found
MT  3 20 for 90232 not found
Create input file for pfns for k= 24 and energy number 6 (out of 50)
MT3 for 90232 not found
MT  3 19 for 90232 not found
MT3 for 90232 not found
MT  3 20 for 90232 not found
Create input file for pfns for k= 25 and energy number 6 (out of 50)
MT3 for 90232 not found
MT  3 19 for 90232 not found
MT3 for 90232 not found
MT  3 20 for 90232 not found
Create input file for pfns for k= 26 and energy number 6 (out of 50)
MT3 for 90232 not found
MT  3 19 for 90232 not found
MT3 for 90232 not found
MT  3 20 for 90232 not found
Create input file for pfns for k= 27 and energy number 6 (out of 50)
MT3 for 90232 not found
MT  3 19 for 90232 not found
MT3 for 90232 not found
MT  3 20 for 90232 not found
Create input file for pfns for k= 28 and energy number 6 (out of 50)
MT3 for 90232 not found
MT  3 19 for 90232 not found
MT3 for 90232 not found
MT  3 20 for 90232 not found
Create input file for pfns for k= 29 and energy number 6 (out of 50)
MT3 for 90232 not found
MT  3 19 for 90232 not found
MT3 for 90232 not found
MT  3 20 for 90232 not found
Create input file for pfns for k= 30 and energy number 6 (out of 50)
MT3 for 90232 not found
MT  3 19 for 90232 not found
MT3 for 90232 not found
MT  3 20 for 90232 not found
Create input file for pfns for k= 31 and energy number 6 (out of 50)
MT3 for 90232 not found
MT  3 19 for 90232 not found
MT3 for 90232 not found
MT  3 20 for 90232 not found
Create input file for pfns for k= 32 and energy number 6 (out of 50)
MT3 for 90232 not found
MT  3 19 for 90232 not found
MT3 for 90232 not found
MT  3 20 for 90232 not found
Create input file for pfns for k= 33 and energy number 6 (out of 50)
MT3 for 90232 not found
MT  3 19 for 90232 not found
MT3 for 90232 not found
MT  3 20 for 90232 not found
Create input file for pfns for k= 34 and energy number 6 (out of 50)
MT3 for 90232 not found
MT  3 19 for 90232 not found
MT3 for 90232 not found
MT  3 20 for 90232 not found
Create input file for pfns for k= 35 and energy number 6 (out of 50)
MT3 for 90232 not found
MT  3 19 for 90232 not found
MT3 for 90232 not found
MT  3 20 for 90232 not found
Create input file for pfns for k= 36 and energy number 6 (out of 50)
MT3 for 90232 not found
MT  3 19 for 90232 not found
MT3 for 90232 not found
MT  3 20 for 90232 not found
Create input file for pfns for k= 37 and energy number 6 (out of 50)
MT3 for 90232 not found
MT  3 19 for 90232 not found
MT3 for 90232 not found
MT  3 20 for 90232 not found
Create input file for pfns for k= 38 and energy number 6 (out of 50)
MT3 for 90232 not found
MT  3 19 for 90232 not found
MT3 for 90232 not found
MT  3 20 for 90232 not found
Create input file for pfns for k= 39 and energy number 6 (out of 50)
MT3 for 90232 not found
MT  3 19 for 90232 not found
MT3 for 90232 not found
MT  3 20 for 90232 not found
Create input file for pfns for k= 40 and energy number 6 (out of 50)
MT3 for 90232 not found
MT  3 19 for 90232 not found
MT3 for 90232 not found
MT  3 20 for 90232 not found
Create input file for pfns for k= 41 and energy number 6 (out of 50)
MT3 for 90232 not found
MT  3 19 for 90232 not found
MT3 for 90232 not found
MT  3 20 for 90232 not found
Create input file for pfns for k= 42 and energy number 6 (out of 50)
MT3 for 90232 not found
MT  3 19 for 90232 not found
MT3 for 90232 not found
MT  3 20 for 90232 not found
Create input file for pfns for k= 43 and energy number 6 (out of 50)
MT3 for 90232 not found
MT  3 19 for 90232 not found
MT3 for 90232 not found
MT  3 20 for 90232 not found
Create input file for pfns for k= 44 and energy number 6 (out of 50)
MT3 for 90232 not found
MT  3 19 for 90232 not found
MT3 for 90232 not found
MT  3 20 for 90232 not found
Create input file for pfns for k= 45 and energy number 6 (out of 50)
MT3 for 90232 not found
MT  3 19 for 90232 not found
MT3 for 90232 not found
MT  3 20 for 90232 not found
Create input file for pfns for k= 46 and energy number 6 (out of 50)
MT3 for 90232 not found
MT  3 19 for 90232 not found
MT3 for 90232 not found
MT  3 20 for 90232 not found
Create input file for pfns for k= 47 and energy number 6 (out of 50)
MT3 for 90232 not found
MT  3 19 for 90232 not found
MT3 for 90232 not found
MT  3 20 for 90232 not found
Create input file for pfns for k= 48 and energy number 6 (out of 50)
MT3 for 90232 not found
MT  3 19 for 90232 not found
MT3 for 90232 not found
MT  3 20 for 90232 not found
Create input file for pfns for k= 49 and energy number 6 (out of 50)
MT3 for 90232 not found
MT  3 19 for 90232 not found
MT3 for 90232 not found
MT  3 20 for 90232 not found
Create input file for pfns for k= 50 and energy number 6 (out of 50)
MT3 for 90232 not found
MT  3 19 for 90232 not found
MT3 for 90232 not found
MT  3 20 for 90232 not found
Create input file for pfns for k= 51 and energy number 6 (out of 50)
MT3 for 90232 not found
MT  3 19 for 90232 not found
MT3 for 90232 not found
MT  3 20 for 90232 not found
Create input file for pfns for k= 52 and energy number 6 (out of 50)
MT3 for 90232 not found
MT  3 19 for 90232 not found
MT3 for 90232 not found
MT  3 20 for 90232 not found
Create input file for pfns for k= 53 and energy number 6 (out of 50)
MT3 for 90232 not found
MT  3 19 for 90232 not found
MT3 for 90232 not found
MT  3 20 for 90232 not found
Create input file for pfns for k= 54 and energy number 6 (out of 50)
MT3 for 90232 not found
MT  3 19 for 90232 not found
MT3 for 90232 not found
MT  3 20 for 90232 not found
Create input file for pfns for k= 55 and energy number 6 (out of 50)
MT3 for 90232 not found
MT  3 19 for 90232 not found
MT3 for 90232 not found
MT  3 20 for 90232 not found
Create input file for pfns for k= 56 and energy number 6 (out of 50)
MT3 for 90232 not found
MT  3 19 for 90232 not found
MT3 for 90232 not found
MT  3 20 for 90232 not found
Create input file for pfns for k= 57 and energy number 6 (out of 50)
MT3 for 90232 not found
MT  3 19 for 90232 not found
MT3 for 90232 not found
MT  3 20 for 90232 not found
Create input file for pfns for k= 58 and energy number 6 (out of 50)
MT3 for 90232 not found
MT  3 19 for 90232 not found
MT3 for 90232 not found
MT  3 20 for 90232 not found
Create input file for pfns for k= 59 and energy number 6 (out of 50)
MT3 for 90232 not found
MT  3 19 for 90232 not found
MT3 for 90232 not found
MT  3 20 for 90232 not found
Create input file for pfns for k= 60 and energy number 6 (out of 50)
MT3 for 90232 not found
MT  3 19 for 90232 not found
MT3 for 90232 not found
MT  3 20 for 90232 not found
Create input file for pfns for k= 61 and energy number 6 (out of 50)
MT3 for 90232 not found
MT  3 19 for 90232 not found
MT3 for 90232 not found
MT  3 20 for 90232 not found
Create input file for pfns for k= 62 and energy number 6 (out of 50)
MT3 for 90232 not found
MT  3 19 for 90232 not found
MT3 for 90232 not found
MT  3 20 for 90232 not found
Create input file for pfns for k= 63 and energy number 6 (out of 50)
MT3 for 90232 not found
MT  3 19 for 90232 not found
MT3 for 90232 not found
MT  3 20 for 90232 not found
Create input file for pfns for k= 64 and energy number 6 (out of 50)
MT3 for 90232 not found
MT  3 19 for 90232 not found
MT3 for 90232 not found
MT  3 20 for 90232 not found
Create input file for pfns for k= 65 and energy number 6 (out of 50)
MT3 for 90232 not found
MT  3 19 for 90232 not found
MT3 for 90232 not found
MT  3 20 for 90232 not found
Create input file for pfns for k= 66 and energy number 6 (out of 50)
MT3 for 90232 not found
MT  3 19 for 90232 not found
MT3 for 90232 not found
MT  3 20 for 90232 not found
Create input file for pfns for k= 67 and energy number 6 (out of 50)
MT3 for 90232 not found
MT  3 19 for 90232 not found
MT3 for 90232 not found
MT  3 20 for 90232 not found
Create input file for pfns for k= 68 and energy number 6 (out of 50)
MT3 for 90232 not found
MT  3 19 for 90232 not found
MT3 for 90232 not found
MT  3 20 for 90232 not found
Create input file for pfns for k= 69 and energy number 6 (out of 50)
MT3 for 90232 not found
MT  3 19 for 90232 not found
MT3 for 90232 not found
MT  3 20 for 90232 not found
Create input file for pfns for k= 70 and energy number 6 (out of 50)
MT3 for 90232 not found
MT  3 19 for 90232 not found
MT3 for 90232 not found
MT  3 20 for 90232 not found
Create input file for pfns for k= 71 and energy number 6 (out of 50)
MT3 for 90232 not found
MT  3 19 for 90232 not found
MT3 for 90232 not found
MT  3 20 for 90232 not found
Create input file for pfns for k= 72 and energy number 6 (out of 50)
MT3 for 90232 not found
MT  3 19 for 90232 not found
MT3 for 90232 not found
MT  3 20 for 90232 not found
Create input file for pfns for k= 73 and energy number 6 (out of 50)
MT3 for 90232 not found
MT  3 19 for 90232 not found
MT3 for 90232 not found
MT  3 20 for 90232 not found
Create input file for pfns for k= 74 and energy number 6 (out of 50)
MT3 for 90232 not found
MT  3 19 for 90232 not found
MT3 for 90232 not found
MT  3 20 for 90232 not found
Create input file for pfns for k= 75 and energy number 6 (out of 50)
MT3 for 90232 not found
MT  3 19 for 90232 not found
MT3 for 90232 not found
MT  3 20 for 90232 not found
Create input file for pfns for k= 76 and energy number 6 (out of 50)
MT3 for 90232 not found
MT  3 19 for 90232 not found
MT3 for 90232 not found
MT  3 20 for 90232 not found
Create input file for pfns for k= 77 and energy number 6 (out of 50)
MT3 for 90232 not found
MT  3 19 for 90232 not found
MT3 for 90232 not found
MT  3 20 for 90232 not found
Create input file for pfns for k= 78 and energy number 6 (out of 50)
MT3 for 90232 not found
MT  3 19 for 90232 not found
MT3 for 90232 not found
MT  3 20 for 90232 not found
Create input file for pfns for k= 79 and energy number 6 (out of 50)
MT3 for 90232 not found
MT  3 19 for 90232 not found
MT3 for 90232 not found
MT  3 20 for 90232 not found
Create input file for pfns for k= 80 and energy number 6 (out of 50)
MT3 for 90232 not found
MT  3 19 for 90232 not found
MT3 for 90232 not found
MT  3 20 for 90232 not found
Create input file for pfns for k= 81 and energy number 6 (out of 50)
MT3 for 90232 not found
MT  3 19 for 90232 not found
MT3 for 90232 not found
MT  3 20 for 90232 not found
Create input file for pfns for k= 82 and energy number 6 (out of 50)
MT3 for 90232 not found
MT  3 19 for 90232 not found
MT3 for 90232 not found
MT  3 20 for 90232 not found
Create input file for pfns for k= 83 and energy number 6 (out of 50)
MT3 for 90232 not found
MT  3 19 for 90232 not found
MT3 for 90232 not found
MT  3 20 for 90232 not found
Create input file for pfns for k= 84 and energy number 6 (out of 50)
MT3 for 90232 not found
MT  3 19 for 90232 not found
MT3 for 90232 not found
MT  3 20 for 90232 not found
Create input file for pfns for k= 85 and energy number 6 (out of 50)
MT3 for 90232 not found
MT  3 19 for 90232 not found
MT3 for 90232 not found
MT  3 20 for 90232 not found
Create input file for pfns for k= 86 and energy number 6 (out of 50)
MT3 for 90232 not found
MT  3 19 for 90232 not found
MT3 for 90232 not found
MT  3 20 for 90232 not found
Create input file for pfns for k= 87 and energy number 6 (out of 50)
MT3 for 90232 not found
MT  3 19 for 90232 not found
MT3 for 90232 not found
MT  3 20 for 90232 not found
Create input file for pfns for k= 88 and energy number 6 (out of 50)
MT3 for 90232 not found
MT  3 19 for 90232 not found
MT3 for 90232 not found
MT  3 20 for 90232 not found
Create input file for pfns for k= 89 and energy number 6 (out of 50)
MT3 for 90232 not found
MT  3 19 for 90232 not found
MT3 for 90232 not found
MT  3 20 for 90232 not found
Create input file for pfns for k= 90 and energy number 6 (out of 50)
MT3 for 90232 not found
MT  3 19 for 90232 not found
MT3 for 90232 not found
MT  3 20 for 90232 not found
Create input file for pfns for k= 91 and energy number 6 (out of 50)
MT3 for 90232 not found
MT  3 19 for 90232 not found
MT3 for 90232 not found
MT  3 20 for 90232 not found
Create input file for pfns for k= 92 and energy number 6 (out of 50)
MT3 for 90232 not found
MT  3 19 for 90232 not found
MT3 for 90232 not found
MT  3 20 for 90232 not found
Create input file for pfns for k= 93 and energy number 6 (out of 50)
MT3 for 90232 not found
MT  3 19 for 90232 not found
MT3 for 90232 not found
MT  3 20 for 90232 not found
Create input file for pfns for k= 94 and energy number 6 (out of 50)
MT3 for 90232 not found
MT  3 19 for 90232 not found
MT3 for 90232 not found
MT  3 20 for 90232 not found
Create input file for pfns for k= 95 and energy number 6 (out of 50)
MT3 for 90232 not found
MT  3 19 for 90232 not found
MT3 for 90232 not found
MT  3 20 for 90232 not found
Create input file for pfns for k= 96 and energy number 6 (out of 50)
MT3 for 90232 not found
MT  3 19 for 90232 not found
MT3 for 90232 not found
MT  3 20 for 90232 not found
Create input file for pfns for k= 97 and energy number 6 (out of 50)
MT3 for 90232 not found
MT  3 19 for 90232 not found
MT3 for 90232 not found
MT  3 20 for 90232 not found
Create input file for pfns for k= 98 and energy number 6 (out of 50)
MT3 for 90232 not found
MT  3 19 for 90232 not found
MT3 for 90232 not found
MT  3 20 for 90232 not found
Create input file for pfns for k= 99 and energy number 6 (out of 50)
MT3 for 90232 not found
MT  3 19 for 90232 not found
MT3 for 90232 not found
MT  3 20 for 90232 not found
Create input file for pfns for k= 100 and energy number 6 (out of 50)
MT3 for 90232 not found
MT  3 19 for 90232 not found
MT3 for 90232 not found
MT  3 20 for 90232 not found
Create input file for pfns for k= 0 and energy number 7 (out of 50)
MT3 for 90232 not found
MT  3 19 for 90232 not found
MT3 for 90232 not found
MT  3 20 for 90232 not found
Create input file for pfns for k= 1 and energy number 7 (out of 50)
MT3 for 90232 not found
MT  3 19 for 90232 not found
MT3 for 90232 not found
MT  3 20 for 90232 not found
Create input file for pfns for k= 2 and energy number 7 (out of 50)
MT3 for 90232 not found
MT  3 19 for 90232 not found
MT3 for 90232 not found
MT  3 20 for 90232 not found
Create input file for pfns for k= 3 and energy number 7 (out of 50)
MT3 for 90232 not found
MT  3 19 for 90232 not found
MT3 for 90232 not found
MT  3 20 for 90232 not found
Create input file for pfns for k= 4 and energy number 7 (out of 50)
MT3 for 90232 not found
MT  3 19 for 90232 not found
MT3 for 90232 not found
MT  3 20 for 90232 not found
Create input file for pfns for k= 5 and energy number 7 (out of 50)
MT3 for 90232 not found
MT  3 19 for 90232 not found
MT3 for 90232 not found
MT  3 20 for 90232 not found
Create input file for pfns for k= 6 and energy number 7 (out of 50)
MT3 for 90232 not found
MT  3 19 for 90232 not found
MT3 for 90232 not found
MT  3 20 for 90232 not found
Create input file for pfns for k= 7 and energy number 7 (out of 50)
MT3 for 90232 not found
MT  3 19 for 90232 not found
MT3 for 90232 not found
MT  3 20 for 90232 not found
Create input file for pfns for k= 8 and energy number 7 (out of 50)
MT3 for 90232 not found
MT  3 19 for 90232 not found
MT3 for 90232 not found
MT  3 20 for 90232 not found
Create input file for pfns for k= 9 and energy number 7 (out of 50)
MT3 for 90232 not found
MT  3 19 for 90232 not found
MT3 for 90232 not found
MT  3 20 for 90232 not found
Create input file for pfns for k= 10 and energy number 7 (out of 50)
MT3 for 90232 not found
MT  3 19 for 90232 not found
MT3 for 90232 not found
MT  3 20 for 90232 not found
Create input file for pfns for k= 11 and energy number 7 (out of 50)
MT3 for 90232 not found
MT  3 19 for 90232 not found
MT3 for 90232 not found
MT  3 20 for 90232 not found
Create input file for pfns for k= 12 and energy number 7 (out of 50)
MT3 for 90232 not found
MT  3 19 for 90232 not found
MT3 for 90232 not found
MT  3 20 for 90232 not found
Create input file for pfns for k= 13 and energy number 7 (out of 50)
MT3 for 90232 not found
MT  3 19 for 90232 not found
MT3 for 90232 not found
MT  3 20 for 90232 not found
Create input file for pfns for k= 14 and energy number 7 (out of 50)
MT3 for 90232 not found
MT  3 19 for 90232 not found
MT3 for 90232 not found
MT  3 20 for 90232 not found
Create input file for pfns for k= 15 and energy number 7 (out of 50)
MT3 for 90232 not found
MT  3 19 for 90232 not found
MT3 for 90232 not found
MT  3 20 for 90232 not found
Create input file for pfns for k= 16 and energy number 7 (out of 50)
MT3 for 90232 not found
MT  3 19 for 90232 not found
MT3 for 90232 not found
MT  3 20 for 90232 not found
Create input file for pfns for k= 17 and energy number 7 (out of 50)
MT3 for 90232 not found
MT  3 19 for 90232 not found
MT3 for 90232 not found
MT  3 20 for 90232 not found
Create input file for pfns for k= 18 and energy number 7 (out of 50)
MT3 for 90232 not found
MT  3 19 for 90232 not found
MT3 for 90232 not found
MT  3 20 for 90232 not found
Create input file for pfns for k= 19 and energy number 7 (out of 50)
MT3 for 90232 not found
MT  3 19 for 90232 not found
MT3 for 90232 not found
MT  3 20 for 90232 not found
Create input file for pfns for k= 20 and energy number 7 (out of 50)
MT3 for 90232 not found
MT  3 19 for 90232 not found
MT3 for 90232 not found
MT  3 20 for 90232 not found
Create input file for pfns for k= 21 and energy number 7 (out of 50)
MT3 for 90232 not found
MT  3 19 for 90232 not found
MT3 for 90232 not found
MT  3 20 for 90232 not found
Create input file for pfns for k= 22 and energy number 7 (out of 50)
MT3 for 90232 not found
MT  3 19 for 90232 not found
MT3 for 90232 not found
MT  3 20 for 90232 not found
Create input file for pfns for k= 23 and energy number 7 (out of 50)
MT3 for 90232 not found
MT  3 19 for 90232 not found
MT3 for 90232 not found
MT  3 20 for 90232 not found
Create input file for pfns for k= 24 and energy number 7 (out of 50)
MT3 for 90232 not found
MT  3 19 for 90232 not found
MT3 for 90232 not found
MT  3 20 for 90232 not found
Create input file for pfns for k= 25 and energy number 7 (out of 50)
MT3 for 90232 not found
MT  3 19 for 90232 not found
MT3 for 90232 not found
MT  3 20 for 90232 not found
Create input file for pfns for k= 26 and energy number 7 (out of 50)
MT3 for 90232 not found
MT  3 19 for 90232 not found
MT3 for 90232 not found
MT  3 20 for 90232 not found
Create input file for pfns for k= 27 and energy number 7 (out of 50)
MT3 for 90232 not found
MT  3 19 for 90232 not found
MT3 for 90232 not found
MT  3 20 for 90232 not found
Create input file for pfns for k= 28 and energy number 7 (out of 50)
MT3 for 90232 not found
MT  3 19 for 90232 not found
MT3 for 90232 not found
MT  3 20 for 90232 not found
Create input file for pfns for k= 29 and energy number 7 (out of 50)
MT3 for 90232 not found
MT  3 19 for 90232 not found
MT3 for 90232 not found
MT  3 20 for 90232 not found
Create input file for pfns for k= 30 and energy number 7 (out of 50)
MT3 for 90232 not found
MT  3 19 for 90232 not found
MT3 for 90232 not found
MT  3 20 for 90232 not found
Create input file for pfns for k= 31 and energy number 7 (out of 50)
MT3 for 90232 not found
MT  3 19 for 90232 not found
MT3 for 90232 not found
MT  3 20 for 90232 not found
Create input file for pfns for k= 32 and energy number 7 (out of 50)
MT3 for 90232 not found
MT  3 19 for 90232 not found
MT3 for 90232 not found
MT  3 20 for 90232 not found
Create input file for pfns for k= 33 and energy number 7 (out of 50)
MT3 for 90232 not found
MT  3 19 for 90232 not found
MT3 for 90232 not found
MT  3 20 for 90232 not found
Create input file for pfns for k= 34 and energy number 7 (out of 50)
MT3 for 90232 not found
MT  3 19 for 90232 not found
MT3 for 90232 not found
MT  3 20 for 90232 not found
Create input file for pfns for k= 35 and energy number 7 (out of 50)
MT3 for 90232 not found
MT  3 19 for 90232 not found
MT3 for 90232 not found
MT  3 20 for 90232 not found
Create input file for pfns for k= 36 and energy number 7 (out of 50)
MT3 for 90232 not found
MT  3 19 for 90232 not found
MT3 for 90232 not found
MT  3 20 for 90232 not found
Create input file for pfns for k= 37 and energy number 7 (out of 50)
MT3 for 90232 not found
MT  3 19 for 90232 not found
MT3 for 90232 not found
MT  3 20 for 90232 not found
Create input file for pfns for k= 38 and energy number 7 (out of 50)
MT3 for 90232 not found
MT  3 19 for 90232 not found
MT3 for 90232 not found
MT  3 20 for 90232 not found
Create input file for pfns for k= 39 and energy number 7 (out of 50)
MT3 for 90232 not found
MT  3 19 for 90232 not found
MT3 for 90232 not found
MT  3 20 for 90232 not found
Create input file for pfns for k= 40 and energy number 7 (out of 50)
MT3 for 90232 not found
MT  3 19 for 90232 not found
MT3 for 90232 not found
MT  3 20 for 90232 not found
Create input file for pfns for k= 41 and energy number 7 (out of 50)
MT3 for 90232 not found
MT  3 19 for 90232 not found
MT3 for 90232 not found
MT  3 20 for 90232 not found
Create input file for pfns for k= 42 and energy number 7 (out of 50)
MT3 for 90232 not found
MT  3 19 for 90232 not found
MT3 for 90232 not found
MT  3 20 for 90232 not found
Create input file for pfns for k= 43 and energy number 7 (out of 50)
MT3 for 90232 not found
MT  3 19 for 90232 not found
MT3 for 90232 not found
MT  3 20 for 90232 not found
Create input file for pfns for k= 44 and energy number 7 (out of 50)
MT3 for 90232 not found
MT  3 19 for 90232 not found
MT3 for 90232 not found
MT  3 20 for 90232 not found
Create input file for pfns for k= 45 and energy number 7 (out of 50)
MT3 for 90232 not found
MT  3 19 for 90232 not found
MT3 for 90232 not found
MT  3 20 for 90232 not found
Create input file for pfns for k= 46 and energy number 7 (out of 50)
MT3 for 90232 not found
MT  3 19 for 90232 not found
MT3 for 90232 not found
MT  3 20 for 90232 not found
Create input file for pfns for k= 47 and energy number 7 (out of 50)
MT3 for 90232 not found
MT  3 19 for 90232 not found
MT3 for 90232 not found
MT  3 20 for 90232 not found
Create input file for pfns for k= 48 and energy number 7 (out of 50)
MT3 for 90232 not found
MT  3 19 for 90232 not found
MT3 for 90232 not found
MT  3 20 for 90232 not found
Create input file for pfns for k= 49 and energy number 7 (out of 50)
MT3 for 90232 not found
MT  3 19 for 90232 not found
MT3 for 90232 not found
MT  3 20 for 90232 not found
Create input file for pfns for k= 50 and energy number 7 (out of 50)
MT3 for 90232 not found
MT  3 19 for 90232 not found
MT3 for 90232 not found
MT  3 20 for 90232 not found
Create input file for pfns for k= 51 and energy number 7 (out of 50)
MT3 for 90232 not found
MT  3 19 for 90232 not found
MT3 for 90232 not found
MT  3 20 for 90232 not found
Create input file for pfns for k= 52 and energy number 7 (out of 50)
MT3 for 90232 not found
MT  3 19 for 90232 not found
MT3 for 90232 not found
MT  3 20 for 90232 not found
Create input file for pfns for k= 53 and energy number 7 (out of 50)
MT3 for 90232 not found
MT  3 19 for 90232 not found
MT3 for 90232 not found
MT  3 20 for 90232 not found
Create input file for pfns for k= 54 and energy number 7 (out of 50)
MT3 for 90232 not found
MT  3 19 for 90232 not found
MT3 for 90232 not found
MT  3 20 for 90232 not found
Create input file for pfns for k= 55 and energy number 7 (out of 50)
MT3 for 90232 not found
MT  3 19 for 90232 not found
MT3 for 90232 not found
MT  3 20 for 90232 not found
Create input file for pfns for k= 56 and energy number 7 (out of 50)
MT3 for 90232 not found
MT  3 19 for 90232 not found
MT3 for 90232 not found
MT  3 20 for 90232 not found
Create input file for pfns for k= 57 and energy number 7 (out of 50)
MT3 for 90232 not found
MT  3 19 for 90232 not found
MT3 for 90232 not found
MT  3 20 for 90232 not found
Create input file for pfns for k= 58 and energy number 7 (out of 50)
MT3 for 90232 not found
MT  3 19 for 90232 not found
MT3 for 90232 not found
MT  3 20 for 90232 not found
Create input file for pfns for k= 59 and energy number 7 (out of 50)
MT3 for 90232 not found
MT  3 19 for 90232 not found
MT3 for 90232 not found
MT  3 20 for 90232 not found
Create input file for pfns for k= 60 and energy number 7 (out of 50)
MT3 for 90232 not found
MT  3 19 for 90232 not found
MT3 for 90232 not found
MT  3 20 for 90232 not found
Create input file for pfns for k= 61 and energy number 7 (out of 50)
MT3 for 90232 not found
MT  3 19 for 90232 not found
MT3 for 90232 not found
MT  3 20 for 90232 not found
Create input file for pfns for k= 62 and energy number 7 (out of 50)
MT3 for 90232 not found
MT  3 19 for 90232 not found
MT3 for 90232 not found
MT  3 20 for 90232 not found
Create input file for pfns for k= 63 and energy number 7 (out of 50)
MT3 for 90232 not found
MT  3 19 for 90232 not found
MT3 for 90232 not found
MT  3 20 for 90232 not found
Create input file for pfns for k= 64 and energy number 7 (out of 50)
MT3 for 90232 not found
MT  3 19 for 90232 not found
MT3 for 90232 not found
MT  3 20 for 90232 not found
Create input file for pfns for k= 65 and energy number 7 (out of 50)
MT3 for 90232 not found
MT  3 19 for 90232 not found
MT3 for 90232 not found
MT  3 20 for 90232 not found
Create input file for pfns for k= 66 and energy number 7 (out of 50)
MT3 for 90232 not found
MT  3 19 for 90232 not found
MT3 for 90232 not found
MT  3 20 for 90232 not found
Create input file for pfns for k= 67 and energy number 7 (out of 50)
MT3 for 90232 not found
MT  3 19 for 90232 not found
MT3 for 90232 not found
MT  3 20 for 90232 not found
Create input file for pfns for k= 68 and energy number 7 (out of 50)
MT3 for 90232 not found
MT  3 19 for 90232 not found
MT3 for 90232 not found
MT  3 20 for 90232 not found
Create input file for pfns for k= 69 and energy number 7 (out of 50)
MT3 for 90232 not found
MT  3 19 for 90232 not found
MT3 for 90232 not found
MT  3 20 for 90232 not found
Create input file for pfns for k= 70 and energy number 7 (out of 50)
MT3 for 90232 not found
MT  3 19 for 90232 not found
MT3 for 90232 not found
MT  3 20 for 90232 not found
Create input file for pfns for k= 71 and energy number 7 (out of 50)
MT3 for 90232 not found
MT  3 19 for 90232 not found
MT3 for 90232 not found
MT  3 20 for 90232 not found
Create input file for pfns for k= 72 and energy number 7 (out of 50)
MT3 for 90232 not found
MT  3 19 for 90232 not found
MT3 for 90232 not found
MT  3 20 for 90232 not found
Create input file for pfns for k= 73 and energy number 7 (out of 50)
MT3 for 90232 not found
MT  3 19 for 90232 not found
MT3 for 90232 not found
MT  3 20 for 90232 not found
Create input file for pfns for k= 74 and energy number 7 (out of 50)
MT3 for 90232 not found
MT  3 19 for 90232 not found
MT3 for 90232 not found
MT  3 20 for 90232 not found
Create input file for pfns for k= 75 and energy number 7 (out of 50)
MT3 for 90232 not found
MT  3 19 for 90232 not found
MT3 for 90232 not found
MT  3 20 for 90232 not found
Create input file for pfns for k= 76 and energy number 7 (out of 50)
MT3 for 90232 not found
MT  3 19 for 90232 not found
MT3 for 90232 not found
MT  3 20 for 90232 not found
Create input file for pfns for k= 77 and energy number 7 (out of 50)
MT3 for 90232 not found
MT  3 19 for 90232 not found
MT3 for 90232 not found
MT  3 20 for 90232 not found
Create input file for pfns for k= 78 and energy number 7 (out of 50)
MT3 for 90232 not found
MT  3 19 for 90232 not found
MT3 for 90232 not found
MT  3 20 for 90232 not found
Create input file for pfns for k= 79 and energy number 7 (out of 50)
MT3 for 90232 not found
MT  3 19 for 90232 not found
MT3 for 90232 not found
MT  3 20 for 90232 not found
Create input file for pfns for k= 80 and energy number 7 (out of 50)
MT3 for 90232 not found
MT  3 19 for 90232 not found
MT3 for 90232 not found
MT  3 20 for 90232 not found
Create input file for pfns for k= 81 and energy number 7 (out of 50)
MT3 for 90232 not found
MT  3 19 for 90232 not found
MT3 for 90232 not found
MT  3 20 for 90232 not found
Create input file for pfns for k= 82 and energy number 7 (out of 50)
MT3 for 90232 not found
MT  3 19 for 90232 not found
MT3 for 90232 not found
MT  3 20 for 90232 not found
Create input file for pfns for k= 83 and energy number 7 (out of 50)
MT3 for 90232 not found
MT  3 19 for 90232 not found
MT3 for 90232 not found
MT  3 20 for 90232 not found
Create input file for pfns for k= 84 and energy number 7 (out of 50)
MT3 for 90232 not found
MT  3 19 for 90232 not found
MT3 for 90232 not found
MT  3 20 for 90232 not found
Create input file for pfns for k= 85 and energy number 7 (out of 50)
MT3 for 90232 not found
MT  3 19 for 90232 not found
MT3 for 90232 not found
MT  3 20 for 90232 not found
Create input file for pfns for k= 86 and energy number 7 (out of 50)
MT3 for 90232 not found
MT  3 19 for 90232 not found
MT3 for 90232 not found
MT  3 20 for 90232 not found
Create input file for pfns for k= 87 and energy number 7 (out of 50)
MT3 for 90232 not found
MT  3 19 for 90232 not found
MT3 for 90232 not found
MT  3 20 for 90232 not found
Create input file for pfns for k= 88 and energy number 7 (out of 50)
MT3 for 90232 not found
MT  3 19 for 90232 not found
MT3 for 90232 not found
MT  3 20 for 90232 not found
Create input file for pfns for k= 89 and energy number 7 (out of 50)
MT3 for 90232 not found
MT  3 19 for 90232 not found
MT3 for 90232 not found
MT  3 20 for 90232 not found
Create input file for pfns for k= 90 and energy number 7 (out of 50)
MT3 for 90232 not found
MT  3 19 for 90232 not found
MT3 for 90232 not found
MT  3 20 for 90232 not found
Create input file for pfns for k= 91 and energy number 7 (out of 50)
MT3 for 90232 not found
MT  3 19 for 90232 not found
MT3 for 90232 not found
MT  3 20 for 90232 not found
Create input file for pfns for k= 92 and energy number 7 (out of 50)
MT3 for 90232 not found
MT  3 19 for 90232 not found
MT3 for 90232 not found
MT  3 20 for 90232 not found
Create input file for pfns for k= 93 and energy number 7 (out of 50)
MT3 for 90232 not found
MT  3 19 for 90232 not found
MT3 for 90232 not found
MT  3 20 for 90232 not found
Create input file for pfns for k= 94 and energy number 7 (out of 50)
MT3 for 90232 not found
MT  3 19 for 90232 not found
MT3 for 90232 not found
MT  3 20 for 90232 not found
Create input file for pfns for k= 95 and energy number 7 (out of 50)
MT3 for 90232 not found
MT  3 19 for 90232 not found
MT3 for 90232 not found
MT  3 20 for 90232 not found
Create input file for pfns for k= 96 and energy number 7 (out of 50)
MT3 for 90232 not found
MT  3 19 for 90232 not found
MT3 for 90232 not found
MT  3 20 for 90232 not found
Create input file for pfns for k= 97 and energy number 7 (out of 50)
MT3 for 90232 not found
MT  3 19 for 90232 not found
MT3 for 90232 not found
MT  3 20 for 90232 not found
Create input file for pfns for k= 98 and energy number 7 (out of 50)
MT3 for 90232 not found
MT  3 19 for 90232 not found
MT3 for 90232 not found
MT  3 20 for 90232 not found
Create input file for pfns for k= 99 and energy number 7 (out of 50)
MT3 for 90232 not found
MT  3 19 for 90232 not found
MT3 for 90232 not found
MT  3 20 for 90232 not found
Create input file for pfns for k= 100 and energy number 7 (out of 50)
MT3 for 90232 not found
MT  3 19 for 90232 not found
MT3 for 90232 not found
MT  3 20 for 90232 not found
Create input file for pfns for k= 0 and energy number 8 (out of 50)
MT3 for 90232 not found
MT  3 19 for 90232 not found
MT3 for 90232 not found
MT  3 20 for 90232 not found
Create input file for pfns for k= 1 and energy number 8 (out of 50)
MT3 for 90232 not found
MT  3 19 for 90232 not found
MT3 for 90232 not found
MT  3 20 for 90232 not found
Create input file for pfns for k= 2 and energy number 8 (out of 50)
MT3 for 90232 not found
MT  3 19 for 90232 not found
MT3 for 90232 not found
MT  3 20 for 90232 not found
Create input file for pfns for k= 3 and energy number 8 (out of 50)
MT3 for 90232 not found
MT  3 19 for 90232 not found
MT3 for 90232 not found
MT  3 20 for 90232 not found
Create input file for pfns for k= 4 and energy number 8 (out of 50)
MT3 for 90232 not found
MT  3 19 for 90232 not found
MT3 for 90232 not found
MT  3 20 for 90232 not found
Create input file for pfns for k= 5 and energy number 8 (out of 50)
MT3 for 90232 not found
MT  3 19 for 90232 not found
MT3 for 90232 not found
MT  3 20 for 90232 not found
Create input file for pfns for k= 6 and energy number 8 (out of 50)
MT3 for 90232 not found
MT  3 19 for 90232 not found
MT3 for 90232 not found
MT  3 20 for 90232 not found
Create input file for pfns for k= 7 and energy number 8 (out of 50)
MT3 for 90232 not found
MT  3 19 for 90232 not found
MT3 for 90232 not found
MT  3 20 for 90232 not found
Create input file for pfns for k= 8 and energy number 8 (out of 50)
MT3 for 90232 not found
MT  3 19 for 90232 not found
MT3 for 90232 not found
MT  3 20 for 90232 not found
Create input file for pfns for k= 9 and energy number 8 (out of 50)
MT3 for 90232 not found
MT  3 19 for 90232 not found
MT3 for 90232 not found
MT  3 20 for 90232 not found
Create input file for pfns for k= 10 and energy number 8 (out of 50)
MT3 for 90232 not found
MT  3 19 for 90232 not found
MT3 for 90232 not found
MT  3 20 for 90232 not found
Create input file for pfns for k= 11 and energy number 8 (out of 50)
MT3 for 90232 not found
MT  3 19 for 90232 not found
MT3 for 90232 not found
MT  3 20 for 90232 not found
Create input file for pfns for k= 12 and energy number 8 (out of 50)
MT3 for 90232 not found
MT  3 19 for 90232 not found
MT3 for 90232 not found
MT  3 20 for 90232 not found
Create input file for pfns for k= 13 and energy number 8 (out of 50)
MT3 for 90232 not found
MT  3 19 for 90232 not found
MT3 for 90232 not found
MT  3 20 for 90232 not found
Create input file for pfns for k= 14 and energy number 8 (out of 50)
MT3 for 90232 not found
MT  3 19 for 90232 not found
MT3 for 90232 not found
MT  3 20 for 90232 not found
Create input file for pfns for k= 15 and energy number 8 (out of 50)
MT3 for 90232 not found
MT  3 19 for 90232 not found
MT3 for 90232 not found
MT  3 20 for 90232 not found
Create input file for pfns for k= 16 and energy number 8 (out of 50)
MT3 for 90232 not found
MT  3 19 for 90232 not found
MT3 for 90232 not found
MT  3 20 for 90232 not found
Create input file for pfns for k= 17 and energy number 8 (out of 50)
MT3 for 90232 not found
MT  3 19 for 90232 not found
MT3 for 90232 not found
MT  3 20 for 90232 not found
Create input file for pfns for k= 18 and energy number 8 (out of 50)
MT3 for 90232 not found
MT  3 19 for 90232 not found
MT3 for 90232 not found
MT  3 20 for 90232 not found
Create input file for pfns for k= 19 and energy number 8 (out of 50)
MT3 for 90232 not found
MT  3 19 for 90232 not found
MT3 for 90232 not found
MT  3 20 for 90232 not found
Create input file for pfns for k= 20 and energy number 8 (out of 50)
MT3 for 90232 not found
MT  3 19 for 90232 not found
MT3 for 90232 not found
MT  3 20 for 90232 not found
Create input file for pfns for k= 21 and energy number 8 (out of 50)
MT3 for 90232 not found
MT  3 19 for 90232 not found
MT3 for 90232 not found
MT  3 20 for 90232 not found
Create input file for pfns for k= 22 and energy number 8 (out of 50)
MT3 for 90232 not found
MT  3 19 for 90232 not found
MT3 for 90232 not found
MT  3 20 for 90232 not found
Create input file for pfns for k= 23 and energy number 8 (out of 50)
MT3 for 90232 not found
MT  3 19 for 90232 not found
MT3 for 90232 not found
MT  3 20 for 90232 not found
Create input file for pfns for k= 24 and energy number 8 (out of 50)
MT3 for 90232 not found
MT  3 19 for 90232 not found
MT3 for 90232 not found
MT  3 20 for 90232 not found
Create input file for pfns for k= 25 and energy number 8 (out of 50)
MT3 for 90232 not found
MT  3 19 for 90232 not found
MT3 for 90232 not found
MT  3 20 for 90232 not found
Create input file for pfns for k= 26 and energy number 8 (out of 50)
MT3 for 90232 not found
MT  3 19 for 90232 not found
MT3 for 90232 not found
MT  3 20 for 90232 not found
Create input file for pfns for k= 27 and energy number 8 (out of 50)
MT3 for 90232 not found
MT  3 19 for 90232 not found
MT3 for 90232 not found
MT  3 20 for 90232 not found
Create input file for pfns for k= 28 and energy number 8 (out of 50)
MT3 for 90232 not found
MT  3 19 for 90232 not found
MT3 for 90232 not found
MT  3 20 for 90232 not found
Create input file for pfns for k= 29 and energy number 8 (out of 50)
MT3 for 90232 not found
MT  3 19 for 90232 not found
MT3 for 90232 not found
MT  3 20 for 90232 not found
Create input file for pfns for k= 30 and energy number 8 (out of 50)
MT3 for 90232 not found
MT  3 19 for 90232 not found
MT3 for 90232 not found
MT  3 20 for 90232 not found
Create input file for pfns for k= 31 and energy number 8 (out of 50)
MT3 for 90232 not found
MT  3 19 for 90232 not found
MT3 for 90232 not found
MT  3 20 for 90232 not found
Create input file for pfns for k= 32 and energy number 8 (out of 50)
MT3 for 90232 not found
MT  3 19 for 90232 not found
MT3 for 90232 not found
MT  3 20 for 90232 not found
Create input file for pfns for k= 33 and energy number 8 (out of 50)
MT3 for 90232 not found
MT  3 19 for 90232 not found
MT3 for 90232 not found
MT  3 20 for 90232 not found
Create input file for pfns for k= 34 and energy number 8 (out of 50)
MT3 for 90232 not found
MT  3 19 for 90232 not found
MT3 for 90232 not found
MT  3 20 for 90232 not found
Create input file for pfns for k= 35 and energy number 8 (out of 50)
MT3 for 90232 not found
MT  3 19 for 90232 not found
MT3 for 90232 not found
MT  3 20 for 90232 not found
Create input file for pfns for k= 36 and energy number 8 (out of 50)
MT3 for 90232 not found
MT  3 19 for 90232 not found
MT3 for 90232 not found
MT  3 20 for 90232 not found
Create input file for pfns for k= 37 and energy number 8 (out of 50)
MT3 for 90232 not found
MT  3 19 for 90232 not found
MT3 for 90232 not found
MT  3 20 for 90232 not found
Create input file for pfns for k= 38 and energy number 8 (out of 50)
MT3 for 90232 not found
MT  3 19 for 90232 not found
MT3 for 90232 not found
MT  3 20 for 90232 not found
Create input file for pfns for k= 39 and energy number 8 (out of 50)
MT3 for 90232 not found
MT  3 19 for 90232 not found
MT3 for 90232 not found
MT  3 20 for 90232 not found
Create input file for pfns for k= 40 and energy number 8 (out of 50)
MT3 for 90232 not found
MT  3 19 for 90232 not found
MT3 for 90232 not found
MT  3 20 for 90232 not found
Create input file for pfns for k= 41 and energy number 8 (out of 50)
MT3 for 90232 not found
MT  3 19 for 90232 not found
MT3 for 90232 not found
MT  3 20 for 90232 not found
Create input file for pfns for k= 42 and energy number 8 (out of 50)
MT3 for 90232 not found
MT  3 19 for 90232 not found
MT3 for 90232 not found
MT  3 20 for 90232 not found
Create input file for pfns for k= 43 and energy number 8 (out of 50)
MT3 for 90232 not found
MT  3 19 for 90232 not found
MT3 for 90232 not found
MT  3 20 for 90232 not found
Create input file for pfns for k= 44 and energy number 8 (out of 50)
MT3 for 90232 not found
MT  3 19 for 90232 not found
MT3 for 90232 not found
MT  3 20 for 90232 not found
Create input file for pfns for k= 45 and energy number 8 (out of 50)
MT3 for 90232 not found
MT  3 19 for 90232 not found
MT3 for 90232 not found
MT  3 20 for 90232 not found
Create input file for pfns for k= 46 and energy number 8 (out of 50)
MT3 for 90232 not found
MT  3 19 for 90232 not found
MT3 for 90232 not found
MT  3 20 for 90232 not found
Create input file for pfns for k= 47 and energy number 8 (out of 50)
MT3 for 90232 not found
MT  3 19 for 90232 not found
MT3 for 90232 not found
MT  3 20 for 90232 not found
Create input file for pfns for k= 48 and energy number 8 (out of 50)
MT3 for 90232 not found
MT  3 19 for 90232 not found
MT3 for 90232 not found
MT  3 20 for 90232 not found
Create input file for pfns for k= 49 and energy number 8 (out of 50)
MT3 for 90232 not found
MT  3 19 for 90232 not found
MT3 for 90232 not found
MT  3 20 for 90232 not found
Create input file for pfns for k= 50 and energy number 8 (out of 50)
MT3 for 90232 not found
MT  3 19 for 90232 not found
MT3 for 90232 not found
MT  3 20 for 90232 not found
Create input file for pfns for k= 51 and energy number 8 (out of 50)
MT3 for 90232 not found
MT  3 19 for 90232 not found
MT3 for 90232 not found
MT  3 20 for 90232 not found
Create input file for pfns for k= 52 and energy number 8 (out of 50)
MT3 for 90232 not found
MT  3 19 for 90232 not found
MT3 for 90232 not found
MT  3 20 for 90232 not found
Create input file for pfns for k= 53 and energy number 8 (out of 50)
MT3 for 90232 not found
MT  3 19 for 90232 not found
MT3 for 90232 not found
MT  3 20 for 90232 not found
Create input file for pfns for k= 54 and energy number 8 (out of 50)
MT3 for 90232 not found
MT  3 19 for 90232 not found
MT3 for 90232 not found
MT  3 20 for 90232 not found
Create input file for pfns for k= 55 and energy number 8 (out of 50)
MT3 for 90232 not found
MT  3 19 for 90232 not found
MT3 for 90232 not found
MT  3 20 for 90232 not found
Create input file for pfns for k= 56 and energy number 8 (out of 50)
MT3 for 90232 not found
MT  3 19 for 90232 not found
MT3 for 90232 not found
MT  3 20 for 90232 not found
Create input file for pfns for k= 57 and energy number 8 (out of 50)
MT3 for 90232 not found
MT  3 19 for 90232 not found
MT3 for 90232 not found
MT  3 20 for 90232 not found
Create input file for pfns for k= 58 and energy number 8 (out of 50)
MT3 for 90232 not found
MT  3 19 for 90232 not found
MT3 for 90232 not found
MT  3 20 for 90232 not found
Create input file for pfns for k= 59 and energy number 8 (out of 50)
MT3 for 90232 not found
MT  3 19 for 90232 not found
MT3 for 90232 not found
MT  3 20 for 90232 not found
Create input file for pfns for k= 60 and energy number 8 (out of 50)
MT3 for 90232 not found
MT  3 19 for 90232 not found
MT3 for 90232 not found
MT  3 20 for 90232 not found
Create input file for pfns for k= 61 and energy number 8 (out of 50)
MT3 for 90232 not found
MT  3 19 for 90232 not found
MT3 for 90232 not found
MT  3 20 for 90232 not found
Create input file for pfns for k= 62 and energy number 8 (out of 50)
MT3 for 90232 not found
MT  3 19 for 90232 not found
MT3 for 90232 not found
MT  3 20 for 90232 not found
Create input file for pfns for k= 63 and energy number 8 (out of 50)
MT3 for 90232 not found
MT  3 19 for 90232 not found
MT3 for 90232 not found
MT  3 20 for 90232 not found
Create input file for pfns for k= 64 and energy number 8 (out of 50)
MT3 for 90232 not found
MT  3 19 for 90232 not found
MT3 for 90232 not found
MT  3 20 for 90232 not found
Create input file for pfns for k= 65 and energy number 8 (out of 50)
MT3 for 90232 not found
MT  3 19 for 90232 not found
MT3 for 90232 not found
MT  3 20 for 90232 not found
Create input file for pfns for k= 66 and energy number 8 (out of 50)
MT3 for 90232 not found
MT  3 19 for 90232 not found
MT3 for 90232 not found
MT  3 20 for 90232 not found
Create input file for pfns for k= 67 and energy number 8 (out of 50)
MT3 for 90232 not found
MT  3 19 for 90232 not found
MT3 for 90232 not found
MT  3 20 for 90232 not found
Create input file for pfns for k= 68 and energy number 8 (out of 50)
MT3 for 90232 not found
MT  3 19 for 90232 not found
MT3 for 90232 not found
MT  3 20 for 90232 not found
Create input file for pfns for k= 69 and energy number 8 (out of 50)
MT3 for 90232 not found
MT  3 19 for 90232 not found
MT3 for 90232 not found
MT  3 20 for 90232 not found
Create input file for pfns for k= 70 and energy number 8 (out of 50)
MT3 for 90232 not found
MT  3 19 for 90232 not found
MT3 for 90232 not found
MT  3 20 for 90232 not found
Create input file for pfns for k= 71 and energy number 8 (out of 50)
MT3 for 90232 not found
MT  3 19 for 90232 not found
MT3 for 90232 not found
MT  3 20 for 90232 not found
Create input file for pfns for k= 72 and energy number 8 (out of 50)
MT3 for 90232 not found
MT  3 19 for 90232 not found
MT3 for 90232 not found
MT  3 20 for 90232 not found
Create input file for pfns for k= 73 and energy number 8 (out of 50)
MT3 for 90232 not found
MT  3 19 for 90232 not found
MT3 for 90232 not found
MT  3 20 for 90232 not found
Create input file for pfns for k= 74 and energy number 8 (out of 50)
MT3 for 90232 not found
MT  3 19 for 90232 not found
MT3 for 90232 not found
MT  3 20 for 90232 not found
Create input file for pfns for k= 75 and energy number 8 (out of 50)
MT3 for 90232 not found
MT  3 19 for 90232 not found
MT3 for 90232 not found
MT  3 20 for 90232 not found
Create input file for pfns for k= 76 and energy number 8 (out of 50)
MT3 for 90232 not found
MT  3 19 for 90232 not found
MT3 for 90232 not found
MT  3 20 for 90232 not found
Create input file for pfns for k= 77 and energy number 8 (out of 50)
MT3 for 90232 not found
MT  3 19 for 90232 not found
MT3 for 90232 not found
MT  3 20 for 90232 not found
Create input file for pfns for k= 78 and energy number 8 (out of 50)
MT3 for 90232 not found
MT  3 19 for 90232 not found
MT3 for 90232 not found
MT  3 20 for 90232 not found
Create input file for pfns for k= 79 and energy number 8 (out of 50)
MT3 for 90232 not found
MT  3 19 for 90232 not found
MT3 for 90232 not found
MT  3 20 for 90232 not found
Create input file for pfns for k= 80 and energy number 8 (out of 50)
MT3 for 90232 not found
MT  3 19 for 90232 not found
MT3 for 90232 not found
MT  3 20 for 90232 not found
Create input file for pfns for k= 81 and energy number 8 (out of 50)
MT3 for 90232 not found
MT  3 19 for 90232 not found
MT3 for 90232 not found
MT  3 20 for 90232 not found
Create input file for pfns for k= 82 and energy number 8 (out of 50)
MT3 for 90232 not found
MT  3 19 for 90232 not found
MT3 for 90232 not found
MT  3 20 for 90232 not found
Create input file for pfns for k= 83 and energy number 8 (out of 50)
MT3 for 90232 not found
MT  3 19 for 90232 not found
MT3 for 90232 not found
MT  3 20 for 90232 not found
Create input file for pfns for k= 84 and energy number 8 (out of 50)
MT3 for 90232 not found
MT  3 19 for 90232 not found
MT3 for 90232 not found
MT  3 20 for 90232 not found
Create input file for pfns for k= 85 and energy number 8 (out of 50)
MT3 for 90232 not found
MT  3 19 for 90232 not found
MT3 for 90232 not found
MT  3 20 for 90232 not found
Create input file for pfns for k= 86 and energy number 8 (out of 50)
MT3 for 90232 not found
MT  3 19 for 90232 not found
MT3 for 90232 not found
MT  3 20 for 90232 not found
Create input file for pfns for k= 87 and energy number 8 (out of 50)
MT3 for 90232 not found
MT  3 19 for 90232 not found
MT3 for 90232 not found
MT  3 20 for 90232 not found
Create input file for pfns for k= 88 and energy number 8 (out of 50)
MT3 for 90232 not found
MT  3 19 for 90232 not found
MT3 for 90232 not found
MT  3 20 for 90232 not found
Create input file for pfns for k= 89 and energy number 8 (out of 50)
MT3 for 90232 not found
MT  3 19 for 90232 not found
MT3 for 90232 not found
MT  3 20 for 90232 not found
Create input file for pfns for k= 90 and energy number 8 (out of 50)
MT3 for 90232 not found
MT  3 19 for 90232 not found
MT3 for 90232 not found
MT  3 20 for 90232 not found
Create input file for pfns for k= 91 and energy number 8 (out of 50)
MT3 for 90232 not found
MT  3 19 for 90232 not found
MT3 for 90232 not found
MT  3 20 for 90232 not found
Create input file for pfns for k= 92 and energy number 8 (out of 50)
MT3 for 90232 not found
MT  3 19 for 90232 not found
MT3 for 90232 not found
MT  3 20 for 90232 not found
Create input file for pfns for k= 93 and energy number 8 (out of 50)
MT3 for 90232 not found
MT  3 19 for 90232 not found
MT3 for 90232 not found
MT  3 20 for 90232 not found
Create input file for pfns for k= 94 and energy number 8 (out of 50)
MT3 for 90232 not found
MT  3 19 for 90232 not found
MT3 for 90232 not found
MT  3 20 for 90232 not found
Create input file for pfns for k= 95 and energy number 8 (out of 50)
MT3 for 90232 not found
MT  3 19 for 90232 not found
MT3 for 90232 not found
MT  3 20 for 90232 not found
Create input file for pfns for k= 96 and energy number 8 (out of 50)
MT3 for 90232 not found
MT  3 19 for 90232 not found
MT3 for 90232 not found
MT  3 20 for 90232 not found
Create input file for pfns for k= 97 and energy number 8 (out of 50)
MT3 for 90232 not found
MT  3 19 for 90232 not found
MT3 for 90232 not found
MT  3 20 for 90232 not found
Create input file for pfns for k= 98 and energy number 8 (out of 50)
MT3 for 90232 not found
MT  3 19 for 90232 not found
MT3 for 90232 not found
MT  3 20 for 90232 not found
Create input file for pfns for k= 99 and energy number 8 (out of 50)
MT3 for 90232 not found
MT  3 19 for 90232 not found
MT3 for 90232 not found
MT  3 20 for 90232 not found
Create input file for pfns for k= 100 and energy number 8 (out of 50)
MT3 for 90232 not found
MT  3 19 for 90232 not found
MT3 for 90232 not found
MT  3 20 for 90232 not found
Create input file for pfns for k= 0 and energy number 9 (out of 50)
MT3 for 90232 not found
MT  3 19 for 90232 not found
MT3 for 90232 not found
MT  3 20 for 90232 not found
Create input file for pfns for k= 1 and energy number 9 (out of 50)
MT3 for 90232 not found
MT  3 19 for 90232 not found
MT3 for 90232 not found
MT  3 20 for 90232 not found
Create input file for pfns for k= 2 and energy number 9 (out of 50)
MT3 for 90232 not found
MT  3 19 for 90232 not found
MT3 for 90232 not found
MT  3 20 for 90232 not found
Create input file for pfns for k= 3 and energy number 9 (out of 50)
MT3 for 90232 not found
MT  3 19 for 90232 not found
MT3 for 90232 not found
MT  3 20 for 90232 not found
Create input file for pfns for k= 4 and energy number 9 (out of 50)
MT3 for 90232 not found
MT  3 19 for 90232 not found
MT3 for 90232 not found
MT  3 20 for 90232 not found
Create input file for pfns for k= 5 and energy number 9 (out of 50)
MT3 for 90232 not found
MT  3 19 for 90232 not found
MT3 for 90232 not found
MT  3 20 for 90232 not found
Create input file for pfns for k= 6 and energy number 9 (out of 50)
MT3 for 90232 not found
MT  3 19 for 90232 not found
MT3 for 90232 not found
MT  3 20 for 90232 not found
Create input file for pfns for k= 7 and energy number 9 (out of 50)
MT3 for 90232 not found
MT  3 19 for 90232 not found
MT3 for 90232 not found
MT  3 20 for 90232 not found
Create input file for pfns for k= 8 and energy number 9 (out of 50)
MT3 for 90232 not found
MT  3 19 for 90232 not found
MT3 for 90232 not found
MT  3 20 for 90232 not found
Create input file for pfns for k= 9 and energy number 9 (out of 50)
MT3 for 90232 not found
MT  3 19 for 90232 not found
MT3 for 90232 not found
MT  3 20 for 90232 not found
Create input file for pfns for k= 10 and energy number 9 (out of 50)
MT3 for 90232 not found
MT  3 19 for 90232 not found
MT3 for 90232 not found
MT  3 20 for 90232 not found
Create input file for pfns for k= 11 and energy number 9 (out of 50)
MT3 for 90232 not found
MT  3 19 for 90232 not found
MT3 for 90232 not found
MT  3 20 for 90232 not found
Create input file for pfns for k= 12 and energy number 9 (out of 50)
MT3 for 90232 not found
MT  3 19 for 90232 not found
MT3 for 90232 not found
MT  3 20 for 90232 not found
Create input file for pfns for k= 13 and energy number 9 (out of 50)
MT3 for 90232 not found
MT  3 19 for 90232 not found
MT3 for 90232 not found
MT  3 20 for 90232 not found
Create input file for pfns for k= 14 and energy number 9 (out of 50)
MT3 for 90232 not found
MT  3 19 for 90232 not found
MT3 for 90232 not found
MT  3 20 for 90232 not found
Create input file for pfns for k= 15 and energy number 9 (out of 50)
MT3 for 90232 not found
MT  3 19 for 90232 not found
MT3 for 90232 not found
MT  3 20 for 90232 not found
Create input file for pfns for k= 16 and energy number 9 (out of 50)
MT3 for 90232 not found
MT  3 19 for 90232 not found
MT3 for 90232 not found
MT  3 20 for 90232 not found
Create input file for pfns for k= 17 and energy number 9 (out of 50)
MT3 for 90232 not found
MT  3 19 for 90232 not found
MT3 for 90232 not found
MT  3 20 for 90232 not found
Create input file for pfns for k= 18 and energy number 9 (out of 50)
MT3 for 90232 not found
MT  3 19 for 90232 not found
MT3 for 90232 not found
MT  3 20 for 90232 not found
Create input file for pfns for k= 19 and energy number 9 (out of 50)
MT3 for 90232 not found
MT  3 19 for 90232 not found
MT3 for 90232 not found
MT  3 20 for 90232 not found
Create input file for pfns for k= 20 and energy number 9 (out of 50)
MT3 for 90232 not found
MT  3 19 for 90232 not found
MT3 for 90232 not found
MT  3 20 for 90232 not found
Create input file for pfns for k= 21 and energy number 9 (out of 50)
MT3 for 90232 not found
MT  3 19 for 90232 not found
MT3 for 90232 not found
MT  3 20 for 90232 not found
Create input file for pfns for k= 22 and energy number 9 (out of 50)
MT3 for 90232 not found
MT  3 19 for 90232 not found
MT3 for 90232 not found
MT  3 20 for 90232 not found
Create input file for pfns for k= 23 and energy number 9 (out of 50)
MT3 for 90232 not found
MT  3 19 for 90232 not found
MT3 for 90232 not found
MT  3 20 for 90232 not found
Create input file for pfns for k= 24 and energy number 9 (out of 50)
MT3 for 90232 not found
MT  3 19 for 90232 not found
MT3 for 90232 not found
MT  3 20 for 90232 not found
Create input file for pfns for k= 25 and energy number 9 (out of 50)
MT3 for 90232 not found
MT  3 19 for 90232 not found
MT3 for 90232 not found
MT  3 20 for 90232 not found
Create input file for pfns for k= 26 and energy number 9 (out of 50)
MT3 for 90232 not found
MT  3 19 for 90232 not found
MT3 for 90232 not found
MT  3 20 for 90232 not found
Create input file for pfns for k= 27 and energy number 9 (out of 50)
MT3 for 90232 not found
MT  3 19 for 90232 not found
MT3 for 90232 not found
MT  3 20 for 90232 not found
Create input file for pfns for k= 28 and energy number 9 (out of 50)
MT3 for 90232 not found
MT  3 19 for 90232 not found
MT3 for 90232 not found
MT  3 20 for 90232 not found
Create input file for pfns for k= 29 and energy number 9 (out of 50)
MT3 for 90232 not found
MT  3 19 for 90232 not found
MT3 for 90232 not found
MT  3 20 for 90232 not found
Create input file for pfns for k= 30 and energy number 9 (out of 50)
MT3 for 90232 not found
MT  3 19 for 90232 not found
MT3 for 90232 not found
MT  3 20 for 90232 not found
Create input file for pfns for k= 31 and energy number 9 (out of 50)
MT3 for 90232 not found
MT  3 19 for 90232 not found
MT3 for 90232 not found
MT  3 20 for 90232 not found
Create input file for pfns for k= 32 and energy number 9 (out of 50)
MT3 for 90232 not found
MT  3 19 for 90232 not found
MT3 for 90232 not found
MT  3 20 for 90232 not found
Create input file for pfns for k= 33 and energy number 9 (out of 50)
MT3 for 90232 not found
MT  3 19 for 90232 not found
MT3 for 90232 not found
MT  3 20 for 90232 not found
Create input file for pfns for k= 34 and energy number 9 (out of 50)
MT3 for 90232 not found
MT  3 19 for 90232 not found
MT3 for 90232 not found
MT  3 20 for 90232 not found
Create input file for pfns for k= 35 and energy number 9 (out of 50)
MT3 for 90232 not found
MT  3 19 for 90232 not found
MT3 for 90232 not found
MT  3 20 for 90232 not found
Create input file for pfns for k= 36 and energy number 9 (out of 50)
MT3 for 90232 not found
MT  3 19 for 90232 not found
MT3 for 90232 not found
MT  3 20 for 90232 not found
Create input file for pfns for k= 37 and energy number 9 (out of 50)
MT3 for 90232 not found
MT  3 19 for 90232 not found
MT3 for 90232 not found
MT  3 20 for 90232 not found
Create input file for pfns for k= 38 and energy number 9 (out of 50)
MT3 for 90232 not found
MT  3 19 for 90232 not found
MT3 for 90232 not found
MT  3 20 for 90232 not found
Create input file for pfns for k= 39 and energy number 9 (out of 50)
MT3 for 90232 not found
MT  3 19 for 90232 not found
MT3 for 90232 not found
MT  3 20 for 90232 not found
Create input file for pfns for k= 40 and energy number 9 (out of 50)
MT3 for 90232 not found
MT  3 19 for 90232 not found
MT3 for 90232 not found
MT  3 20 for 90232 not found
Create input file for pfns for k= 41 and energy number 9 (out of 50)
MT3 for 90232 not found
MT  3 19 for 90232 not found
MT3 for 90232 not found
MT  3 20 for 90232 not found
Create input file for pfns for k= 42 and energy number 9 (out of 50)
MT3 for 90232 not found
MT  3 19 for 90232 not found
MT3 for 90232 not found
MT  3 20 for 90232 not found
Create input file for pfns for k= 43 and energy number 9 (out of 50)
MT3 for 90232 not found
MT  3 19 for 90232 not found
MT3 for 90232 not found
MT  3 20 for 90232 not found
Create input file for pfns for k= 44 and energy number 9 (out of 50)
MT3 for 90232 not found
MT  3 19 for 90232 not found
MT3 for 90232 not found
MT  3 20 for 90232 not found
Create input file for pfns for k= 45 and energy number 9 (out of 50)
MT3 for 90232 not found
MT  3 19 for 90232 not found
MT3 for 90232 not found
MT  3 20 for 90232 not found
Create input file for pfns for k= 46 and energy number 9 (out of 50)
MT3 for 90232 not found
MT  3 19 for 90232 not found
MT3 for 90232 not found
MT  3 20 for 90232 not found
Create input file for pfns for k= 47 and energy number 9 (out of 50)
MT3 for 90232 not found
MT  3 19 for 90232 not found
MT3 for 90232 not found
MT  3 20 for 90232 not found
Create input file for pfns for k= 48 and energy number 9 (out of 50)
MT3 for 90232 not found
MT  3 19 for 90232 not found
MT3 for 90232 not found
MT  3 20 for 90232 not found
Create input file for pfns for k= 49 and energy number 9 (out of 50)
MT3 for 90232 not found
MT  3 19 for 90232 not found
MT3 for 90232 not found
MT  3 20 for 90232 not found
Create input file for pfns for k= 50 and energy number 9 (out of 50)
MT3 for 90232 not found
MT  3 19 for 90232 not found
MT3 for 90232 not found
MT  3 20 for 90232 not found
Create input file for pfns for k= 51 and energy number 9 (out of 50)
MT3 for 90232 not found
MT  3 19 for 90232 not found
MT3 for 90232 not found
MT  3 20 for 90232 not found
Create input file for pfns for k= 52 and energy number 9 (out of 50)
MT3 for 90232 not found
MT  3 19 for 90232 not found
MT3 for 90232 not found
MT  3 20 for 90232 not found
Create input file for pfns for k= 53 and energy number 9 (out of 50)
MT3 for 90232 not found
MT  3 19 for 90232 not found
MT3 for 90232 not found
MT  3 20 for 90232 not found
Create input file for pfns for k= 54 and energy number 9 (out of 50)
MT3 for 90232 not found
MT  3 19 for 90232 not found
MT3 for 90232 not found
MT  3 20 for 90232 not found
Create input file for pfns for k= 55 and energy number 9 (out of 50)
MT3 for 90232 not found
MT  3 19 for 90232 not found
MT3 for 90232 not found
MT  3 20 for 90232 not found
Create input file for pfns for k= 56 and energy number 9 (out of 50)
MT3 for 90232 not found
MT  3 19 for 90232 not found
MT3 for 90232 not found
MT  3 20 for 90232 not found
Create input file for pfns for k= 57 and energy number 9 (out of 50)
MT3 for 90232 not found
MT  3 19 for 90232 not found
MT3 for 90232 not found
MT  3 20 for 90232 not found
Create input file for pfns for k= 58 and energy number 9 (out of 50)
MT3 for 90232 not found
MT  3 19 for 90232 not found
MT3 for 90232 not found
MT  3 20 for 90232 not found
Create input file for pfns for k= 59 and energy number 9 (out of 50)
MT3 for 90232 not found
MT  3 19 for 90232 not found
MT3 for 90232 not found
MT  3 20 for 90232 not found
Create input file for pfns for k= 60 and energy number 9 (out of 50)
MT3 for 90232 not found
MT  3 19 for 90232 not found
MT3 for 90232 not found
MT  3 20 for 90232 not found
Create input file for pfns for k= 61 and energy number 9 (out of 50)
MT3 for 90232 not found
MT  3 19 for 90232 not found
MT3 for 90232 not found
MT  3 20 for 90232 not found
Create input file for pfns for k= 62 and energy number 9 (out of 50)
MT3 for 90232 not found
MT  3 19 for 90232 not found
MT3 for 90232 not found
MT  3 20 for 90232 not found
Create input file for pfns for k= 63 and energy number 9 (out of 50)
MT3 for 90232 not found
MT  3 19 for 90232 not found
MT3 for 90232 not found
MT  3 20 for 90232 not found
Create input file for pfns for k= 64 and energy number 9 (out of 50)
MT3 for 90232 not found
MT  3 19 for 90232 not found
MT3 for 90232 not found
MT  3 20 for 90232 not found
Create input file for pfns for k= 65 and energy number 9 (out of 50)
MT3 for 90232 not found
MT  3 19 for 90232 not found
MT3 for 90232 not found
MT  3 20 for 90232 not found
Create input file for pfns for k= 66 and energy number 9 (out of 50)
MT3 for 90232 not found
MT  3 19 for 90232 not found
MT3 for 90232 not found
MT  3 20 for 90232 not found
Create input file for pfns for k= 67 and energy number 9 (out of 50)
MT3 for 90232 not found
MT  3 19 for 90232 not found
MT3 for 90232 not found
MT  3 20 for 90232 not found
Create input file for pfns for k= 68 and energy number 9 (out of 50)
MT3 for 90232 not found
MT  3 19 for 90232 not found
MT3 for 90232 not found
MT  3 20 for 90232 not found
Create input file for pfns for k= 69 and energy number 9 (out of 50)
MT3 for 90232 not found
MT  3 19 for 90232 not found
MT3 for 90232 not found
MT  3 20 for 90232 not found
Create input file for pfns for k= 70 and energy number 9 (out of 50)
MT3 for 90232 not found
MT  3 19 for 90232 not found
MT3 for 90232 not found
MT  3 20 for 90232 not found
Create input file for pfns for k= 71 and energy number 9 (out of 50)
MT3 for 90232 not found
MT  3 19 for 90232 not found
MT3 for 90232 not found
MT  3 20 for 90232 not found
Create input file for pfns for k= 72 and energy number 9 (out of 50)
MT3 for 90232 not found
MT  3 19 for 90232 not found
MT3 for 90232 not found
MT  3 20 for 90232 not found
Create input file for pfns for k= 73 and energy number 9 (out of 50)
MT3 for 90232 not found
MT  3 19 for 90232 not found
MT3 for 90232 not found
MT  3 20 for 90232 not found
Create input file for pfns for k= 74 and energy number 9 (out of 50)
MT3 for 90232 not found
MT  3 19 for 90232 not found
MT3 for 90232 not found
MT  3 20 for 90232 not found
Create input file for pfns for k= 75 and energy number 9 (out of 50)
MT3 for 90232 not found
MT  3 19 for 90232 not found
MT3 for 90232 not found
MT  3 20 for 90232 not found
Create input file for pfns for k= 76 and energy number 9 (out of 50)
MT3 for 90232 not found
MT  3 19 for 90232 not found
MT3 for 90232 not found
MT  3 20 for 90232 not found
Create input file for pfns for k= 77 and energy number 9 (out of 50)
MT3 for 90232 not found
MT  3 19 for 90232 not found
MT3 for 90232 not found
MT  3 20 for 90232 not found
Create input file for pfns for k= 78 and energy number 9 (out of 50)
MT3 for 90232 not found
MT  3 19 for 90232 not found
MT3 for 90232 not found
MT  3 20 for 90232 not found
Create input file for pfns for k= 79 and energy number 9 (out of 50)
MT3 for 90232 not found
MT  3 19 for 90232 not found
MT3 for 90232 not found
MT  3 20 for 90232 not found
Create input file for pfns for k= 80 and energy number 9 (out of 50)
MT3 for 90232 not found
MT  3 19 for 90232 not found
MT3 for 90232 not found
MT  3 20 for 90232 not found
Create input file for pfns for k= 81 and energy number 9 (out of 50)
MT3 for 90232 not found
MT  3 19 for 90232 not found
MT3 for 90232 not found
MT  3 20 for 90232 not found
Create input file for pfns for k= 82 and energy number 9 (out of 50)
MT3 for 90232 not found
MT  3 19 for 90232 not found
MT3 for 90232 not found
MT  3 20 for 90232 not found
Create input file for pfns for k= 83 and energy number 9 (out of 50)
MT3 for 90232 not found
MT  3 19 for 90232 not found
MT3 for 90232 not found
MT  3 20 for 90232 not found
Create input file for pfns for k= 84 and energy number 9 (out of 50)
MT3 for 90232 not found
MT  3 19 for 90232 not found
MT3 for 90232 not found
MT  3 20 for 90232 not found
Create input file for pfns for k= 85 and energy number 9 (out of 50)
MT3 for 90232 not found
MT  3 19 for 90232 not found
MT3 for 90232 not found
MT  3 20 for 90232 not found
Create input file for pfns for k= 86 and energy number 9 (out of 50)
MT3 for 90232 not found
MT  3 19 for 90232 not found
MT3 for 90232 not found
MT  3 20 for 90232 not found
Create input file for pfns for k= 87 and energy number 9 (out of 50)
MT3 for 90232 not found
MT  3 19 for 90232 not found
MT3 for 90232 not found
MT  3 20 for 90232 not found
Create input file for pfns for k= 88 and energy number 9 (out of 50)
MT3 for 90232 not found
MT  3 19 for 90232 not found
MT3 for 90232 not found
MT  3 20 for 90232 not found
Create input file for pfns for k= 89 and energy number 9 (out of 50)
MT3 for 90232 not found
MT  3 19 for 90232 not found
MT3 for 90232 not found
MT  3 20 for 90232 not found
Create input file for pfns for k= 90 and energy number 9 (out of 50)
MT3 for 90232 not found
MT  3 19 for 90232 not found
MT3 for 90232 not found
MT  3 20 for 90232 not found
Create input file for pfns for k= 91 and energy number 9 (out of 50)
MT3 for 90232 not found
MT  3 19 for 90232 not found
MT3 for 90232 not found
MT  3 20 for 90232 not found
Create input file for pfns for k= 92 and energy number 9 (out of 50)
MT3 for 90232 not found
MT  3 19 for 90232 not found
MT3 for 90232 not found
MT  3 20 for 90232 not found
Create input file for pfns for k= 93 and energy number 9 (out of 50)
MT3 for 90232 not found
MT  3 19 for 90232 not found
MT3 for 90232 not found
MT  3 20 for 90232 not found
Create input file for pfns for k= 94 and energy number 9 (out of 50)
MT3 for 90232 not found
MT  3 19 for 90232 not found
MT3 for 90232 not found
MT  3 20 for 90232 not found
Create input file for pfns for k= 95 and energy number 9 (out of 50)
MT3 for 90232 not found
MT  3 19 for 90232 not found
MT3 for 90232 not found
MT  3 20 for 90232 not found
Create input file for pfns for k= 96 and energy number 9 (out of 50)
MT3 for 90232 not found
MT  3 19 for 90232 not found
MT3 for 90232 not found
MT  3 20 for 90232 not found
Create input file for pfns for k= 97 and energy number 9 (out of 50)
MT3 for 90232 not found
MT  3 19 for 90232 not found
MT3 for 90232 not found
MT  3 20 for 90232 not found
Create input file for pfns for k= 98 and energy number 9 (out of 50)
MT3 for 90232 not found
MT  3 19 for 90232 not found
MT3 for 90232 not found
MT  3 20 for 90232 not found
Create input file for pfns for k= 99 and energy number 9 (out of 50)
MT3 for 90232 not found
MT  3 19 for 90232 not found
MT3 for 90232 not found
MT  3 20 for 90232 not found
Create input file for pfns for k= 100 and energy number 9 (out of 50)
MT3 for 90232 not found
MT  3 19 for 90232 not found
MT3 for 90232 not found
MT  3 20 for 90232 not found
Create input file for pfns for k= 0 and energy number 10 (out of 50)
MT3 for 90232 not found
MT  3 19 for 90232 not found
MT3 for 90232 not found
MT  3 20 for 90232 not found
Create input file for pfns for k= 1 and energy number 10 (out of 50)
MT3 for 90232 not found
MT  3 19 for 90232 not found
MT3 for 90232 not found
MT  3 20 for 90232 not found
Create input file for pfns for k= 2 and energy number 10 (out of 50)
MT3 for 90232 not found
MT  3 19 for 90232 not found
MT3 for 90232 not found
MT  3 20 for 90232 not found
Create input file for pfns for k= 3 and energy number 10 (out of 50)
MT3 for 90232 not found
MT  3 19 for 90232 not found
MT3 for 90232 not found
MT  3 20 for 90232 not found
Create input file for pfns for k= 4 and energy number 10 (out of 50)
MT3 for 90232 not found
MT  3 19 for 90232 not found
MT3 for 90232 not found
MT  3 20 for 90232 not found
Create input file for pfns for k= 5 and energy number 10 (out of 50)
MT3 for 90232 not found
MT  3 19 for 90232 not found
MT3 for 90232 not found
MT  3 20 for 90232 not found
Create input file for pfns for k= 6 and energy number 10 (out of 50)
MT3 for 90232 not found
MT  3 19 for 90232 not found
MT3 for 90232 not found
MT  3 20 for 90232 not found
Create input file for pfns for k= 7 and energy number 10 (out of 50)
MT3 for 90232 not found
MT  3 19 for 90232 not found
MT3 for 90232 not found
MT  3 20 for 90232 not found
Create input file for pfns for k= 8 and energy number 10 (out of 50)
MT3 for 90232 not found
MT  3 19 for 90232 not found
MT3 for 90232 not found
MT  3 20 for 90232 not found
Create input file for pfns for k= 9 and energy number 10 (out of 50)
MT3 for 90232 not found
MT  3 19 for 90232 not found
MT3 for 90232 not found
MT  3 20 for 90232 not found
Create input file for pfns for k= 10 and energy number 10 (out of 50)
MT3 for 90232 not found
MT  3 19 for 90232 not found
MT3 for 90232 not found
MT  3 20 for 90232 not found
Create input file for pfns for k= 11 and energy number 10 (out of 50)
MT3 for 90232 not found
MT  3 19 for 90232 not found
MT3 for 90232 not found
MT  3 20 for 90232 not found
Create input file for pfns for k= 12 and energy number 10 (out of 50)
MT3 for 90232 not found
MT  3 19 for 90232 not found
MT3 for 90232 not found
MT  3 20 for 90232 not found
Create input file for pfns for k= 13 and energy number 10 (out of 50)
MT3 for 90232 not found
MT  3 19 for 90232 not found
MT3 for 90232 not found
MT  3 20 for 90232 not found
Create input file for pfns for k= 14 and energy number 10 (out of 50)
MT3 for 90232 not found
MT  3 19 for 90232 not found
MT3 for 90232 not found
MT  3 20 for 90232 not found
Create input file for pfns for k= 15 and energy number 10 (out of 50)
MT3 for 90232 not found
MT  3 19 for 90232 not found
MT3 for 90232 not found
MT  3 20 for 90232 not found
Create input file for pfns for k= 16 and energy number 10 (out of 50)
MT3 for 90232 not found
MT  3 19 for 90232 not found
MT3 for 90232 not found
MT  3 20 for 90232 not found
Create input file for pfns for k= 17 and energy number 10 (out of 50)
MT3 for 90232 not found
MT  3 19 for 90232 not found
MT3 for 90232 not found
MT  3 20 for 90232 not found
Create input file for pfns for k= 18 and energy number 10 (out of 50)
MT3 for 90232 not found
MT  3 19 for 90232 not found
MT3 for 90232 not found
MT  3 20 for 90232 not found
Create input file for pfns for k= 19 and energy number 10 (out of 50)
MT3 for 90232 not found
MT  3 19 for 90232 not found
MT3 for 90232 not found
MT  3 20 for 90232 not found
Create input file for pfns for k= 20 and energy number 10 (out of 50)
MT3 for 90232 not found
MT  3 19 for 90232 not found
MT3 for 90232 not found
MT  3 20 for 90232 not found
Create input file for pfns for k= 21 and energy number 10 (out of 50)
MT3 for 90232 not found
MT  3 19 for 90232 not found
MT3 for 90232 not found
MT  3 20 for 90232 not found
Create input file for pfns for k= 22 and energy number 10 (out of 50)
MT3 for 90232 not found
MT  3 19 for 90232 not found
MT3 for 90232 not found
MT  3 20 for 90232 not found
Create input file for pfns for k= 23 and energy number 10 (out of 50)
MT3 for 90232 not found
MT  3 19 for 90232 not found
MT3 for 90232 not found
MT  3 20 for 90232 not found
Create input file for pfns for k= 24 and energy number 10 (out of 50)
MT3 for 90232 not found
MT  3 19 for 90232 not found
MT3 for 90232 not found
MT  3 20 for 90232 not found
Create input file for pfns for k= 25 and energy number 10 (out of 50)
MT3 for 90232 not found
MT  3 19 for 90232 not found
MT3 for 90232 not found
MT  3 20 for 90232 not found
Create input file for pfns for k= 26 and energy number 10 (out of 50)
MT3 for 90232 not found
MT  3 19 for 90232 not found
MT3 for 90232 not found
MT  3 20 for 90232 not found
Create input file for pfns for k= 27 and energy number 10 (out of 50)
MT3 for 90232 not found
MT  3 19 for 90232 not found
MT3 for 90232 not found
MT  3 20 for 90232 not found
Create input file for pfns for k= 28 and energy number 10 (out of 50)
MT3 for 90232 not found
MT  3 19 for 90232 not found
MT3 for 90232 not found
MT  3 20 for 90232 not found
Create input file for pfns for k= 29 and energy number 10 (out of 50)
MT3 for 90232 not found
MT  3 19 for 90232 not found
MT3 for 90232 not found
MT  3 20 for 90232 not found
Create input file for pfns for k= 30 and energy number 10 (out of 50)
MT3 for 90232 not found
MT  3 19 for 90232 not found
MT3 for 90232 not found
MT  3 20 for 90232 not found
Create input file for pfns for k= 31 and energy number 10 (out of 50)
MT3 for 90232 not found
MT  3 19 for 90232 not found
MT3 for 90232 not found
MT  3 20 for 90232 not found
Create input file for pfns for k= 32 and energy number 10 (out of 50)
MT3 for 90232 not found
MT  3 19 for 90232 not found
MT3 for 90232 not found
MT  3 20 for 90232 not found
Create input file for pfns for k= 33 and energy number 10 (out of 50)
MT3 for 90232 not found
MT  3 19 for 90232 not found
MT3 for 90232 not found
MT  3 20 for 90232 not found
Create input file for pfns for k= 34 and energy number 10 (out of 50)
MT3 for 90232 not found
MT  3 19 for 90232 not found
MT3 for 90232 not found
MT  3 20 for 90232 not found
Create input file for pfns for k= 35 and energy number 10 (out of 50)
MT3 for 90232 not found
MT  3 19 for 90232 not found
MT3 for 90232 not found
MT  3 20 for 90232 not found
Create input file for pfns for k= 36 and energy number 10 (out of 50)
MT3 for 90232 not found
MT  3 19 for 90232 not found
MT3 for 90232 not found
MT  3 20 for 90232 not found
Create input file for pfns for k= 37 and energy number 10 (out of 50)
MT3 for 90232 not found
MT  3 19 for 90232 not found
MT3 for 90232 not found
MT  3 20 for 90232 not found
Create input file for pfns for k= 38 and energy number 10 (out of 50)
MT3 for 90232 not found
MT  3 19 for 90232 not found
MT3 for 90232 not found
MT  3 20 for 90232 not found
Create input file for pfns for k= 39 and energy number 10 (out of 50)
MT3 for 90232 not found
MT  3 19 for 90232 not found
MT3 for 90232 not found
MT  3 20 for 90232 not found
Create input file for pfns for k= 40 and energy number 10 (out of 50)
MT3 for 90232 not found
MT  3 19 for 90232 not found
MT3 for 90232 not found
MT  3 20 for 90232 not found
Create input file for pfns for k= 41 and energy number 10 (out of 50)
MT3 for 90232 not found
MT  3 19 for 90232 not found
MT3 for 90232 not found
MT  3 20 for 90232 not found
Create input file for pfns for k= 42 and energy number 10 (out of 50)
MT3 for 90232 not found
MT  3 19 for 90232 not found
MT3 for 90232 not found
MT  3 20 for 90232 not found
Create input file for pfns for k= 43 and energy number 10 (out of 50)
MT3 for 90232 not found
MT  3 19 for 90232 not found
MT3 for 90232 not found
MT  3 20 for 90232 not found
Create input file for pfns for k= 44 and energy number 10 (out of 50)
MT3 for 90232 not found
MT  3 19 for 90232 not found
MT3 for 90232 not found
MT  3 20 for 90232 not found
Create input file for pfns for k= 45 and energy number 10 (out of 50)
MT3 for 90232 not found
MT  3 19 for 90232 not found
MT3 for 90232 not found
MT  3 20 for 90232 not found
Create input file for pfns for k= 46 and energy number 10 (out of 50)
MT3 for 90232 not found
MT  3 19 for 90232 not found
MT3 for 90232 not found
MT  3 20 for 90232 not found
Create input file for pfns for k= 47 and energy number 10 (out of 50)
MT3 for 90232 not found
MT  3 19 for 90232 not found
MT3 for 90232 not found
MT  3 20 for 90232 not found
Create input file for pfns for k= 48 and energy number 10 (out of 50)
MT3 for 90232 not found
MT  3 19 for 90232 not found
MT3 for 90232 not found
MT  3 20 for 90232 not found
Create input file for pfns for k= 49 and energy number 10 (out of 50)
MT3 for 90232 not found
MT  3 19 for 90232 not found
MT3 for 90232 not found
MT  3 20 for 90232 not found
Create input file for pfns for k= 50 and energy number 10 (out of 50)
MT3 for 90232 not found
MT  3 19 for 90232 not found
MT3 for 90232 not found
MT  3 20 for 90232 not found
Create input file for pfns for k= 51 and energy number 10 (out of 50)
MT3 for 90232 not found
MT  3 19 for 90232 not found
MT3 for 90232 not found
MT  3 20 for 90232 not found
Create input file for pfns for k= 52 and energy number 10 (out of 50)
MT3 for 90232 not found
MT  3 19 for 90232 not found
MT3 for 90232 not found
MT  3 20 for 90232 not found
Create input file for pfns for k= 53 and energy number 10 (out of 50)
MT3 for 90232 not found
MT  3 19 for 90232 not found
MT3 for 90232 not found
MT  3 20 for 90232 not found
Create input file for pfns for k= 54 and energy number 10 (out of 50)
MT3 for 90232 not found
MT  3 19 for 90232 not found
MT3 for 90232 not found
MT  3 20 for 90232 not found
Create input file for pfns for k= 55 and energy number 10 (out of 50)
MT3 for 90232 not found
MT  3 19 for 90232 not found
MT3 for 90232 not found
MT  3 20 for 90232 not found
Create input file for pfns for k= 56 and energy number 10 (out of 50)
MT3 for 90232 not found
MT  3 19 for 90232 not found
MT3 for 90232 not found
MT  3 20 for 90232 not found
Create input file for pfns for k= 57 and energy number 10 (out of 50)
MT3 for 90232 not found
MT  3 19 for 90232 not found
MT3 for 90232 not found
MT  3 20 for 90232 not found
Create input file for pfns for k= 58 and energy number 10 (out of 50)
MT3 for 90232 not found
MT  3 19 for 90232 not found
MT3 for 90232 not found
MT  3 20 for 90232 not found
Create input file for pfns for k= 59 and energy number 10 (out of 50)
MT3 for 90232 not found
MT  3 19 for 90232 not found
MT3 for 90232 not found
MT  3 20 for 90232 not found
Create input file for pfns for k= 60 and energy number 10 (out of 50)
MT3 for 90232 not found
MT  3 19 for 90232 not found
MT3 for 90232 not found
MT  3 20 for 90232 not found
Create input file for pfns for k= 61 and energy number 10 (out of 50)
MT3 for 90232 not found
MT  3 19 for 90232 not found
MT3 for 90232 not found
MT  3 20 for 90232 not found
Create input file for pfns for k= 62 and energy number 10 (out of 50)
MT3 for 90232 not found
MT  3 19 for 90232 not found
MT3 for 90232 not found
MT  3 20 for 90232 not found
Create input file for pfns for k= 63 and energy number 10 (out of 50)
MT3 for 90232 not found
MT  3 19 for 90232 not found
MT3 for 90232 not found
MT  3 20 for 90232 not found
Create input file for pfns for k= 64 and energy number 10 (out of 50)
MT3 for 90232 not found
MT  3 19 for 90232 not found
MT3 for 90232 not found
MT  3 20 for 90232 not found
Create input file for pfns for k= 65 and energy number 10 (out of 50)
MT3 for 90232 not found
MT  3 19 for 90232 not found
MT3 for 90232 not found
MT  3 20 for 90232 not found
Create input file for pfns for k= 66 and energy number 10 (out of 50)
MT3 for 90232 not found
MT  3 19 for 90232 not found
MT3 for 90232 not found
MT  3 20 for 90232 not found
Create input file for pfns for k= 67 and energy number 10 (out of 50)
MT3 for 90232 not found
MT  3 19 for 90232 not found
MT3 for 90232 not found
MT  3 20 for 90232 not found
Create input file for pfns for k= 68 and energy number 10 (out of 50)
MT3 for 90232 not found
MT  3 19 for 90232 not found
MT3 for 90232 not found
MT  3 20 for 90232 not found
Create input file for pfns for k= 69 and energy number 10 (out of 50)
MT3 for 90232 not found
MT  3 19 for 90232 not found
MT3 for 90232 not found
MT  3 20 for 90232 not found
Create input file for pfns for k= 70 and energy number 10 (out of 50)
MT3 for 90232 not found
MT  3 19 for 90232 not found
MT3 for 90232 not found
MT  3 20 for 90232 not found
Create input file for pfns for k= 71 and energy number 10 (out of 50)
MT3 for 90232 not found
MT  3 19 for 90232 not found
MT3 for 90232 not found
MT  3 20 for 90232 not found
Create input file for pfns for k= 72 and energy number 10 (out of 50)
MT3 for 90232 not found
MT  3 19 for 90232 not found
MT3 for 90232 not found
MT  3 20 for 90232 not found
Create input file for pfns for k= 73 and energy number 10 (out of 50)
MT3 for 90232 not found
MT  3 19 for 90232 not found
MT3 for 90232 not found
MT  3 20 for 90232 not found
Create input file for pfns for k= 74 and energy number 10 (out of 50)
MT3 for 90232 not found
MT  3 19 for 90232 not found
MT3 for 90232 not found
MT  3 20 for 90232 not found
Create input file for pfns for k= 75 and energy number 10 (out of 50)
MT3 for 90232 not found
MT  3 19 for 90232 not found
MT3 for 90232 not found
MT  3 20 for 90232 not found
Create input file for pfns for k= 76 and energy number 10 (out of 50)
MT3 for 90232 not found
MT  3 19 for 90232 not found
MT3 for 90232 not found
MT  3 20 for 90232 not found
Create input file for pfns for k= 77 and energy number 10 (out of 50)
MT3 for 90232 not found
MT  3 19 for 90232 not found
MT3 for 90232 not found
MT  3 20 for 90232 not found
Create input file for pfns for k= 78 and energy number 10 (out of 50)
MT3 for 90232 not found
MT  3 19 for 90232 not found
MT3 for 90232 not found
MT  3 20 for 90232 not found
Create input file for pfns for k= 79 and energy number 10 (out of 50)
MT3 for 90232 not found
MT  3 19 for 90232 not found
MT3 for 90232 not found
MT  3 20 for 90232 not found
Create input file for pfns for k= 80 and energy number 10 (out of 50)
MT3 for 90232 not found
MT  3 19 for 90232 not found
MT3 for 90232 not found
MT  3 20 for 90232 not found
Create input file for pfns for k= 81 and energy number 10 (out of 50)
MT3 for 90232 not found
MT  3 19 for 90232 not found
MT3 for 90232 not found
MT  3 20 for 90232 not found
Create input file for pfns for k= 82 and energy number 10 (out of 50)
MT3 for 90232 not found
MT  3 19 for 90232 not found
MT3 for 90232 not found
MT  3 20 for 90232 not found
Create input file for pfns for k= 83 and energy number 10 (out of 50)
MT3 for 90232 not found
MT  3 19 for 90232 not found
MT3 for 90232 not found
MT  3 20 for 90232 not found
Create input file for pfns for k= 84 and energy number 10 (out of 50)
MT3 for 90232 not found
MT  3 19 for 90232 not found
MT3 for 90232 not found
MT  3 20 for 90232 not found
Create input file for pfns for k= 85 and energy number 10 (out of 50)
MT3 for 90232 not found
MT  3 19 for 90232 not found
MT3 for 90232 not found
MT  3 20 for 90232 not found
Create input file for pfns for k= 86 and energy number 10 (out of 50)
MT3 for 90232 not found
MT  3 19 for 90232 not found
MT3 for 90232 not found
MT  3 20 for 90232 not found
Create input file for pfns for k= 87 and energy number 10 (out of 50)
MT3 for 90232 not found
MT  3 19 for 90232 not found
MT3 for 90232 not found
MT  3 20 for 90232 not found
Create input file for pfns for k= 88 and energy number 10 (out of 50)
MT3 for 90232 not found
MT  3 19 for 90232 not found
MT3 for 90232 not found
MT  3 20 for 90232 not found
Create input file for pfns for k= 89 and energy number 10 (out of 50)
MT3 for 90232 not found
MT  3 19 for 90232 not found
MT3 for 90232 not found
MT  3 20 for 90232 not found
Create input file for pfns for k= 90 and energy number 10 (out of 50)
MT3 for 90232 not found
MT  3 19 for 90232 not found
MT3 for 90232 not found
MT  3 20 for 90232 not found
Create input file for pfns for k= 91 and energy number 10 (out of 50)
MT3 for 90232 not found
MT  3 19 for 90232 not found
MT3 for 90232 not found
MT  3 20 for 90232 not found
Create input file for pfns for k= 92 and energy number 10 (out of 50)
MT3 for 90232 not found
MT  3 19 for 90232 not found
MT3 for 90232 not found
MT  3 20 for 90232 not found
Create input file for pfns for k= 93 and energy number 10 (out of 50)
MT3 for 90232 not found
MT  3 19 for 90232 not found
MT3 for 90232 not found
MT  3 20 for 90232 not found
Create input file for pfns for k= 94 and energy number 10 (out of 50)
MT3 for 90232 not found
MT  3 19 for 90232 not found
MT3 for 90232 not found
MT  3 20 for 90232 not found
Create input file for pfns for k= 95 and energy number 10 (out of 50)
MT3 for 90232 not found
MT  3 19 for 90232 not found
MT3 for 90232 not found
MT  3 20 for 90232 not found
Create input file for pfns for k= 96 and energy number 10 (out of 50)
MT3 for 90232 not found
MT  3 19 for 90232 not found
MT3 for 90232 not found
MT  3 20 for 90232 not found
Create input file for pfns for k= 97 and energy number 10 (out of 50)
MT3 for 90232 not found
MT  3 19 for 90232 not found
MT3 for 90232 not found
MT  3 20 for 90232 not found
Create input file for pfns for k= 98 and energy number 10 (out of 50)
MT3 for 90232 not found
MT  3 19 for 90232 not found
MT3 for 90232 not found
MT  3 20 for 90232 not found
Create input file for pfns for k= 99 and energy number 10 (out of 50)
MT3 for 90232 not found
MT  3 19 for 90232 not found
MT3 for 90232 not found
MT  3 20 for 90232 not found
Create input file for pfns for k= 100 and energy number 10 (out of 50)
MT3 for 90232 not found
MT  3 19 for 90232 not found
MT3 for 90232 not found
MT  3 20 for 90232 not found
Create input file for pfns for k= 0 and energy number 11 (out of 50)
MT3 for 90232 not found
MT  3 19 for 90232 not found
MT3 for 90232 not found
MT  3 20 for 90232 not found
Create input file for pfns for k= 1 and energy number 11 (out of 50)
MT3 for 90232 not found
MT  3 19 for 90232 not found
MT3 for 90232 not found
MT  3 20 for 90232 not found
Create input file for pfns for k= 2 and energy number 11 (out of 50)
MT3 for 90232 not found
MT  3 19 for 90232 not found
MT3 for 90232 not found
MT  3 20 for 90232 not found
Create input file for pfns for k= 3 and energy number 11 (out of 50)
MT3 for 90232 not found
MT  3 19 for 90232 not found
MT3 for 90232 not found
MT  3 20 for 90232 not found
Create input file for pfns for k= 4 and energy number 11 (out of 50)
MT3 for 90232 not found
MT  3 19 for 90232 not found
MT3 for 90232 not found
MT  3 20 for 90232 not found
Create input file for pfns for k= 5 and energy number 11 (out of 50)
MT3 for 90232 not found
MT  3 19 for 90232 not found
MT3 for 90232 not found
MT  3 20 for 90232 not found
Create input file for pfns for k= 6 and energy number 11 (out of 50)
MT3 for 90232 not found
MT  3 19 for 90232 not found
MT3 for 90232 not found
MT  3 20 for 90232 not found
Create input file for pfns for k= 7 and energy number 11 (out of 50)
MT3 for 90232 not found
MT  3 19 for 90232 not found
MT3 for 90232 not found
MT  3 20 for 90232 not found
Create input file for pfns for k= 8 and energy number 11 (out of 50)
MT3 for 90232 not found
MT  3 19 for 90232 not found
MT3 for 90232 not found
MT  3 20 for 90232 not found
Create input file for pfns for k= 9 and energy number 11 (out of 50)
MT3 for 90232 not found
MT  3 19 for 90232 not found
MT3 for 90232 not found
MT  3 20 for 90232 not found
Create input file for pfns for k= 10 and energy number 11 (out of 50)
MT3 for 90232 not found
MT  3 19 for 90232 not found
MT3 for 90232 not found
MT  3 20 for 90232 not found
Create input file for pfns for k= 11 and energy number 11 (out of 50)
MT3 for 90232 not found
MT  3 19 for 90232 not found
MT3 for 90232 not found
MT  3 20 for 90232 not found
Create input file for pfns for k= 12 and energy number 11 (out of 50)
MT3 for 90232 not found
MT  3 19 for 90232 not found
MT3 for 90232 not found
MT  3 20 for 90232 not found
Create input file for pfns for k= 13 and energy number 11 (out of 50)
MT3 for 90232 not found
MT  3 19 for 90232 not found
MT3 for 90232 not found
MT  3 20 for 90232 not found
Create input file for pfns for k= 14 and energy number 11 (out of 50)
MT3 for 90232 not found
MT  3 19 for 90232 not found
MT3 for 90232 not found
MT  3 20 for 90232 not found
Create input file for pfns for k= 15 and energy number 11 (out of 50)
MT3 for 90232 not found
MT  3 19 for 90232 not found
MT3 for 90232 not found
MT  3 20 for 90232 not found
Create input file for pfns for k= 16 and energy number 11 (out of 50)
MT3 for 90232 not found
MT  3 19 for 90232 not found
MT3 for 90232 not found
MT  3 20 for 90232 not found
Create input file for pfns for k= 17 and energy number 11 (out of 50)
MT3 for 90232 not found
MT  3 19 for 90232 not found
MT3 for 90232 not found
MT  3 20 for 90232 not found
Create input file for pfns for k= 18 and energy number 11 (out of 50)
MT3 for 90232 not found
MT  3 19 for 90232 not found
MT3 for 90232 not found
MT  3 20 for 90232 not found
Create input file for pfns for k= 19 and energy number 11 (out of 50)
MT3 for 90232 not found
MT  3 19 for 90232 not found
MT3 for 90232 not found
MT  3 20 for 90232 not found
Create input file for pfns for k= 20 and energy number 11 (out of 50)
MT3 for 90232 not found
MT  3 19 for 90232 not found
MT3 for 90232 not found
MT  3 20 for 90232 not found
Create input file for pfns for k= 21 and energy number 11 (out of 50)
MT3 for 90232 not found
MT  3 19 for 90232 not found
MT3 for 90232 not found
MT  3 20 for 90232 not found
Create input file for pfns for k= 22 and energy number 11 (out of 50)
MT3 for 90232 not found
MT  3 19 for 90232 not found
MT3 for 90232 not found
MT  3 20 for 90232 not found
Create input file for pfns for k= 23 and energy number 11 (out of 50)
MT3 for 90232 not found
MT  3 19 for 90232 not found
MT3 for 90232 not found
MT  3 20 for 90232 not found
Create input file for pfns for k= 24 and energy number 11 (out of 50)
MT3 for 90232 not found
MT  3 19 for 90232 not found
MT3 for 90232 not found
MT  3 20 for 90232 not found
Create input file for pfns for k= 25 and energy number 11 (out of 50)
MT3 for 90232 not found
MT  3 19 for 90232 not found
MT3 for 90232 not found
MT  3 20 for 90232 not found
Create input file for pfns for k= 26 and energy number 11 (out of 50)
MT3 for 90232 not found
MT  3 19 for 90232 not found
MT3 for 90232 not found
MT  3 20 for 90232 not found
Create input file for pfns for k= 27 and energy number 11 (out of 50)
MT3 for 90232 not found
MT  3 19 for 90232 not found
MT3 for 90232 not found
MT  3 20 for 90232 not found
Create input file for pfns for k= 28 and energy number 11 (out of 50)
MT3 for 90232 not found
MT  3 19 for 90232 not found
MT3 for 90232 not found
MT  3 20 for 90232 not found
Create input file for pfns for k= 29 and energy number 11 (out of 50)
MT3 for 90232 not found
MT  3 19 for 90232 not found
MT3 for 90232 not found
MT  3 20 for 90232 not found
Create input file for pfns for k= 30 and energy number 11 (out of 50)
MT3 for 90232 not found
MT  3 19 for 90232 not found
MT3 for 90232 not found
MT  3 20 for 90232 not found
Create input file for pfns for k= 31 and energy number 11 (out of 50)
MT3 for 90232 not found
MT  3 19 for 90232 not found
MT3 for 90232 not found
MT  3 20 for 90232 not found
Create input file for pfns for k= 32 and energy number 11 (out of 50)
MT3 for 90232 not found
MT  3 19 for 90232 not found
MT3 for 90232 not found
MT  3 20 for 90232 not found
Create input file for pfns for k= 33 and energy number 11 (out of 50)
MT3 for 90232 not found
MT  3 19 for 90232 not found
MT3 for 90232 not found
MT  3 20 for 90232 not found
Create input file for pfns for k= 34 and energy number 11 (out of 50)
MT3 for 90232 not found
MT  3 19 for 90232 not found
MT3 for 90232 not found
MT  3 20 for 90232 not found
Create input file for pfns for k= 35 and energy number 11 (out of 50)
MT3 for 90232 not found
MT  3 19 for 90232 not found
MT3 for 90232 not found
MT  3 20 for 90232 not found
Create input file for pfns for k= 36 and energy number 11 (out of 50)
MT3 for 90232 not found
MT  3 19 for 90232 not found
MT3 for 90232 not found
MT  3 20 for 90232 not found
Create input file for pfns for k= 37 and energy number 11 (out of 50)
MT3 for 90232 not found
MT  3 19 for 90232 not found
MT3 for 90232 not found
MT  3 20 for 90232 not found
Create input file for pfns for k= 38 and energy number 11 (out of 50)
MT3 for 90232 not found
MT  3 19 for 90232 not found
MT3 for 90232 not found
MT  3 20 for 90232 not found
Create input file for pfns for k= 39 and energy number 11 (out of 50)
MT3 for 90232 not found
MT  3 19 for 90232 not found
MT3 for 90232 not found
MT  3 20 for 90232 not found
Create input file for pfns for k= 40 and energy number 11 (out of 50)
MT3 for 90232 not found
MT  3 19 for 90232 not found
MT3 for 90232 not found
MT  3 20 for 90232 not found
Create input file for pfns for k= 41 and energy number 11 (out of 50)
MT3 for 90232 not found
MT  3 19 for 90232 not found
MT3 for 90232 not found
MT  3 20 for 90232 not found
Create input file for pfns for k= 42 and energy number 11 (out of 50)
MT3 for 90232 not found
MT  3 19 for 90232 not found
MT3 for 90232 not found
MT  3 20 for 90232 not found
Create input file for pfns for k= 43 and energy number 11 (out of 50)
MT3 for 90232 not found
MT  3 19 for 90232 not found
MT3 for 90232 not found
MT  3 20 for 90232 not found
Create input file for pfns for k= 44 and energy number 11 (out of 50)
MT3 for 90232 not found
MT  3 19 for 90232 not found
MT3 for 90232 not found
MT  3 20 for 90232 not found
Create input file for pfns for k= 45 and energy number 11 (out of 50)
MT3 for 90232 not found
MT  3 19 for 90232 not found
MT3 for 90232 not found
MT  3 20 for 90232 not found
Create input file for pfns for k= 46 and energy number 11 (out of 50)
MT3 for 90232 not found
MT  3 19 for 90232 not found
MT3 for 90232 not found
MT  3 20 for 90232 not found
Create input file for pfns for k= 47 and energy number 11 (out of 50)
MT3 for 90232 not found
MT  3 19 for 90232 not found
MT3 for 90232 not found
MT  3 20 for 90232 not found
Create input file for pfns for k= 48 and energy number 11 (out of 50)
MT3 for 90232 not found
MT  3 19 for 90232 not found
MT3 for 90232 not found
MT  3 20 for 90232 not found
Create input file for pfns for k= 49 and energy number 11 (out of 50)
MT3 for 90232 not found
MT  3 19 for 90232 not found
MT3 for 90232 not found
MT  3 20 for 90232 not found
Create input file for pfns for k= 50 and energy number 11 (out of 50)
MT3 for 90232 not found
MT  3 19 for 90232 not found
MT3 for 90232 not found
MT  3 20 for 90232 not found
Create input file for pfns for k= 51 and energy number 11 (out of 50)
MT3 for 90232 not found
MT  3 19 for 90232 not found
MT3 for 90232 not found
MT  3 20 for 90232 not found
Create input file for pfns for k= 52 and energy number 11 (out of 50)
MT3 for 90232 not found
MT  3 19 for 90232 not found
MT3 for 90232 not found
MT  3 20 for 90232 not found
Create input file for pfns for k= 53 and energy number 11 (out of 50)
MT3 for 90232 not found
MT  3 19 for 90232 not found
MT3 for 90232 not found
MT  3 20 for 90232 not found
Create input file for pfns for k= 54 and energy number 11 (out of 50)
MT3 for 90232 not found
MT  3 19 for 90232 not found
MT3 for 90232 not found
MT  3 20 for 90232 not found
Create input file for pfns for k= 55 and energy number 11 (out of 50)
MT3 for 90232 not found
MT  3 19 for 90232 not found
MT3 for 90232 not found
MT  3 20 for 90232 not found
Create input file for pfns for k= 56 and energy number 11 (out of 50)
MT3 for 90232 not found
MT  3 19 for 90232 not found
MT3 for 90232 not found
MT  3 20 for 90232 not found
Create input file for pfns for k= 57 and energy number 11 (out of 50)
MT3 for 90232 not found
MT  3 19 for 90232 not found
MT3 for 90232 not found
MT  3 20 for 90232 not found
Create input file for pfns for k= 58 and energy number 11 (out of 50)
MT3 for 90232 not found
MT  3 19 for 90232 not found
MT3 for 90232 not found
MT  3 20 for 90232 not found
Create input file for pfns for k= 59 and energy number 11 (out of 50)
MT3 for 90232 not found
MT  3 19 for 90232 not found
MT3 for 90232 not found
MT  3 20 for 90232 not found
Create input file for pfns for k= 60 and energy number 11 (out of 50)
MT3 for 90232 not found
MT  3 19 for 90232 not found
MT3 for 90232 not found
MT  3 20 for 90232 not found
Create input file for pfns for k= 61 and energy number 11 (out of 50)
MT3 for 90232 not found
MT  3 19 for 90232 not found
MT3 for 90232 not found
MT  3 20 for 90232 not found
Create input file for pfns for k= 62 and energy number 11 (out of 50)
MT3 for 90232 not found
MT  3 19 for 90232 not found
MT3 for 90232 not found
MT  3 20 for 90232 not found
Create input file for pfns for k= 63 and energy number 11 (out of 50)
MT3 for 90232 not found
MT  3 19 for 90232 not found
MT3 for 90232 not found
MT  3 20 for 90232 not found
Create input file for pfns for k= 64 and energy number 11 (out of 50)
MT3 for 90232 not found
MT  3 19 for 90232 not found
MT3 for 90232 not found
MT  3 20 for 90232 not found
Create input file for pfns for k= 65 and energy number 11 (out of 50)
MT3 for 90232 not found
MT  3 19 for 90232 not found
MT3 for 90232 not found
MT  3 20 for 90232 not found
Create input file for pfns for k= 66 and energy number 11 (out of 50)
MT3 for 90232 not found
MT  3 19 for 90232 not found
MT3 for 90232 not found
MT  3 20 for 90232 not found
Create input file for pfns for k= 67 and energy number 11 (out of 50)
MT3 for 90232 not found
MT  3 19 for 90232 not found
MT3 for 90232 not found
MT  3 20 for 90232 not found
Create input file for pfns for k= 68 and energy number 11 (out of 50)
MT3 for 90232 not found
MT  3 19 for 90232 not found
MT3 for 90232 not found
MT  3 20 for 90232 not found
Create input file for pfns for k= 69 and energy number 11 (out of 50)
MT3 for 90232 not found
MT  3 19 for 90232 not found
MT3 for 90232 not found
MT  3 20 for 90232 not found
Create input file for pfns for k= 70 and energy number 11 (out of 50)
MT3 for 90232 not found
MT  3 19 for 90232 not found
MT3 for 90232 not found
MT  3 20 for 90232 not found
Create input file for pfns for k= 71 and energy number 11 (out of 50)
MT3 for 90232 not found
MT  3 19 for 90232 not found
MT3 for 90232 not found
MT  3 20 for 90232 not found
Create input file for pfns for k= 72 and energy number 11 (out of 50)
MT3 for 90232 not found
MT  3 19 for 90232 not found
MT3 for 90232 not found
MT  3 20 for 90232 not found
Create input file for pfns for k= 73 and energy number 11 (out of 50)
MT3 for 90232 not found
MT  3 19 for 90232 not found
MT3 for 90232 not found
MT  3 20 for 90232 not found
Create input file for pfns for k= 74 and energy number 11 (out of 50)
MT3 for 90232 not found
MT  3 19 for 90232 not found
MT3 for 90232 not found
MT  3 20 for 90232 not found
Create input file for pfns for k= 75 and energy number 11 (out of 50)
MT3 for 90232 not found
MT  3 19 for 90232 not found
MT3 for 90232 not found
MT  3 20 for 90232 not found
Create input file for pfns for k= 76 and energy number 11 (out of 50)
MT3 for 90232 not found
MT  3 19 for 90232 not found
MT3 for 90232 not found
MT  3 20 for 90232 not found
Create input file for pfns for k= 77 and energy number 11 (out of 50)
MT3 for 90232 not found
MT  3 19 for 90232 not found
MT3 for 90232 not found
MT  3 20 for 90232 not found
Create input file for pfns for k= 78 and energy number 11 (out of 50)
MT3 for 90232 not found
MT  3 19 for 90232 not found
MT3 for 90232 not found
MT  3 20 for 90232 not found
Create input file for pfns for k= 79 and energy number 11 (out of 50)
MT3 for 90232 not found
MT  3 19 for 90232 not found
MT3 for 90232 not found
MT  3 20 for 90232 not found
Create input file for pfns for k= 80 and energy number 11 (out of 50)
MT3 for 90232 not found
MT  3 19 for 90232 not found
MT3 for 90232 not found
MT  3 20 for 90232 not found
Create input file for pfns for k= 81 and energy number 11 (out of 50)
MT3 for 90232 not found
MT  3 19 for 90232 not found
MT3 for 90232 not found
MT  3 20 for 90232 not found
Create input file for pfns for k= 82 and energy number 11 (out of 50)
MT3 for 90232 not found
MT  3 19 for 90232 not found
MT3 for 90232 not found
MT  3 20 for 90232 not found
Create input file for pfns for k= 83 and energy number 11 (out of 50)
MT3 for 90232 not found
MT  3 19 for 90232 not found
MT3 for 90232 not found
MT  3 20 for 90232 not found
Create input file for pfns for k= 84 and energy number 11 (out of 50)
MT3 for 90232 not found
MT  3 19 for 90232 not found
MT3 for 90232 not found
MT  3 20 for 90232 not found
Create input file for pfns for k= 85 and energy number 11 (out of 50)
MT3 for 90232 not found
MT  3 19 for 90232 not found
MT3 for 90232 not found
MT  3 20 for 90232 not found
Create input file for pfns for k= 86 and energy number 11 (out of 50)
MT3 for 90232 not found
MT  3 19 for 90232 not found
MT3 for 90232 not found
MT  3 20 for 90232 not found
Create input file for pfns for k= 87 and energy number 11 (out of 50)
MT3 for 90232 not found
MT  3 19 for 90232 not found
MT3 for 90232 not found
MT  3 20 for 90232 not found
Create input file for pfns for k= 88 and energy number 11 (out of 50)
MT3 for 90232 not found
MT  3 19 for 90232 not found
MT3 for 90232 not found
MT  3 20 for 90232 not found
Create input file for pfns for k= 89 and energy number 11 (out of 50)
MT3 for 90232 not found
MT  3 19 for 90232 not found
MT3 for 90232 not found
MT  3 20 for 90232 not found
Create input file for pfns for k= 90 and energy number 11 (out of 50)
MT3 for 90232 not found
MT  3 19 for 90232 not found
MT3 for 90232 not found
MT  3 20 for 90232 not found
Create input file for pfns for k= 91 and energy number 11 (out of 50)
MT3 for 90232 not found
MT  3 19 for 90232 not found
MT3 for 90232 not found
MT  3 20 for 90232 not found
Create input file for pfns for k= 92 and energy number 11 (out of 50)
MT3 for 90232 not found
MT  3 19 for 90232 not found
MT3 for 90232 not found
MT  3 20 for 90232 not found
Create input file for pfns for k= 93 and energy number 11 (out of 50)
MT3 for 90232 not found
MT  3 19 for 90232 not found
MT3 for 90232 not found
MT  3 20 for 90232 not found
Create input file for pfns for k= 94 and energy number 11 (out of 50)
MT3 for 90232 not found
MT  3 19 for 90232 not found
MT3 for 90232 not found
MT  3 20 for 90232 not found
Create input file for pfns for k= 95 and energy number 11 (out of 50)
MT3 for 90232 not found
MT  3 19 for 90232 not found
MT3 for 90232 not found
MT  3 20 for 90232 not found
Create input file for pfns for k= 96 and energy number 11 (out of 50)
MT3 for 90232 not found
MT  3 19 for 90232 not found
MT3 for 90232 not found
MT  3 20 for 90232 not found
Create input file for pfns for k= 97 and energy number 11 (out of 50)
MT3 for 90232 not found
MT  3 19 for 90232 not found
MT3 for 90232 not found
MT  3 20 for 90232 not found
Create input file for pfns for k= 98 and energy number 11 (out of 50)
MT3 for 90232 not found
MT  3 19 for 90232 not found
MT3 for 90232 not found
MT  3 20 for 90232 not found
Create input file for pfns for k= 99 and energy number 11 (out of 50)
MT3 for 90232 not found
MT  3 19 for 90232 not found
MT3 for 90232 not found
MT  3 20 for 90232 not found
Create input file for pfns for k= 100 and energy number 11 (out of 50)
MT3 for 90232 not found
MT  3 19 for 90232 not found
MT3 for 90232 not found
MT  3 20 for 90232 not found
Create input file for pfns for k= 0 and energy number 12 (out of 50)
MT3 for 90232 not found
MT  3 19 for 90232 not found
MT3 for 90232 not found
MT  3 20 for 90232 not found
Create input file for pfns for k= 1 and energy number 12 (out of 50)
MT3 for 90232 not found
MT  3 19 for 90232 not found
MT3 for 90232 not found
MT  3 20 for 90232 not found
Create input file for pfns for k= 2 and energy number 12 (out of 50)
MT3 for 90232 not found
MT  3 19 for 90232 not found
MT3 for 90232 not found
MT  3 20 for 90232 not found
Create input file for pfns for k= 3 and energy number 12 (out of 50)
MT3 for 90232 not found
MT  3 19 for 90232 not found
MT3 for 90232 not found
MT  3 20 for 90232 not found
Create input file for pfns for k= 4 and energy number 12 (out of 50)
MT3 for 90232 not found
MT  3 19 for 90232 not found
MT3 for 90232 not found
MT  3 20 for 90232 not found
Create input file for pfns for k= 5 and energy number 12 (out of 50)
MT3 for 90232 not found
MT  3 19 for 90232 not found
MT3 for 90232 not found
MT  3 20 for 90232 not found
Create input file for pfns for k= 6 and energy number 12 (out of 50)
MT3 for 90232 not found
MT  3 19 for 90232 not found
MT3 for 90232 not found
MT  3 20 for 90232 not found
Create input file for pfns for k= 7 and energy number 12 (out of 50)
MT3 for 90232 not found
MT  3 19 for 90232 not found
MT3 for 90232 not found
MT  3 20 for 90232 not found
Create input file for pfns for k= 8 and energy number 12 (out of 50)
MT3 for 90232 not found
MT  3 19 for 90232 not found
MT3 for 90232 not found
MT  3 20 for 90232 not found
Create input file for pfns for k= 9 and energy number 12 (out of 50)
MT3 for 90232 not found
MT  3 19 for 90232 not found
MT3 for 90232 not found
MT  3 20 for 90232 not found
Create input file for pfns for k= 10 and energy number 12 (out of 50)
MT3 for 90232 not found
MT  3 19 for 90232 not found
MT3 for 90232 not found
MT  3 20 for 90232 not found
Create input file for pfns for k= 11 and energy number 12 (out of 50)
MT3 for 90232 not found
MT  3 19 for 90232 not found
MT3 for 90232 not found
MT  3 20 for 90232 not found
Create input file for pfns for k= 12 and energy number 12 (out of 50)
MT3 for 90232 not found
MT  3 19 for 90232 not found
MT3 for 90232 not found
MT  3 20 for 90232 not found
Create input file for pfns for k= 13 and energy number 12 (out of 50)
MT3 for 90232 not found
MT  3 19 for 90232 not found
MT3 for 90232 not found
MT  3 20 for 90232 not found
Create input file for pfns for k= 14 and energy number 12 (out of 50)
MT3 for 90232 not found
MT  3 19 for 90232 not found
MT3 for 90232 not found
MT  3 20 for 90232 not found
Create input file for pfns for k= 15 and energy number 12 (out of 50)
MT3 for 90232 not found
MT  3 19 for 90232 not found
MT3 for 90232 not found
MT  3 20 for 90232 not found
Create input file for pfns for k= 16 and energy number 12 (out of 50)
MT3 for 90232 not found
MT  3 19 for 90232 not found
MT3 for 90232 not found
MT  3 20 for 90232 not found
Create input file for pfns for k= 17 and energy number 12 (out of 50)
MT3 for 90232 not found
MT  3 19 for 90232 not found
MT3 for 90232 not found
MT  3 20 for 90232 not found
Create input file for pfns for k= 18 and energy number 12 (out of 50)
MT3 for 90232 not found
MT  3 19 for 90232 not found
MT3 for 90232 not found
MT  3 20 for 90232 not found
Create input file for pfns for k= 19 and energy number 12 (out of 50)
MT3 for 90232 not found
MT  3 19 for 90232 not found
MT3 for 90232 not found
MT  3 20 for 90232 not found
Create input file for pfns for k= 20 and energy number 12 (out of 50)
MT3 for 90232 not found
MT  3 19 for 90232 not found
MT3 for 90232 not found
MT  3 20 for 90232 not found
Create input file for pfns for k= 21 and energy number 12 (out of 50)
MT3 for 90232 not found
MT  3 19 for 90232 not found
MT3 for 90232 not found
MT  3 20 for 90232 not found
Create input file for pfns for k= 22 and energy number 12 (out of 50)
MT3 for 90232 not found
MT  3 19 for 90232 not found
MT3 for 90232 not found
MT  3 20 for 90232 not found
Create input file for pfns for k= 23 and energy number 12 (out of 50)
MT3 for 90232 not found
MT  3 19 for 90232 not found
MT3 for 90232 not found
MT  3 20 for 90232 not found
Create input file for pfns for k= 24 and energy number 12 (out of 50)
MT3 for 90232 not found
MT  3 19 for 90232 not found
MT3 for 90232 not found
MT  3 20 for 90232 not found
Create input file for pfns for k= 25 and energy number 12 (out of 50)
MT3 for 90232 not found
MT  3 19 for 90232 not found
MT3 for 90232 not found
MT  3 20 for 90232 not found
Create input file for pfns for k= 26 and energy number 12 (out of 50)
MT3 for 90232 not found
MT  3 19 for 90232 not found
MT3 for 90232 not found
MT  3 20 for 90232 not found
Create input file for pfns for k= 27 and energy number 12 (out of 50)
MT3 for 90232 not found
MT  3 19 for 90232 not found
MT3 for 90232 not found
MT  3 20 for 90232 not found
Create input file for pfns for k= 28 and energy number 12 (out of 50)
MT3 for 90232 not found
MT  3 19 for 90232 not found
MT3 for 90232 not found
MT  3 20 for 90232 not found
Create input file for pfns for k= 29 and energy number 12 (out of 50)
MT3 for 90232 not found
MT  3 19 for 90232 not found
MT3 for 90232 not found
MT  3 20 for 90232 not found
Create input file for pfns for k= 30 and energy number 12 (out of 50)
MT3 for 90232 not found
MT  3 19 for 90232 not found
MT3 for 90232 not found
MT  3 20 for 90232 not found
Create input file for pfns for k= 31 and energy number 12 (out of 50)
MT3 for 90232 not found
MT  3 19 for 90232 not found
MT3 for 90232 not found
MT  3 20 for 90232 not found
Create input file for pfns for k= 32 and energy number 12 (out of 50)
MT3 for 90232 not found
MT  3 19 for 90232 not found
MT3 for 90232 not found
MT  3 20 for 90232 not found
Create input file for pfns for k= 33 and energy number 12 (out of 50)
MT3 for 90232 not found
MT  3 19 for 90232 not found
MT3 for 90232 not found
MT  3 20 for 90232 not found
Create input file for pfns for k= 34 and energy number 12 (out of 50)
MT3 for 90232 not found
MT  3 19 for 90232 not found
MT3 for 90232 not found
MT  3 20 for 90232 not found
Create input file for pfns for k= 35 and energy number 12 (out of 50)
MT3 for 90232 not found
MT  3 19 for 90232 not found
MT3 for 90232 not found
MT  3 20 for 90232 not found
Create input file for pfns for k= 36 and energy number 12 (out of 50)
MT3 for 90232 not found
MT  3 19 for 90232 not found
MT3 for 90232 not found
MT  3 20 for 90232 not found
Create input file for pfns for k= 37 and energy number 12 (out of 50)
MT3 for 90232 not found
MT  3 19 for 90232 not found
MT3 for 90232 not found
MT  3 20 for 90232 not found
Create input file for pfns for k= 38 and energy number 12 (out of 50)
MT3 for 90232 not found
MT  3 19 for 90232 not found
MT3 for 90232 not found
MT  3 20 for 90232 not found
Create input file for pfns for k= 39 and energy number 12 (out of 50)
MT3 for 90232 not found
MT  3 19 for 90232 not found
MT3 for 90232 not found
MT  3 20 for 90232 not found
Create input file for pfns for k= 40 and energy number 12 (out of 50)
MT3 for 90232 not found
MT  3 19 for 90232 not found
MT3 for 90232 not found
MT  3 20 for 90232 not found
Create input file for pfns for k= 41 and energy number 12 (out of 50)
MT3 for 90232 not found
MT  3 19 for 90232 not found
MT3 for 90232 not found
MT  3 20 for 90232 not found
Create input file for pfns for k= 42 and energy number 12 (out of 50)
MT3 for 90232 not found
MT  3 19 for 90232 not found
MT3 for 90232 not found
MT  3 20 for 90232 not found
Create input file for pfns for k= 43 and energy number 12 (out of 50)
MT3 for 90232 not found
MT  3 19 for 90232 not found
MT3 for 90232 not found
MT  3 20 for 90232 not found
Create input file for pfns for k= 44 and energy number 12 (out of 50)
MT3 for 90232 not found
MT  3 19 for 90232 not found
MT3 for 90232 not found
MT  3 20 for 90232 not found
Create input file for pfns for k= 45 and energy number 12 (out of 50)
MT3 for 90232 not found
MT  3 19 for 90232 not found
MT3 for 90232 not found
MT  3 20 for 90232 not found
Create input file for pfns for k= 46 and energy number 12 (out of 50)
MT3 for 90232 not found
MT  3 19 for 90232 not found
MT3 for 90232 not found
MT  3 20 for 90232 not found
Create input file for pfns for k= 47 and energy number 12 (out of 50)
MT3 for 90232 not found
MT  3 19 for 90232 not found
MT3 for 90232 not found
MT  3 20 for 90232 not found
Create input file for pfns for k= 48 and energy number 12 (out of 50)
MT3 for 90232 not found
MT  3 19 for 90232 not found
MT3 for 90232 not found
MT  3 20 for 90232 not found
Create input file for pfns for k= 49 and energy number 12 (out of 50)
MT3 for 90232 not found
MT  3 19 for 90232 not found
MT3 for 90232 not found
MT  3 20 for 90232 not found
Create input file for pfns for k= 50 and energy number 12 (out of 50)
MT3 for 90232 not found
MT  3 19 for 90232 not found
MT3 for 90232 not found
MT  3 20 for 90232 not found
Create input file for pfns for k= 51 and energy number 12 (out of 50)
MT3 for 90232 not found
MT  3 19 for 90232 not found
MT3 for 90232 not found
MT  3 20 for 90232 not found
Create input file for pfns for k= 52 and energy number 12 (out of 50)
MT3 for 90232 not found
MT  3 19 for 90232 not found
MT3 for 90232 not found
MT  3 20 for 90232 not found
Create input file for pfns for k= 53 and energy number 12 (out of 50)
MT3 for 90232 not found
MT  3 19 for 90232 not found
MT3 for 90232 not found
MT  3 20 for 90232 not found
Create input file for pfns for k= 54 and energy number 12 (out of 50)
MT3 for 90232 not found
MT  3 19 for 90232 not found
MT3 for 90232 not found
MT  3 20 for 90232 not found
Create input file for pfns for k= 55 and energy number 12 (out of 50)
MT3 for 90232 not found
MT  3 19 for 90232 not found
MT3 for 90232 not found
MT  3 20 for 90232 not found
Create input file for pfns for k= 56 and energy number 12 (out of 50)
MT3 for 90232 not found
MT  3 19 for 90232 not found
MT3 for 90232 not found
MT  3 20 for 90232 not found
Create input file for pfns for k= 57 and energy number 12 (out of 50)
MT3 for 90232 not found
MT  3 19 for 90232 not found
MT3 for 90232 not found
MT  3 20 for 90232 not found
Create input file for pfns for k= 58 and energy number 12 (out of 50)
MT3 for 90232 not found
MT  3 19 for 90232 not found
MT3 for 90232 not found
MT  3 20 for 90232 not found
Create input file for pfns for k= 59 and energy number 12 (out of 50)
MT3 for 90232 not found
MT  3 19 for 90232 not found
MT3 for 90232 not found
MT  3 20 for 90232 not found
Create input file for pfns for k= 60 and energy number 12 (out of 50)
MT3 for 90232 not found
MT  3 19 for 90232 not found
MT3 for 90232 not found
MT  3 20 for 90232 not found
Create input file for pfns for k= 61 and energy number 12 (out of 50)
MT3 for 90232 not found
MT  3 19 for 90232 not found
MT3 for 90232 not found
MT  3 20 for 90232 not found
Create input file for pfns for k= 62 and energy number 12 (out of 50)
MT3 for 90232 not found
MT  3 19 for 90232 not found
MT3 for 90232 not found
MT  3 20 for 90232 not found
Create input file for pfns for k= 63 and energy number 12 (out of 50)
MT3 for 90232 not found
MT  3 19 for 90232 not found
MT3 for 90232 not found
MT  3 20 for 90232 not found
Create input file for pfns for k= 64 and energy number 12 (out of 50)
MT3 for 90232 not found
MT  3 19 for 90232 not found
MT3 for 90232 not found
MT  3 20 for 90232 not found
Create input file for pfns for k= 65 and energy number 12 (out of 50)
MT3 for 90232 not found
MT  3 19 for 90232 not found
MT3 for 90232 not found
MT  3 20 for 90232 not found
Create input file for pfns for k= 66 and energy number 12 (out of 50)
MT3 for 90232 not found
MT  3 19 for 90232 not found
MT3 for 90232 not found
MT  3 20 for 90232 not found
Create input file for pfns for k= 67 and energy number 12 (out of 50)
MT3 for 90232 not found
MT  3 19 for 90232 not found
MT3 for 90232 not found
MT  3 20 for 90232 not found
Create input file for pfns for k= 68 and energy number 12 (out of 50)
MT3 for 90232 not found
MT  3 19 for 90232 not found
MT3 for 90232 not found
MT  3 20 for 90232 not found
Create input file for pfns for k= 69 and energy number 12 (out of 50)
MT3 for 90232 not found
MT  3 19 for 90232 not found
MT3 for 90232 not found
MT  3 20 for 90232 not found
Create input file for pfns for k= 70 and energy number 12 (out of 50)
MT3 for 90232 not found
MT  3 19 for 90232 not found
MT3 for 90232 not found
MT  3 20 for 90232 not found
Create input file for pfns for k= 71 and energy number 12 (out of 50)
MT3 for 90232 not found
MT  3 19 for 90232 not found
MT3 for 90232 not found
MT  3 20 for 90232 not found
Create input file for pfns for k= 72 and energy number 12 (out of 50)
MT3 for 90232 not found
MT  3 19 for 90232 not found
MT3 for 90232 not found
MT  3 20 for 90232 not found
Create input file for pfns for k= 73 and energy number 12 (out of 50)
MT3 for 90232 not found
MT  3 19 for 90232 not found
MT3 for 90232 not found
MT  3 20 for 90232 not found
Create input file for pfns for k= 74 and energy number 12 (out of 50)
MT3 for 90232 not found
MT  3 19 for 90232 not found
MT3 for 90232 not found
MT  3 20 for 90232 not found
Create input file for pfns for k= 75 and energy number 12 (out of 50)
MT3 for 90232 not found
MT  3 19 for 90232 not found
MT3 for 90232 not found
MT  3 20 for 90232 not found
Create input file for pfns for k= 76 and energy number 12 (out of 50)
MT3 for 90232 not found
MT  3 19 for 90232 not found
MT3 for 90232 not found
MT  3 20 for 90232 not found
Create input file for pfns for k= 77 and energy number 12 (out of 50)
MT3 for 90232 not found
MT  3 19 for 90232 not found
MT3 for 90232 not found
MT  3 20 for 90232 not found
Create input file for pfns for k= 78 and energy number 12 (out of 50)
MT3 for 90232 not found
MT  3 19 for 90232 not found
MT3 for 90232 not found
MT  3 20 for 90232 not found
Create input file for pfns for k= 79 and energy number 12 (out of 50)
MT3 for 90232 not found
MT  3 19 for 90232 not found
MT3 for 90232 not found
MT  3 20 for 90232 not found
Create input file for pfns for k= 80 and energy number 12 (out of 50)
MT3 for 90232 not found
MT  3 19 for 90232 not found
MT3 for 90232 not found
MT  3 20 for 90232 not found
Create input file for pfns for k= 81 and energy number 12 (out of 50)
MT3 for 90232 not found
MT  3 19 for 90232 not found
MT3 for 90232 not found
MT  3 20 for 90232 not found
Create input file for pfns for k= 82 and energy number 12 (out of 50)
MT3 for 90232 not found
MT  3 19 for 90232 not found
MT3 for 90232 not found
MT  3 20 for 90232 not found
Create input file for pfns for k= 83 and energy number 12 (out of 50)
MT3 for 90232 not found
MT  3 19 for 90232 not found
MT3 for 90232 not found
MT  3 20 for 90232 not found
Create input file for pfns for k= 84 and energy number 12 (out of 50)
MT3 for 90232 not found
MT  3 19 for 90232 not found
MT3 for 90232 not found
MT  3 20 for 90232 not found
Create input file for pfns for k= 85 and energy number 12 (out of 50)
MT3 for 90232 not found
MT  3 19 for 90232 not found
MT3 for 90232 not found
MT  3 20 for 90232 not found
Create input file for pfns for k= 86 and energy number 12 (out of 50)
MT3 for 90232 not found
MT  3 19 for 90232 not found
MT3 for 90232 not found
MT  3 20 for 90232 not found
Create input file for pfns for k= 87 and energy number 12 (out of 50)
MT3 for 90232 not found
MT  3 19 for 90232 not found
MT3 for 90232 not found
MT  3 20 for 90232 not found
Create input file for pfns for k= 88 and energy number 12 (out of 50)
MT3 for 90232 not found
MT  3 19 for 90232 not found
MT3 for 90232 not found
MT  3 20 for 90232 not found
Create input file for pfns for k= 89 and energy number 12 (out of 50)
MT3 for 90232 not found
MT  3 19 for 90232 not found
MT3 for 90232 not found
MT  3 20 for 90232 not found
Create input file for pfns for k= 90 and energy number 12 (out of 50)
MT3 for 90232 not found
MT  3 19 for 90232 not found
MT3 for 90232 not found
MT  3 20 for 90232 not found
Create input file for pfns for k= 91 and energy number 12 (out of 50)
MT3 for 90232 not found
MT  3 19 for 90232 not found
MT3 for 90232 not found
MT  3 20 for 90232 not found
Create input file for pfns for k= 92 and energy number 12 (out of 50)
MT3 for 90232 not found
MT  3 19 for 90232 not found
MT3 for 90232 not found
MT  3 20 for 90232 not found
Create input file for pfns for k= 93 and energy number 12 (out of 50)
MT3 for 90232 not found
MT  3 19 for 90232 not found
MT3 for 90232 not found
MT  3 20 for 90232 not found
Create input file for pfns for k= 94 and energy number 12 (out of 50)
MT3 for 90232 not found
MT  3 19 for 90232 not found
MT3 for 90232 not found
MT  3 20 for 90232 not found
Create input file for pfns for k= 95 and energy number 12 (out of 50)
MT3 for 90232 not found
MT  3 19 for 90232 not found
MT3 for 90232 not found
MT  3 20 for 90232 not found
Create input file for pfns for k= 96 and energy number 12 (out of 50)
MT3 for 90232 not found
MT  3 19 for 90232 not found
MT3 for 90232 not found
MT  3 20 for 90232 not found
Create input file for pfns for k= 97 and energy number 12 (out of 50)
MT3 for 90232 not found
MT  3 19 for 90232 not found
MT3 for 90232 not found
MT  3 20 for 90232 not found
Create input file for pfns for k= 98 and energy number 12 (out of 50)
MT3 for 90232 not found
MT  3 19 for 90232 not found
MT3 for 90232 not found
MT  3 20 for 90232 not found
Create input file for pfns for k= 99 and energy number 12 (out of 50)
MT3 for 90232 not found
MT  3 19 for 90232 not found
MT3 for 90232 not found
MT  3 20 for 90232 not found
Create input file for pfns for k= 100 and energy number 12 (out of 50)
MT3 for 90232 not found
MT  3 19 for 90232 not found
MT3 for 90232 not found
MT  3 20 for 90232 not found
Create input file for pfns for k= 0 and energy number 13 (out of 50)
MT3 for 90232 not found
MT  3 19 for 90232 not found
MT3 for 90232 not found
MT  3 20 for 90232 not found
Create input file for pfns for k= 1 and energy number 13 (out of 50)
MT3 for 90232 not found
MT  3 19 for 90232 not found
MT3 for 90232 not found
MT  3 20 for 90232 not found
Create input file for pfns for k= 2 and energy number 13 (out of 50)
MT3 for 90232 not found
MT  3 19 for 90232 not found
MT3 for 90232 not found
MT  3 20 for 90232 not found
Create input file for pfns for k= 3 and energy number 13 (out of 50)
MT3 for 90232 not found
MT  3 19 for 90232 not found
MT3 for 90232 not found
MT  3 20 for 90232 not found
Create input file for pfns for k= 4 and energy number 13 (out of 50)
MT3 for 90232 not found
MT  3 19 for 90232 not found
MT3 for 90232 not found
MT  3 20 for 90232 not found
Create input file for pfns for k= 5 and energy number 13 (out of 50)
MT3 for 90232 not found
MT  3 19 for 90232 not found
MT3 for 90232 not found
MT  3 20 for 90232 not found
Create input file for pfns for k= 6 and energy number 13 (out of 50)
MT3 for 90232 not found
MT  3 19 for 90232 not found
MT3 for 90232 not found
MT  3 20 for 90232 not found
Create input file for pfns for k= 7 and energy number 13 (out of 50)
MT3 for 90232 not found
MT  3 19 for 90232 not found
MT3 for 90232 not found
MT  3 20 for 90232 not found
Create input file for pfns for k= 8 and energy number 13 (out of 50)
MT3 for 90232 not found
MT  3 19 for 90232 not found
MT3 for 90232 not found
MT  3 20 for 90232 not found
Create input file for pfns for k= 9 and energy number 13 (out of 50)
MT3 for 90232 not found
MT  3 19 for 90232 not found
MT3 for 90232 not found
MT  3 20 for 90232 not found
Create input file for pfns for k= 10 and energy number 13 (out of 50)
MT3 for 90232 not found
MT  3 19 for 90232 not found
MT3 for 90232 not found
MT  3 20 for 90232 not found
Create input file for pfns for k= 11 and energy number 13 (out of 50)
MT3 for 90232 not found
MT  3 19 for 90232 not found
MT3 for 90232 not found
MT  3 20 for 90232 not found
Create input file for pfns for k= 12 and energy number 13 (out of 50)
MT3 for 90232 not found
MT  3 19 for 90232 not found
MT3 for 90232 not found
MT  3 20 for 90232 not found
Create input file for pfns for k= 13 and energy number 13 (out of 50)
MT3 for 90232 not found
MT  3 19 for 90232 not found
MT3 for 90232 not found
MT  3 20 for 90232 not found
Create input file for pfns for k= 14 and energy number 13 (out of 50)
MT3 for 90232 not found
MT  3 19 for 90232 not found
MT3 for 90232 not found
MT  3 20 for 90232 not found
Create input file for pfns for k= 15 and energy number 13 (out of 50)
MT3 for 90232 not found
MT  3 19 for 90232 not found
MT3 for 90232 not found
MT  3 20 for 90232 not found
Create input file for pfns for k= 16 and energy number 13 (out of 50)
MT3 for 90232 not found
MT  3 19 for 90232 not found
MT3 for 90232 not found
MT  3 20 for 90232 not found
Create input file for pfns for k= 17 and energy number 13 (out of 50)
MT3 for 90232 not found
MT  3 19 for 90232 not found
MT3 for 90232 not found
MT  3 20 for 90232 not found
Create input file for pfns for k= 18 and energy number 13 (out of 50)
MT3 for 90232 not found
MT  3 19 for 90232 not found
MT3 for 90232 not found
MT  3 20 for 90232 not found
Create input file for pfns for k= 19 and energy number 13 (out of 50)
MT3 for 90232 not found
MT  3 19 for 90232 not found
MT3 for 90232 not found
MT  3 20 for 90232 not found
Create input file for pfns for k= 20 and energy number 13 (out of 50)
MT3 for 90232 not found
MT  3 19 for 90232 not found
MT3 for 90232 not found
MT  3 20 for 90232 not found
Create input file for pfns for k= 21 and energy number 13 (out of 50)
MT3 for 90232 not found
MT  3 19 for 90232 not found
MT3 for 90232 not found
MT  3 20 for 90232 not found
Create input file for pfns for k= 22 and energy number 13 (out of 50)
MT3 for 90232 not found
MT  3 19 for 90232 not found
MT3 for 90232 not found
MT  3 20 for 90232 not found
Create input file for pfns for k= 23 and energy number 13 (out of 50)
MT3 for 90232 not found
MT  3 19 for 90232 not found
MT3 for 90232 not found
MT  3 20 for 90232 not found
Create input file for pfns for k= 24 and energy number 13 (out of 50)
MT3 for 90232 not found
MT  3 19 for 90232 not found
MT3 for 90232 not found
MT  3 20 for 90232 not found
Create input file for pfns for k= 25 and energy number 13 (out of 50)
MT3 for 90232 not found
MT  3 19 for 90232 not found
MT3 for 90232 not found
MT  3 20 for 90232 not found
Create input file for pfns for k= 26 and energy number 13 (out of 50)
MT3 for 90232 not found
MT  3 19 for 90232 not found
MT3 for 90232 not found
MT  3 20 for 90232 not found
Create input file for pfns for k= 27 and energy number 13 (out of 50)
MT3 for 90232 not found
MT  3 19 for 90232 not found
MT3 for 90232 not found
MT  3 20 for 90232 not found
Create input file for pfns for k= 28 and energy number 13 (out of 50)
MT3 for 90232 not found
MT  3 19 for 90232 not found
MT3 for 90232 not found
MT  3 20 for 90232 not found
Create input file for pfns for k= 29 and energy number 13 (out of 50)
MT3 for 90232 not found
MT  3 19 for 90232 not found
MT3 for 90232 not found
MT  3 20 for 90232 not found
Create input file for pfns for k= 30 and energy number 13 (out of 50)
MT3 for 90232 not found
MT  3 19 for 90232 not found
MT3 for 90232 not found
MT  3 20 for 90232 not found
Create input file for pfns for k= 31 and energy number 13 (out of 50)
MT3 for 90232 not found
MT  3 19 for 90232 not found
MT3 for 90232 not found
MT  3 20 for 90232 not found
Create input file for pfns for k= 32 and energy number 13 (out of 50)
MT3 for 90232 not found
MT  3 19 for 90232 not found
MT3 for 90232 not found
MT  3 20 for 90232 not found
Create input file for pfns for k= 33 and energy number 13 (out of 50)
MT3 for 90232 not found
MT  3 19 for 90232 not found
MT3 for 90232 not found
MT  3 20 for 90232 not found
Create input file for pfns for k= 34 and energy number 13 (out of 50)
MT3 for 90232 not found
MT  3 19 for 90232 not found
MT3 for 90232 not found
MT  3 20 for 90232 not found
Create input file for pfns for k= 35 and energy number 13 (out of 50)
MT3 for 90232 not found
MT  3 19 for 90232 not found
MT3 for 90232 not found
MT  3 20 for 90232 not found
Create input file for pfns for k= 36 and energy number 13 (out of 50)
MT3 for 90232 not found
MT  3 19 for 90232 not found
MT3 for 90232 not found
MT  3 20 for 90232 not found
Create input file for pfns for k= 37 and energy number 13 (out of 50)
MT3 for 90232 not found
MT  3 19 for 90232 not found
MT3 for 90232 not found
MT  3 20 for 90232 not found
Create input file for pfns for k= 38 and energy number 13 (out of 50)
MT3 for 90232 not found
MT  3 19 for 90232 not found
MT3 for 90232 not found
MT  3 20 for 90232 not found
Create input file for pfns for k= 39 and energy number 13 (out of 50)
MT3 for 90232 not found
MT  3 19 for 90232 not found
MT3 for 90232 not found
MT  3 20 for 90232 not found
Create input file for pfns for k= 40 and energy number 13 (out of 50)
MT3 for 90232 not found
MT  3 19 for 90232 not found
MT3 for 90232 not found
MT  3 20 for 90232 not found
Create input file for pfns for k= 41 and energy number 13 (out of 50)
MT3 for 90232 not found
MT  3 19 for 90232 not found
MT3 for 90232 not found
MT  3 20 for 90232 not found
Create input file for pfns for k= 42 and energy number 13 (out of 50)
MT3 for 90232 not found
MT  3 19 for 90232 not found
MT3 for 90232 not found
MT  3 20 for 90232 not found
Create input file for pfns for k= 43 and energy number 13 (out of 50)
MT3 for 90232 not found
MT  3 19 for 90232 not found
MT3 for 90232 not found
MT  3 20 for 90232 not found
Create input file for pfns for k= 44 and energy number 13 (out of 50)
MT3 for 90232 not found
MT  3 19 for 90232 not found
MT3 for 90232 not found
MT  3 20 for 90232 not found
Create input file for pfns for k= 45 and energy number 13 (out of 50)
MT3 for 90232 not found
MT  3 19 for 90232 not found
MT3 for 90232 not found
MT  3 20 for 90232 not found
Create input file for pfns for k= 46 and energy number 13 (out of 50)
MT3 for 90232 not found
MT  3 19 for 90232 not found
MT3 for 90232 not found
MT  3 20 for 90232 not found
Create input file for pfns for k= 47 and energy number 13 (out of 50)
MT3 for 90232 not found
MT  3 19 for 90232 not found
MT3 for 90232 not found
MT  3 20 for 90232 not found
Create input file for pfns for k= 48 and energy number 13 (out of 50)
MT3 for 90232 not found
MT  3 19 for 90232 not found
MT3 for 90232 not found
MT  3 20 for 90232 not found
Create input file for pfns for k= 49 and energy number 13 (out of 50)
MT3 for 90232 not found
MT  3 19 for 90232 not found
MT3 for 90232 not found
MT  3 20 for 90232 not found
Create input file for pfns for k= 50 and energy number 13 (out of 50)
MT3 for 90232 not found
MT  3 19 for 90232 not found
MT3 for 90232 not found
MT  3 20 for 90232 not found
Create input file for pfns for k= 51 and energy number 13 (out of 50)
MT3 for 90232 not found
MT  3 19 for 90232 not found
MT3 for 90232 not found
MT  3 20 for 90232 not found
Create input file for pfns for k= 52 and energy number 13 (out of 50)
MT3 for 90232 not found
MT  3 19 for 90232 not found
MT3 for 90232 not found
MT  3 20 for 90232 not found
Create input file for pfns for k= 53 and energy number 13 (out of 50)
MT3 for 90232 not found
MT  3 19 for 90232 not found
MT3 for 90232 not found
MT  3 20 for 90232 not found
Create input file for pfns for k= 54 and energy number 13 (out of 50)
MT3 for 90232 not found
MT  3 19 for 90232 not found
MT3 for 90232 not found
MT  3 20 for 90232 not found
Create input file for pfns for k= 55 and energy number 13 (out of 50)
MT3 for 90232 not found
MT  3 19 for 90232 not found
MT3 for 90232 not found
MT  3 20 for 90232 not found
Create input file for pfns for k= 56 and energy number 13 (out of 50)
MT3 for 90232 not found
MT  3 19 for 90232 not found
MT3 for 90232 not found
MT  3 20 for 90232 not found
Create input file for pfns for k= 57 and energy number 13 (out of 50)
MT3 for 90232 not found
MT  3 19 for 90232 not found
MT3 for 90232 not found
MT  3 20 for 90232 not found
Create input file for pfns for k= 58 and energy number 13 (out of 50)
MT3 for 90232 not found
MT  3 19 for 90232 not found
MT3 for 90232 not found
MT  3 20 for 90232 not found
Create input file for pfns for k= 59 and energy number 13 (out of 50)
MT3 for 90232 not found
MT  3 19 for 90232 not found
MT3 for 90232 not found
MT  3 20 for 90232 not found
Create input file for pfns for k= 60 and energy number 13 (out of 50)
MT3 for 90232 not found
MT  3 19 for 90232 not found
MT3 for 90232 not found
MT  3 20 for 90232 not found
Create input file for pfns for k= 61 and energy number 13 (out of 50)
MT3 for 90232 not found
MT  3 19 for 90232 not found
MT3 for 90232 not found
MT  3 20 for 90232 not found
Create input file for pfns for k= 62 and energy number 13 (out of 50)
MT3 for 90232 not found
MT  3 19 for 90232 not found
MT3 for 90232 not found
MT  3 20 for 90232 not found
Create input file for pfns for k= 63 and energy number 13 (out of 50)
MT3 for 90232 not found
MT  3 19 for 90232 not found
MT3 for 90232 not found
MT  3 20 for 90232 not found
Create input file for pfns for k= 64 and energy number 13 (out of 50)
MT3 for 90232 not found
MT  3 19 for 90232 not found
MT3 for 90232 not found
MT  3 20 for 90232 not found
Create input file for pfns for k= 65 and energy number 13 (out of 50)
MT3 for 90232 not found
MT  3 19 for 90232 not found
MT3 for 90232 not found
MT  3 20 for 90232 not found
Create input file for pfns for k= 66 and energy number 13 (out of 50)
MT3 for 90232 not found
MT  3 19 for 90232 not found
MT3 for 90232 not found
MT  3 20 for 90232 not found
Create input file for pfns for k= 67 and energy number 13 (out of 50)
MT3 for 90232 not found
MT  3 19 for 90232 not found
MT3 for 90232 not found
MT  3 20 for 90232 not found
Create input file for pfns for k= 68 and energy number 13 (out of 50)
MT3 for 90232 not found
MT  3 19 for 90232 not found
MT3 for 90232 not found
MT  3 20 for 90232 not found
Create input file for pfns for k= 69 and energy number 13 (out of 50)
MT3 for 90232 not found
MT  3 19 for 90232 not found
MT3 for 90232 not found
MT  3 20 for 90232 not found
Create input file for pfns for k= 70 and energy number 13 (out of 50)
MT3 for 90232 not found
MT  3 19 for 90232 not found
MT3 for 90232 not found
MT  3 20 for 90232 not found
Create input file for pfns for k= 71 and energy number 13 (out of 50)
MT3 for 90232 not found
MT  3 19 for 90232 not found
MT3 for 90232 not found
MT  3 20 for 90232 not found
Create input file for pfns for k= 72 and energy number 13 (out of 50)
MT3 for 90232 not found
MT  3 19 for 90232 not found
MT3 for 90232 not found
MT  3 20 for 90232 not found
Create input file for pfns for k= 73 and energy number 13 (out of 50)
MT3 for 90232 not found
MT  3 19 for 90232 not found
MT3 for 90232 not found
MT  3 20 for 90232 not found
Create input file for pfns for k= 74 and energy number 13 (out of 50)
MT3 for 90232 not found
MT  3 19 for 90232 not found
MT3 for 90232 not found
MT  3 20 for 90232 not found
Create input file for pfns for k= 75 and energy number 13 (out of 50)
MT3 for 90232 not found
MT  3 19 for 90232 not found
MT3 for 90232 not found
MT  3 20 for 90232 not found
Create input file for pfns for k= 76 and energy number 13 (out of 50)
MT3 for 90232 not found
MT  3 19 for 90232 not found
MT3 for 90232 not found
MT  3 20 for 90232 not found
Create input file for pfns for k= 77 and energy number 13 (out of 50)
MT3 for 90232 not found
MT  3 19 for 90232 not found
MT3 for 90232 not found
MT  3 20 for 90232 not found
Create input file for pfns for k= 78 and energy number 13 (out of 50)
MT3 for 90232 not found
MT  3 19 for 90232 not found
MT3 for 90232 not found
MT  3 20 for 90232 not found
Create input file for pfns for k= 79 and energy number 13 (out of 50)
MT3 for 90232 not found
MT  3 19 for 90232 not found
MT3 for 90232 not found
MT  3 20 for 90232 not found
Create input file for pfns for k= 80 and energy number 13 (out of 50)
MT3 for 90232 not found
MT  3 19 for 90232 not found
MT3 for 90232 not found
MT  3 20 for 90232 not found
Create input file for pfns for k= 81 and energy number 13 (out of 50)
MT3 for 90232 not found
MT  3 19 for 90232 not found
MT3 for 90232 not found
MT  3 20 for 90232 not found
Create input file for pfns for k= 82 and energy number 13 (out of 50)
MT3 for 90232 not found
MT  3 19 for 90232 not found
MT3 for 90232 not found
MT  3 20 for 90232 not found
Create input file for pfns for k= 83 and energy number 13 (out of 50)
MT3 for 90232 not found
MT  3 19 for 90232 not found
MT3 for 90232 not found
MT  3 20 for 90232 not found
Create input file for pfns for k= 84 and energy number 13 (out of 50)
MT3 for 90232 not found
MT  3 19 for 90232 not found
MT3 for 90232 not found
MT  3 20 for 90232 not found
Create input file for pfns for k= 85 and energy number 13 (out of 50)
MT3 for 90232 not found
MT  3 19 for 90232 not found
MT3 for 90232 not found
MT  3 20 for 90232 not found
Create input file for pfns for k= 86 and energy number 13 (out of 50)
MT3 for 90232 not found
MT  3 19 for 90232 not found
MT3 for 90232 not found
MT  3 20 for 90232 not found
Create input file for pfns for k= 87 and energy number 13 (out of 50)
MT3 for 90232 not found
MT  3 19 for 90232 not found
MT3 for 90232 not found
MT  3 20 for 90232 not found
Create input file for pfns for k= 88 and energy number 13 (out of 50)
MT3 for 90232 not found
MT  3 19 for 90232 not found
MT3 for 90232 not found
MT  3 20 for 90232 not found
Create input file for pfns for k= 89 and energy number 13 (out of 50)
MT3 for 90232 not found
MT  3 19 for 90232 not found
MT3 for 90232 not found
MT  3 20 for 90232 not found
Create input file for pfns for k= 90 and energy number 13 (out of 50)
MT3 for 90232 not found
MT  3 19 for 90232 not found
MT3 for 90232 not found
MT  3 20 for 90232 not found
Create input file for pfns for k= 91 and energy number 13 (out of 50)
MT3 for 90232 not found
MT  3 19 for 90232 not found
MT3 for 90232 not found
MT  3 20 for 90232 not found
Create input file for pfns for k= 92 and energy number 13 (out of 50)
MT3 for 90232 not found
MT  3 19 for 90232 not found
MT3 for 90232 not found
MT  3 20 for 90232 not found
Create input file for pfns for k= 93 and energy number 13 (out of 50)
MT3 for 90232 not found
MT  3 19 for 90232 not found
MT3 for 90232 not found
MT  3 20 for 90232 not found
Create input file for pfns for k= 94 and energy number 13 (out of 50)
MT3 for 90232 not found
MT  3 19 for 90232 not found
MT3 for 90232 not found
MT  3 20 for 90232 not found
Create input file for pfns for k= 95 and energy number 13 (out of 50)
MT3 for 90232 not found
MT  3 19 for 90232 not found
MT3 for 90232 not found
MT  3 20 for 90232 not found
Create input file for pfns for k= 96 and energy number 13 (out of 50)
MT3 for 90232 not found
MT  3 19 for 90232 not found
MT3 for 90232 not found
MT  3 20 for 90232 not found
Create input file for pfns for k= 97 and energy number 13 (out of 50)
MT3 for 90232 not found
MT  3 19 for 90232 not found
MT3 for 90232 not found
MT  3 20 for 90232 not found
Create input file for pfns for k= 98 and energy number 13 (out of 50)
MT3 for 90232 not found
MT  3 19 for 90232 not found
MT3 for 90232 not found
MT  3 20 for 90232 not found
Create input file for pfns for k= 99 and energy number 13 (out of 50)
MT3 for 90232 not found
MT  3 19 for 90232 not found
MT3 for 90232 not found
MT  3 20 for 90232 not found
Create input file for pfns for k= 100 and energy number 13 (out of 50)
MT3 for 90232 not found
MT  3 19 for 90232 not found
MT3 for 90232 not found
MT  3 20 for 90232 not found
Create input file for pfns for k= 0 and energy number 14 (out of 50)
MT3 for 90232 not found
MT  3 19 for 90232 not found
MT3 for 90232 not found
MT  3 20 for 90232 not found
Create input file for pfns for k= 1 and energy number 14 (out of 50)
MT3 for 90232 not found
MT  3 19 for 90232 not found
MT3 for 90232 not found
MT  3 20 for 90232 not found
Create input file for pfns for k= 2 and energy number 14 (out of 50)
MT3 for 90232 not found
MT  3 19 for 90232 not found
MT3 for 90232 not found
MT  3 20 for 90232 not found
Create input file for pfns for k= 3 and energy number 14 (out of 50)
MT3 for 90232 not found
MT  3 19 for 90232 not found
MT3 for 90232 not found
MT  3 20 for 90232 not found
Create input file for pfns for k= 4 and energy number 14 (out of 50)
MT3 for 90232 not found
MT  3 19 for 90232 not found
MT3 for 90232 not found
MT  3 20 for 90232 not found
Create input file for pfns for k= 5 and energy number 14 (out of 50)
MT3 for 90232 not found
MT  3 19 for 90232 not found
MT3 for 90232 not found
MT  3 20 for 90232 not found
Create input file for pfns for k= 6 and energy number 14 (out of 50)
MT3 for 90232 not found
MT  3 19 for 90232 not found
MT3 for 90232 not found
MT  3 20 for 90232 not found
Create input file for pfns for k= 7 and energy number 14 (out of 50)
MT3 for 90232 not found
MT  3 19 for 90232 not found
MT3 for 90232 not found
MT  3 20 for 90232 not found
Create input file for pfns for k= 8 and energy number 14 (out of 50)
MT3 for 90232 not found
MT  3 19 for 90232 not found
MT3 for 90232 not found
MT  3 20 for 90232 not found
Create input file for pfns for k= 9 and energy number 14 (out of 50)
MT3 for 90232 not found
MT  3 19 for 90232 not found
MT3 for 90232 not found
MT  3 20 for 90232 not found
Create input file for pfns for k= 10 and energy number 14 (out of 50)
MT3 for 90232 not found
MT  3 19 for 90232 not found
MT3 for 90232 not found
MT  3 20 for 90232 not found
Create input file for pfns for k= 11 and energy number 14 (out of 50)
MT3 for 90232 not found
MT  3 19 for 90232 not found
MT3 for 90232 not found
MT  3 20 for 90232 not found
Create input file for pfns for k= 12 and energy number 14 (out of 50)
MT3 for 90232 not found
MT  3 19 for 90232 not found
MT3 for 90232 not found
MT  3 20 for 90232 not found
Create input file for pfns for k= 13 and energy number 14 (out of 50)
MT3 for 90232 not found
MT  3 19 for 90232 not found
MT3 for 90232 not found
MT  3 20 for 90232 not found
Create input file for pfns for k= 14 and energy number 14 (out of 50)
MT3 for 90232 not found
MT  3 19 for 90232 not found
MT3 for 90232 not found
MT  3 20 for 90232 not found
Create input file for pfns for k= 15 and energy number 14 (out of 50)
MT3 for 90232 not found
MT  3 19 for 90232 not found
MT3 for 90232 not found
MT  3 20 for 90232 not found
Create input file for pfns for k= 16 and energy number 14 (out of 50)
MT3 for 90232 not found
MT  3 19 for 90232 not found
MT3 for 90232 not found
MT  3 20 for 90232 not found
Create input file for pfns for k= 17 and energy number 14 (out of 50)
MT3 for 90232 not found
MT  3 19 for 90232 not found
MT3 for 90232 not found
MT  3 20 for 90232 not found
Create input file for pfns for k= 18 and energy number 14 (out of 50)
MT3 for 90232 not found
MT  3 19 for 90232 not found
MT3 for 90232 not found
MT  3 20 for 90232 not found
Create input file for pfns for k= 19 and energy number 14 (out of 50)
MT3 for 90232 not found
MT  3 19 for 90232 not found
MT3 for 90232 not found
MT  3 20 for 90232 not found
Create input file for pfns for k= 20 and energy number 14 (out of 50)
MT3 for 90232 not found
MT  3 19 for 90232 not found
MT3 for 90232 not found
MT  3 20 for 90232 not found
Create input file for pfns for k= 21 and energy number 14 (out of 50)
MT3 for 90232 not found
MT  3 19 for 90232 not found
MT3 for 90232 not found
MT  3 20 for 90232 not found
Create input file for pfns for k= 22 and energy number 14 (out of 50)
MT3 for 90232 not found
MT  3 19 for 90232 not found
MT3 for 90232 not found
MT  3 20 for 90232 not found
Create input file for pfns for k= 23 and energy number 14 (out of 50)
MT3 for 90232 not found
MT  3 19 for 90232 not found
MT3 for 90232 not found
MT  3 20 for 90232 not found
Create input file for pfns for k= 24 and energy number 14 (out of 50)
MT3 for 90232 not found
MT  3 19 for 90232 not found
MT3 for 90232 not found
MT  3 20 for 90232 not found
Create input file for pfns for k= 25 and energy number 14 (out of 50)
MT3 for 90232 not found
MT  3 19 for 90232 not found
MT3 for 90232 not found
MT  3 20 for 90232 not found
Create input file for pfns for k= 26 and energy number 14 (out of 50)
MT3 for 90232 not found
MT  3 19 for 90232 not found
MT3 for 90232 not found
MT  3 20 for 90232 not found
Create input file for pfns for k= 27 and energy number 14 (out of 50)
MT3 for 90232 not found
MT  3 19 for 90232 not found
MT3 for 90232 not found
MT  3 20 for 90232 not found
Create input file for pfns for k= 28 and energy number 14 (out of 50)
MT3 for 90232 not found
MT  3 19 for 90232 not found
MT3 for 90232 not found
MT  3 20 for 90232 not found
Create input file for pfns for k= 29 and energy number 14 (out of 50)
MT3 for 90232 not found
MT  3 19 for 90232 not found
MT3 for 90232 not found
MT  3 20 for 90232 not found
Create input file for pfns for k= 30 and energy number 14 (out of 50)
MT3 for 90232 not found
MT  3 19 for 90232 not found
MT3 for 90232 not found
MT  3 20 for 90232 not found
Create input file for pfns for k= 31 and energy number 14 (out of 50)
MT3 for 90232 not found
MT  3 19 for 90232 not found
MT3 for 90232 not found
MT  3 20 for 90232 not found
Create input file for pfns for k= 32 and energy number 14 (out of 50)
MT3 for 90232 not found
MT  3 19 for 90232 not found
MT3 for 90232 not found
MT  3 20 for 90232 not found
Create input file for pfns for k= 33 and energy number 14 (out of 50)
MT3 for 90232 not found
MT  3 19 for 90232 not found
MT3 for 90232 not found
MT  3 20 for 90232 not found
Create input file for pfns for k= 34 and energy number 14 (out of 50)
MT3 for 90232 not found
MT  3 19 for 90232 not found
MT3 for 90232 not found
MT  3 20 for 90232 not found
Create input file for pfns for k= 35 and energy number 14 (out of 50)
MT3 for 90232 not found
MT  3 19 for 90232 not found
MT3 for 90232 not found
MT  3 20 for 90232 not found
Create input file for pfns for k= 36 and energy number 14 (out of 50)
MT3 for 90232 not found
MT  3 19 for 90232 not found
MT3 for 90232 not found
MT  3 20 for 90232 not found
Create input file for pfns for k= 37 and energy number 14 (out of 50)
MT3 for 90232 not found
MT  3 19 for 90232 not found
MT3 for 90232 not found
MT  3 20 for 90232 not found
Create input file for pfns for k= 38 and energy number 14 (out of 50)
MT3 for 90232 not found
MT  3 19 for 90232 not found
MT3 for 90232 not found
MT  3 20 for 90232 not found
Create input file for pfns for k= 39 and energy number 14 (out of 50)
MT3 for 90232 not found
MT  3 19 for 90232 not found
MT3 for 90232 not found
MT  3 20 for 90232 not found
Create input file for pfns for k= 40 and energy number 14 (out of 50)
MT3 for 90232 not found
MT  3 19 for 90232 not found
MT3 for 90232 not found
MT  3 20 for 90232 not found
Create input file for pfns for k= 41 and energy number 14 (out of 50)
MT3 for 90232 not found
MT  3 19 for 90232 not found
MT3 for 90232 not found
MT  3 20 for 90232 not found
Create input file for pfns for k= 42 and energy number 14 (out of 50)
MT3 for 90232 not found
MT  3 19 for 90232 not found
MT3 for 90232 not found
MT  3 20 for 90232 not found
Create input file for pfns for k= 43 and energy number 14 (out of 50)
MT3 for 90232 not found
MT  3 19 for 90232 not found
MT3 for 90232 not found
MT  3 20 for 90232 not found
Create input file for pfns for k= 44 and energy number 14 (out of 50)
MT3 for 90232 not found
MT  3 19 for 90232 not found
MT3 for 90232 not found
MT  3 20 for 90232 not found
Create input file for pfns for k= 45 and energy number 14 (out of 50)
MT3 for 90232 not found
MT  3 19 for 90232 not found
MT3 for 90232 not found
MT  3 20 for 90232 not found
Create input file for pfns for k= 46 and energy number 14 (out of 50)
MT3 for 90232 not found
MT  3 19 for 90232 not found
MT3 for 90232 not found
MT  3 20 for 90232 not found
Create input file for pfns for k= 47 and energy number 14 (out of 50)
MT3 for 90232 not found
MT  3 19 for 90232 not found
MT3 for 90232 not found
MT  3 20 for 90232 not found
Create input file for pfns for k= 48 and energy number 14 (out of 50)
MT3 for 90232 not found
MT  3 19 for 90232 not found
MT3 for 90232 not found
MT  3 20 for 90232 not found
Create input file for pfns for k= 49 and energy number 14 (out of 50)
MT3 for 90232 not found
MT  3 19 for 90232 not found
MT3 for 90232 not found
MT  3 20 for 90232 not found
Create input file for pfns for k= 50 and energy number 14 (out of 50)
MT3 for 90232 not found
MT  3 19 for 90232 not found
MT3 for 90232 not found
MT  3 20 for 90232 not found
Create input file for pfns for k= 51 and energy number 14 (out of 50)
MT3 for 90232 not found
MT  3 19 for 90232 not found
MT3 for 90232 not found
MT  3 20 for 90232 not found
Create input file for pfns for k= 52 and energy number 14 (out of 50)
MT3 for 90232 not found
MT  3 19 for 90232 not found
MT3 for 90232 not found
MT  3 20 for 90232 not found
Create input file for pfns for k= 53 and energy number 14 (out of 50)
MT3 for 90232 not found
MT  3 19 for 90232 not found
MT3 for 90232 not found
MT  3 20 for 90232 not found
Create input file for pfns for k= 54 and energy number 14 (out of 50)
MT3 for 90232 not found
MT  3 19 for 90232 not found
MT3 for 90232 not found
MT  3 20 for 90232 not found
Create input file for pfns for k= 55 and energy number 14 (out of 50)
MT3 for 90232 not found
MT  3 19 for 90232 not found
MT3 for 90232 not found
MT  3 20 for 90232 not found
Create input file for pfns for k= 56 and energy number 14 (out of 50)
MT3 for 90232 not found
MT  3 19 for 90232 not found
MT3 for 90232 not found
MT  3 20 for 90232 not found
Create input file for pfns for k= 57 and energy number 14 (out of 50)
MT3 for 90232 not found
MT  3 19 for 90232 not found
MT3 for 90232 not found
MT  3 20 for 90232 not found
Create input file for pfns for k= 58 and energy number 14 (out of 50)
MT3 for 90232 not found
MT  3 19 for 90232 not found
MT3 for 90232 not found
MT  3 20 for 90232 not found
Create input file for pfns for k= 59 and energy number 14 (out of 50)
MT3 for 90232 not found
MT  3 19 for 90232 not found
MT3 for 90232 not found
MT  3 20 for 90232 not found
Create input file for pfns for k= 60 and energy number 14 (out of 50)
MT3 for 90232 not found
MT  3 19 for 90232 not found
MT3 for 90232 not found
MT  3 20 for 90232 not found
Create input file for pfns for k= 61 and energy number 14 (out of 50)
MT3 for 90232 not found
MT  3 19 for 90232 not found
MT3 for 90232 not found
MT  3 20 for 90232 not found
Create input file for pfns for k= 62 and energy number 14 (out of 50)
MT3 for 90232 not found
MT  3 19 for 90232 not found
MT3 for 90232 not found
MT  3 20 for 90232 not found
Create input file for pfns for k= 63 and energy number 14 (out of 50)
MT3 for 90232 not found
MT  3 19 for 90232 not found
MT3 for 90232 not found
MT  3 20 for 90232 not found
Create input file for pfns for k= 64 and energy number 14 (out of 50)
MT3 for 90232 not found
MT  3 19 for 90232 not found
MT3 for 90232 not found
MT  3 20 for 90232 not found
Create input file for pfns for k= 65 and energy number 14 (out of 50)
MT3 for 90232 not found
MT  3 19 for 90232 not found
MT3 for 90232 not found
MT  3 20 for 90232 not found
Create input file for pfns for k= 66 and energy number 14 (out of 50)
MT3 for 90232 not found
MT  3 19 for 90232 not found
MT3 for 90232 not found
MT  3 20 for 90232 not found
Create input file for pfns for k= 67 and energy number 14 (out of 50)
MT3 for 90232 not found
MT  3 19 for 90232 not found
MT3 for 90232 not found
MT  3 20 for 90232 not found
Create input file for pfns for k= 68 and energy number 14 (out of 50)
MT3 for 90232 not found
MT  3 19 for 90232 not found
MT3 for 90232 not found
MT  3 20 for 90232 not found
Create input file for pfns for k= 69 and energy number 14 (out of 50)
MT3 for 90232 not found
MT  3 19 for 90232 not found
MT3 for 90232 not found
MT  3 20 for 90232 not found
Create input file for pfns for k= 70 and energy number 14 (out of 50)
MT3 for 90232 not found
MT  3 19 for 90232 not found
MT3 for 90232 not found
MT  3 20 for 90232 not found
Create input file for pfns for k= 71 and energy number 14 (out of 50)
MT3 for 90232 not found
MT  3 19 for 90232 not found
MT3 for 90232 not found
MT  3 20 for 90232 not found
Create input file for pfns for k= 72 and energy number 14 (out of 50)
MT3 for 90232 not found
MT  3 19 for 90232 not found
MT3 for 90232 not found
MT  3 20 for 90232 not found
Create input file for pfns for k= 73 and energy number 14 (out of 50)
MT3 for 90232 not found
MT  3 19 for 90232 not found
MT3 for 90232 not found
MT  3 20 for 90232 not found
Create input file for pfns for k= 74 and energy number 14 (out of 50)
MT3 for 90232 not found
MT  3 19 for 90232 not found
MT3 for 90232 not found
MT  3 20 for 90232 not found
Create input file for pfns for k= 75 and energy number 14 (out of 50)
MT3 for 90232 not found
MT  3 19 for 90232 not found
MT3 for 90232 not found
MT  3 20 for 90232 not found
Create input file for pfns for k= 76 and energy number 14 (out of 50)
MT3 for 90232 not found
MT  3 19 for 90232 not found
MT3 for 90232 not found
MT  3 20 for 90232 not found
Create input file for pfns for k= 77 and energy number 14 (out of 50)
MT3 for 90232 not found
MT  3 19 for 90232 not found
MT3 for 90232 not found
MT  3 20 for 90232 not found
Create input file for pfns for k= 78 and energy number 14 (out of 50)
MT3 for 90232 not found
MT  3 19 for 90232 not found
MT3 for 90232 not found
MT  3 20 for 90232 not found
Create input file for pfns for k= 79 and energy number 14 (out of 50)
MT3 for 90232 not found
MT  3 19 for 90232 not found
MT3 for 90232 not found
MT  3 20 for 90232 not found
Create input file for pfns for k= 80 and energy number 14 (out of 50)
MT3 for 90232 not found
MT  3 19 for 90232 not found
MT3 for 90232 not found
MT  3 20 for 90232 not found
Create input file for pfns for k= 81 and energy number 14 (out of 50)
MT3 for 90232 not found
MT  3 19 for 90232 not found
MT3 for 90232 not found
MT  3 20 for 90232 not found
Create input file for pfns for k= 82 and energy number 14 (out of 50)
MT3 for 90232 not found
MT  3 19 for 90232 not found
MT3 for 90232 not found
MT  3 20 for 90232 not found
Create input file for pfns for k= 83 and energy number 14 (out of 50)
MT3 for 90232 not found
MT  3 19 for 90232 not found
MT3 for 90232 not found
MT  3 20 for 90232 not found
Create input file for pfns for k= 84 and energy number 14 (out of 50)
MT3 for 90232 not found
MT  3 19 for 90232 not found
MT3 for 90232 not found
MT  3 20 for 90232 not found
Create input file for pfns for k= 85 and energy number 14 (out of 50)
MT3 for 90232 not found
MT  3 19 for 90232 not found
MT3 for 90232 not found
MT  3 20 for 90232 not found
Create input file for pfns for k= 86 and energy number 14 (out of 50)
MT3 for 90232 not found
MT  3 19 for 90232 not found
MT3 for 90232 not found
MT  3 20 for 90232 not found
Create input file for pfns for k= 87 and energy number 14 (out of 50)
MT3 for 90232 not found
MT  3 19 for 90232 not found
MT3 for 90232 not found
MT  3 20 for 90232 not found
Create input file for pfns for k= 88 and energy number 14 (out of 50)
MT3 for 90232 not found
MT  3 19 for 90232 not found
MT3 for 90232 not found
MT  3 20 for 90232 not found
Create input file for pfns for k= 89 and energy number 14 (out of 50)
MT3 for 90232 not found
MT  3 19 for 90232 not found
MT3 for 90232 not found
MT  3 20 for 90232 not found
Create input file for pfns for k= 90 and energy number 14 (out of 50)
MT3 for 90232 not found
MT  3 19 for 90232 not found
MT3 for 90232 not found
MT  3 20 for 90232 not found
Create input file for pfns for k= 91 and energy number 14 (out of 50)
MT3 for 90232 not found
MT  3 19 for 90232 not found
MT3 for 90232 not found
MT  3 20 for 90232 not found
Create input file for pfns for k= 92 and energy number 14 (out of 50)
MT3 for 90232 not found
MT  3 19 for 90232 not found
MT3 for 90232 not found
MT  3 20 for 90232 not found
Create input file for pfns for k= 93 and energy number 14 (out of 50)
MT3 for 90232 not found
MT  3 19 for 90232 not found
MT3 for 90232 not found
MT  3 20 for 90232 not found
Create input file for pfns for k= 94 and energy number 14 (out of 50)
MT3 for 90232 not found
MT  3 19 for 90232 not found
MT3 for 90232 not found
MT  3 20 for 90232 not found
Create input file for pfns for k= 95 and energy number 14 (out of 50)
MT3 for 90232 not found
MT  3 19 for 90232 not found
MT3 for 90232 not found
MT  3 20 for 90232 not found
Create input file for pfns for k= 96 and energy number 14 (out of 50)
MT3 for 90232 not found
MT  3 19 for 90232 not found
MT3 for 90232 not found
MT  3 20 for 90232 not found
Create input file for pfns for k= 97 and energy number 14 (out of 50)
MT3 for 90232 not found
MT  3 19 for 90232 not found
MT3 for 90232 not found
MT  3 20 for 90232 not found
Create input file for pfns for k= 98 and energy number 14 (out of 50)
MT3 for 90232 not found
MT  3 19 for 90232 not found
MT3 for 90232 not found
MT  3 20 for 90232 not found
Create input file for pfns for k= 99 and energy number 14 (out of 50)
MT3 for 90232 not found
MT  3 19 for 90232 not found
MT3 for 90232 not found
MT  3 20 for 90232 not found
Create input file for pfns for k= 100 and energy number 14 (out of 50)
MT3 for 90232 not found
MT  3 19 for 90232 not found
MT3 for 90232 not found
MT  3 20 for 90232 not found
Create input file for pfns for k= 0 and energy number 15 (out of 50)
MT3 for 90232 not found
MT  3 19 for 90232 not found
MT3 for 90232 not found
MT  3 20 for 90232 not found
Create input file for pfns for k= 1 and energy number 15 (out of 50)
MT3 for 90232 not found
MT  3 19 for 90232 not found
MT3 for 90232 not found
MT  3 20 for 90232 not found
Create input file for pfns for k= 2 and energy number 15 (out of 50)
MT3 for 90232 not found
MT  3 19 for 90232 not found
MT3 for 90232 not found
MT  3 20 for 90232 not found
Create input file for pfns for k= 3 and energy number 15 (out of 50)
MT3 for 90232 not found
MT  3 19 for 90232 not found
MT3 for 90232 not found
MT  3 20 for 90232 not found
Create input file for pfns for k= 4 and energy number 15 (out of 50)
MT3 for 90232 not found
MT  3 19 for 90232 not found
MT3 for 90232 not found
MT  3 20 for 90232 not found
Create input file for pfns for k= 5 and energy number 15 (out of 50)
MT3 for 90232 not found
MT  3 19 for 90232 not found
MT3 for 90232 not found
MT  3 20 for 90232 not found
Create input file for pfns for k= 6 and energy number 15 (out of 50)
MT3 for 90232 not found
MT  3 19 for 90232 not found
MT3 for 90232 not found
MT  3 20 for 90232 not found
Create input file for pfns for k= 7 and energy number 15 (out of 50)
MT3 for 90232 not found
MT  3 19 for 90232 not found
MT3 for 90232 not found
MT  3 20 for 90232 not found
Create input file for pfns for k= 8 and energy number 15 (out of 50)
MT3 for 90232 not found
MT  3 19 for 90232 not found
MT3 for 90232 not found
MT  3 20 for 90232 not found
Create input file for pfns for k= 9 and energy number 15 (out of 50)
MT3 for 90232 not found
MT  3 19 for 90232 not found
MT3 for 90232 not found
MT  3 20 for 90232 not found
Create input file for pfns for k= 10 and energy number 15 (out of 50)
MT3 for 90232 not found
MT  3 19 for 90232 not found
MT3 for 90232 not found
MT  3 20 for 90232 not found
Create input file for pfns for k= 11 and energy number 15 (out of 50)
MT3 for 90232 not found
MT  3 19 for 90232 not found
MT3 for 90232 not found
MT  3 20 for 90232 not found
Create input file for pfns for k= 12 and energy number 15 (out of 50)
MT3 for 90232 not found
MT  3 19 for 90232 not found
MT3 for 90232 not found
MT  3 20 for 90232 not found
Create input file for pfns for k= 13 and energy number 15 (out of 50)
MT3 for 90232 not found
MT  3 19 for 90232 not found
MT3 for 90232 not found
MT  3 20 for 90232 not found
Create input file for pfns for k= 14 and energy number 15 (out of 50)
MT3 for 90232 not found
MT  3 19 for 90232 not found
MT3 for 90232 not found
MT  3 20 for 90232 not found
Create input file for pfns for k= 15 and energy number 15 (out of 50)
MT3 for 90232 not found
MT  3 19 for 90232 not found
MT3 for 90232 not found
MT  3 20 for 90232 not found
Create input file for pfns for k= 16 and energy number 15 (out of 50)
MT3 for 90232 not found
MT  3 19 for 90232 not found
MT3 for 90232 not found
MT  3 20 for 90232 not found
Create input file for pfns for k= 17 and energy number 15 (out of 50)
MT3 for 90232 not found
MT  3 19 for 90232 not found
MT3 for 90232 not found
MT  3 20 for 90232 not found
Create input file for pfns for k= 18 and energy number 15 (out of 50)
MT3 for 90232 not found
MT  3 19 for 90232 not found
MT3 for 90232 not found
MT  3 20 for 90232 not found
Create input file for pfns for k= 19 and energy number 15 (out of 50)
MT3 for 90232 not found
MT  3 19 for 90232 not found
MT3 for 90232 not found
MT  3 20 for 90232 not found
Create input file for pfns for k= 20 and energy number 15 (out of 50)
MT3 for 90232 not found
MT  3 19 for 90232 not found
MT3 for 90232 not found
MT  3 20 for 90232 not found
Create input file for pfns for k= 21 and energy number 15 (out of 50)
MT3 for 90232 not found
MT  3 19 for 90232 not found
MT3 for 90232 not found
MT  3 20 for 90232 not found
Create input file for pfns for k= 22 and energy number 15 (out of 50)
MT3 for 90232 not found
MT  3 19 for 90232 not found
MT3 for 90232 not found
MT  3 20 for 90232 not found
Create input file for pfns for k= 23 and energy number 15 (out of 50)
MT3 for 90232 not found
MT  3 19 for 90232 not found
MT3 for 90232 not found
MT  3 20 for 90232 not found
Create input file for pfns for k= 24 and energy number 15 (out of 50)
MT3 for 90232 not found
MT  3 19 for 90232 not found
MT3 for 90232 not found
MT  3 20 for 90232 not found
Create input file for pfns for k= 25 and energy number 15 (out of 50)
MT3 for 90232 not found
MT  3 19 for 90232 not found
MT3 for 90232 not found
MT  3 20 for 90232 not found
Create input file for pfns for k= 26 and energy number 15 (out of 50)
MT3 for 90232 not found
MT  3 19 for 90232 not found
MT3 for 90232 not found
MT  3 20 for 90232 not found
Create input file for pfns for k= 27 and energy number 15 (out of 50)
MT3 for 90232 not found
MT  3 19 for 90232 not found
MT3 for 90232 not found
MT  3 20 for 90232 not found
Create input file for pfns for k= 28 and energy number 15 (out of 50)
MT3 for 90232 not found
MT  3 19 for 90232 not found
MT3 for 90232 not found
MT  3 20 for 90232 not found
Create input file for pfns for k= 29 and energy number 15 (out of 50)
MT3 for 90232 not found
MT  3 19 for 90232 not found
MT3 for 90232 not found
MT  3 20 for 90232 not found
Create input file for pfns for k= 30 and energy number 15 (out of 50)
MT3 for 90232 not found
MT  3 19 for 90232 not found
MT3 for 90232 not found
MT  3 20 for 90232 not found
Create input file for pfns for k= 31 and energy number 15 (out of 50)
MT3 for 90232 not found
MT  3 19 for 90232 not found
MT3 for 90232 not found
MT  3 20 for 90232 not found
Create input file for pfns for k= 32 and energy number 15 (out of 50)
MT3 for 90232 not found
MT  3 19 for 90232 not found
MT3 for 90232 not found
MT  3 20 for 90232 not found
Create input file for pfns for k= 33 and energy number 15 (out of 50)
MT3 for 90232 not found
MT  3 19 for 90232 not found
MT3 for 90232 not found
MT  3 20 for 90232 not found
Create input file for pfns for k= 34 and energy number 15 (out of 50)
MT3 for 90232 not found
MT  3 19 for 90232 not found
MT3 for 90232 not found
MT  3 20 for 90232 not found
Create input file for pfns for k= 35 and energy number 15 (out of 50)
MT3 for 90232 not found
MT  3 19 for 90232 not found
MT3 for 90232 not found
MT  3 20 for 90232 not found
Create input file for pfns for k= 36 and energy number 15 (out of 50)
MT3 for 90232 not found
MT  3 19 for 90232 not found
MT3 for 90232 not found
MT  3 20 for 90232 not found
Create input file for pfns for k= 37 and energy number 15 (out of 50)
MT3 for 90232 not found
MT  3 19 for 90232 not found
MT3 for 90232 not found
MT  3 20 for 90232 not found
Create input file for pfns for k= 38 and energy number 15 (out of 50)
MT3 for 90232 not found
MT  3 19 for 90232 not found
MT3 for 90232 not found
MT  3 20 for 90232 not found
Create input file for pfns for k= 39 and energy number 15 (out of 50)
MT3 for 90232 not found
MT  3 19 for 90232 not found
MT3 for 90232 not found
MT  3 20 for 90232 not found
Create input file for pfns for k= 40 and energy number 15 (out of 50)
MT3 for 90232 not found
MT  3 19 for 90232 not found
MT3 for 90232 not found
MT  3 20 for 90232 not found
Create input file for pfns for k= 41 and energy number 15 (out of 50)
MT3 for 90232 not found
MT  3 19 for 90232 not found
MT3 for 90232 not found
MT  3 20 for 90232 not found
Create input file for pfns for k= 42 and energy number 15 (out of 50)
MT3 for 90232 not found
MT  3 19 for 90232 not found
MT3 for 90232 not found
MT  3 20 for 90232 not found
Create input file for pfns for k= 43 and energy number 15 (out of 50)
MT3 for 90232 not found
MT  3 19 for 90232 not found
MT3 for 90232 not found
MT  3 20 for 90232 not found
Create input file for pfns for k= 44 and energy number 15 (out of 50)
MT3 for 90232 not found
MT  3 19 for 90232 not found
MT3 for 90232 not found
MT  3 20 for 90232 not found
Create input file for pfns for k= 45 and energy number 15 (out of 50)
MT3 for 90232 not found
MT  3 19 for 90232 not found
MT3 for 90232 not found
MT  3 20 for 90232 not found
Create input file for pfns for k= 46 and energy number 15 (out of 50)
MT3 for 90232 not found
MT  3 19 for 90232 not found
MT3 for 90232 not found
MT  3 20 for 90232 not found
Create input file for pfns for k= 47 and energy number 15 (out of 50)
MT3 for 90232 not found
MT  3 19 for 90232 not found
MT3 for 90232 not found
MT  3 20 for 90232 not found
Create input file for pfns for k= 48 and energy number 15 (out of 50)
MT3 for 90232 not found
MT  3 19 for 90232 not found
MT3 for 90232 not found
MT  3 20 for 90232 not found
Create input file for pfns for k= 49 and energy number 15 (out of 50)
MT3 for 90232 not found
MT  3 19 for 90232 not found
MT3 for 90232 not found
MT  3 20 for 90232 not found
Create input file for pfns for k= 50 and energy number 15 (out of 50)
MT3 for 90232 not found
MT  3 19 for 90232 not found
MT3 for 90232 not found
MT  3 20 for 90232 not found
Create input file for pfns for k= 51 and energy number 15 (out of 50)
MT3 for 90232 not found
MT  3 19 for 90232 not found
MT3 for 90232 not found
MT  3 20 for 90232 not found
Create input file for pfns for k= 52 and energy number 15 (out of 50)
MT3 for 90232 not found
MT  3 19 for 90232 not found
MT3 for 90232 not found
MT  3 20 for 90232 not found
Create input file for pfns for k= 53 and energy number 15 (out of 50)
MT3 for 90232 not found
MT  3 19 for 90232 not found
MT3 for 90232 not found
MT  3 20 for 90232 not found
Create input file for pfns for k= 54 and energy number 15 (out of 50)
MT3 for 90232 not found
MT  3 19 for 90232 not found
MT3 for 90232 not found
MT  3 20 for 90232 not found
Create input file for pfns for k= 55 and energy number 15 (out of 50)
MT3 for 90232 not found
MT  3 19 for 90232 not found
MT3 for 90232 not found
MT  3 20 for 90232 not found
Create input file for pfns for k= 56 and energy number 15 (out of 50)
MT3 for 90232 not found
MT  3 19 for 90232 not found
MT3 for 90232 not found
MT  3 20 for 90232 not found
Create input file for pfns for k= 57 and energy number 15 (out of 50)
MT3 for 90232 not found
MT  3 19 for 90232 not found
MT3 for 90232 not found
MT  3 20 for 90232 not found
Create input file for pfns for k= 58 and energy number 15 (out of 50)
MT3 for 90232 not found
MT  3 19 for 90232 not found
MT3 for 90232 not found
MT  3 20 for 90232 not found
Create input file for pfns for k= 59 and energy number 15 (out of 50)
MT3 for 90232 not found
MT  3 19 for 90232 not found
MT3 for 90232 not found
MT  3 20 for 90232 not found
Create input file for pfns for k= 60 and energy number 15 (out of 50)
MT3 for 90232 not found
MT  3 19 for 90232 not found
MT3 for 90232 not found
MT  3 20 for 90232 not found
Create input file for pfns for k= 61 and energy number 15 (out of 50)
MT3 for 90232 not found
MT  3 19 for 90232 not found
MT3 for 90232 not found
MT  3 20 for 90232 not found
Create input file for pfns for k= 62 and energy number 15 (out of 50)
MT3 for 90232 not found
MT  3 19 for 90232 not found
MT3 for 90232 not found
MT  3 20 for 90232 not found
Create input file for pfns for k= 63 and energy number 15 (out of 50)
MT3 for 90232 not found
MT  3 19 for 90232 not found
MT3 for 90232 not found
MT  3 20 for 90232 not found
Create input file for pfns for k= 64 and energy number 15 (out of 50)
MT3 for 90232 not found
MT  3 19 for 90232 not found
MT3 for 90232 not found
MT  3 20 for 90232 not found
Create input file for pfns for k= 65 and energy number 15 (out of 50)
MT3 for 90232 not found
MT  3 19 for 90232 not found
MT3 for 90232 not found
MT  3 20 for 90232 not found
Create input file for pfns for k= 66 and energy number 15 (out of 50)
MT3 for 90232 not found
MT  3 19 for 90232 not found
MT3 for 90232 not found
MT  3 20 for 90232 not found
Create input file for pfns for k= 67 and energy number 15 (out of 50)
MT3 for 90232 not found
MT  3 19 for 90232 not found
MT3 for 90232 not found
MT  3 20 for 90232 not found
Create input file for pfns for k= 68 and energy number 15 (out of 50)
MT3 for 90232 not found
MT  3 19 for 90232 not found
MT3 for 90232 not found
MT  3 20 for 90232 not found
Create input file for pfns for k= 69 and energy number 15 (out of 50)
MT3 for 90232 not found
MT  3 19 for 90232 not found
MT3 for 90232 not found
MT  3 20 for 90232 not found
Create input file for pfns for k= 70 and energy number 15 (out of 50)
MT3 for 90232 not found
MT  3 19 for 90232 not found
MT3 for 90232 not found
MT  3 20 for 90232 not found
Create input file for pfns for k= 71 and energy number 15 (out of 50)
MT3 for 90232 not found
MT  3 19 for 90232 not found
MT3 for 90232 not found
MT  3 20 for 90232 not found
Create input file for pfns for k= 72 and energy number 15 (out of 50)
MT3 for 90232 not found
MT  3 19 for 90232 not found
MT3 for 90232 not found
MT  3 20 for 90232 not found
Create input file for pfns for k= 73 and energy number 15 (out of 50)
MT3 for 90232 not found
MT  3 19 for 90232 not found
MT3 for 90232 not found
MT  3 20 for 90232 not found
Create input file for pfns for k= 74 and energy number 15 (out of 50)
MT3 for 90232 not found
MT  3 19 for 90232 not found
MT3 for 90232 not found
MT  3 20 for 90232 not found
Create input file for pfns for k= 75 and energy number 15 (out of 50)
MT3 for 90232 not found
MT  3 19 for 90232 not found
MT3 for 90232 not found
MT  3 20 for 90232 not found
Create input file for pfns for k= 76 and energy number 15 (out of 50)
MT3 for 90232 not found
MT  3 19 for 90232 not found
MT3 for 90232 not found
MT  3 20 for 90232 not found
Create input file for pfns for k= 77 and energy number 15 (out of 50)
MT3 for 90232 not found
MT  3 19 for 90232 not found
MT3 for 90232 not found
MT  3 20 for 90232 not found
Create input file for pfns for k= 78 and energy number 15 (out of 50)
MT3 for 90232 not found
MT  3 19 for 90232 not found
MT3 for 90232 not found
MT  3 20 for 90232 not found
Create input file for pfns for k= 79 and energy number 15 (out of 50)
MT3 for 90232 not found
MT  3 19 for 90232 not found
MT3 for 90232 not found
MT  3 20 for 90232 not found
Create input file for pfns for k= 80 and energy number 15 (out of 50)
MT3 for 90232 not found
MT  3 19 for 90232 not found
MT3 for 90232 not found
MT  3 20 for 90232 not found
Create input file for pfns for k= 81 and energy number 15 (out of 50)
MT3 for 90232 not found
MT  3 19 for 90232 not found
MT3 for 90232 not found
MT  3 20 for 90232 not found
Create input file for pfns for k= 82 and energy number 15 (out of 50)
MT3 for 90232 not found
MT  3 19 for 90232 not found
MT3 for 90232 not found
MT  3 20 for 90232 not found
Create input file for pfns for k= 83 and energy number 15 (out of 50)
MT3 for 90232 not found
MT  3 19 for 90232 not found
MT3 for 90232 not found
MT  3 20 for 90232 not found
Create input file for pfns for k= 84 and energy number 15 (out of 50)
MT3 for 90232 not found
MT  3 19 for 90232 not found
MT3 for 90232 not found
MT  3 20 for 90232 not found
Create input file for pfns for k= 85 and energy number 15 (out of 50)
MT3 for 90232 not found
MT  3 19 for 90232 not found
MT3 for 90232 not found
MT  3 20 for 90232 not found
Create input file for pfns for k= 86 and energy number 15 (out of 50)
MT3 for 90232 not found
MT  3 19 for 90232 not found
MT3 for 90232 not found
MT  3 20 for 90232 not found
Create input file for pfns for k= 87 and energy number 15 (out of 50)
MT3 for 90232 not found
MT  3 19 for 90232 not found
MT3 for 90232 not found
MT  3 20 for 90232 not found
Create input file for pfns for k= 88 and energy number 15 (out of 50)
MT3 for 90232 not found
MT  3 19 for 90232 not found
MT3 for 90232 not found
MT  3 20 for 90232 not found
Create input file for pfns for k= 89 and energy number 15 (out of 50)
MT3 for 90232 not found
MT  3 19 for 90232 not found
MT3 for 90232 not found
MT  3 20 for 90232 not found
Create input file for pfns for k= 90 and energy number 15 (out of 50)
MT3 for 90232 not found
MT  3 19 for 90232 not found
MT3 for 90232 not found
MT  3 20 for 90232 not found
Create input file for pfns for k= 91 and energy number 15 (out of 50)
MT3 for 90232 not found
MT  3 19 for 90232 not found
MT3 for 90232 not found
MT  3 20 for 90232 not found
Create input file for pfns for k= 92 and energy number 15 (out of 50)
MT3 for 90232 not found
MT  3 19 for 90232 not found
MT3 for 90232 not found
MT  3 20 for 90232 not found
Create input file for pfns for k= 93 and energy number 15 (out of 50)
MT3 for 90232 not found
MT  3 19 for 90232 not found
MT3 for 90232 not found
MT  3 20 for 90232 not found
Create input file for pfns for k= 94 and energy number 15 (out of 50)
MT3 for 90232 not found
MT  3 19 for 90232 not found
MT3 for 90232 not found
MT  3 20 for 90232 not found
Create input file for pfns for k= 95 and energy number 15 (out of 50)
MT3 for 90232 not found
MT  3 19 for 90232 not found
MT3 for 90232 not found
MT  3 20 for 90232 not found
Create input file for pfns for k= 96 and energy number 15 (out of 50)
MT3 for 90232 not found
MT  3 19 for 90232 not found
MT3 for 90232 not found
MT  3 20 for 90232 not found
Create input file for pfns for k= 97 and energy number 15 (out of 50)
MT3 for 90232 not found
MT  3 19 for 90232 not found
MT3 for 90232 not found
MT  3 20 for 90232 not found
Create input file for pfns for k= 98 and energy number 15 (out of 50)
MT3 for 90232 not found
MT  3 19 for 90232 not found
MT3 for 90232 not found
MT  3 20 for 90232 not found
Create input file for pfns for k= 99 and energy number 15 (out of 50)
MT3 for 90232 not found
MT  3 19 for 90232 not found
MT3 for 90232 not found
MT  3 20 for 90232 not found
Create input file for pfns for k= 100 and energy number 15 (out of 50)
MT3 for 90232 not found
MT  3 19 for 90232 not found
MT3 for 90232 not found
MT  3 20 for 90232 not found
Create input file for pfns for k= 0 and energy number 16 (out of 50)
MT3 for 90232 not found
MT  3 19 for 90232 not found
MT3 for 90232 not found
MT  3 20 for 90232 not found
Create input file for pfns for k= 1 and energy number 16 (out of 50)
MT3 for 90232 not found
MT  3 19 for 90232 not found
MT3 for 90232 not found
MT  3 20 for 90232 not found
Create input file for pfns for k= 2 and energy number 16 (out of 50)
MT3 for 90232 not found
MT  3 19 for 90232 not found
MT3 for 90232 not found
MT  3 20 for 90232 not found
Create input file for pfns for k= 3 and energy number 16 (out of 50)
MT3 for 90232 not found
MT  3 19 for 90232 not found
MT3 for 90232 not found
MT  3 20 for 90232 not found
Create input file for pfns for k= 4 and energy number 16 (out of 50)
MT3 for 90232 not found
MT  3 19 for 90232 not found
MT3 for 90232 not found
MT  3 20 for 90232 not found
Create input file for pfns for k= 5 and energy number 16 (out of 50)
MT3 for 90232 not found
MT  3 19 for 90232 not found
MT3 for 90232 not found
MT  3 20 for 90232 not found
Create input file for pfns for k= 6 and energy number 16 (out of 50)
MT3 for 90232 not found
MT  3 19 for 90232 not found
MT3 for 90232 not found
MT  3 20 for 90232 not found
Create input file for pfns for k= 7 and energy number 16 (out of 50)
MT3 for 90232 not found
MT  3 19 for 90232 not found
MT3 for 90232 not found
MT  3 20 for 90232 not found
Create input file for pfns for k= 8 and energy number 16 (out of 50)
MT3 for 90232 not found
MT  3 19 for 90232 not found
MT3 for 90232 not found
MT  3 20 for 90232 not found
Create input file for pfns for k= 9 and energy number 16 (out of 50)
MT3 for 90232 not found
MT  3 19 for 90232 not found
MT3 for 90232 not found
MT  3 20 for 90232 not found
Create input file for pfns for k= 10 and energy number 16 (out of 50)
MT3 for 90232 not found
MT  3 19 for 90232 not found
MT3 for 90232 not found
MT  3 20 for 90232 not found
Create input file for pfns for k= 11 and energy number 16 (out of 50)
MT3 for 90232 not found
MT  3 19 for 90232 not found
MT3 for 90232 not found
MT  3 20 for 90232 not found
Create input file for pfns for k= 12 and energy number 16 (out of 50)
MT3 for 90232 not found
MT  3 19 for 90232 not found
MT3 for 90232 not found
MT  3 20 for 90232 not found
Create input file for pfns for k= 13 and energy number 16 (out of 50)
MT3 for 90232 not found
MT  3 19 for 90232 not found
MT3 for 90232 not found
MT  3 20 for 90232 not found
Create input file for pfns for k= 14 and energy number 16 (out of 50)
MT3 for 90232 not found
MT  3 19 for 90232 not found
MT3 for 90232 not found
MT  3 20 for 90232 not found
Create input file for pfns for k= 15 and energy number 16 (out of 50)
MT3 for 90232 not found
MT  3 19 for 90232 not found
MT3 for 90232 not found
MT  3 20 for 90232 not found
Create input file for pfns for k= 16 and energy number 16 (out of 50)
MT3 for 90232 not found
MT  3 19 for 90232 not found
MT3 for 90232 not found
MT  3 20 for 90232 not found
Create input file for pfns for k= 17 and energy number 16 (out of 50)
MT3 for 90232 not found
MT  3 19 for 90232 not found
MT3 for 90232 not found
MT  3 20 for 90232 not found
Create input file for pfns for k= 18 and energy number 16 (out of 50)
MT3 for 90232 not found
MT  3 19 for 90232 not found
MT3 for 90232 not found
MT  3 20 for 90232 not found
Create input file for pfns for k= 19 and energy number 16 (out of 50)
MT3 for 90232 not found
MT  3 19 for 90232 not found
MT3 for 90232 not found
MT  3 20 for 90232 not found
Create input file for pfns for k= 20 and energy number 16 (out of 50)
MT3 for 90232 not found
MT  3 19 for 90232 not found
MT3 for 90232 not found
MT  3 20 for 90232 not found
Create input file for pfns for k= 21 and energy number 16 (out of 50)
MT3 for 90232 not found
MT  3 19 for 90232 not found
MT3 for 90232 not found
MT  3 20 for 90232 not found
Create input file for pfns for k= 22 and energy number 16 (out of 50)
MT3 for 90232 not found
MT  3 19 for 90232 not found
MT3 for 90232 not found
MT  3 20 for 90232 not found
Create input file for pfns for k= 23 and energy number 16 (out of 50)
MT3 for 90232 not found
MT  3 19 for 90232 not found
MT3 for 90232 not found
MT  3 20 for 90232 not found
Create input file for pfns for k= 24 and energy number 16 (out of 50)
MT3 for 90232 not found
MT  3 19 for 90232 not found
MT3 for 90232 not found
MT  3 20 for 90232 not found
Create input file for pfns for k= 25 and energy number 16 (out of 50)
MT3 for 90232 not found
MT  3 19 for 90232 not found
MT3 for 90232 not found
MT  3 20 for 90232 not found
Create input file for pfns for k= 26 and energy number 16 (out of 50)
MT3 for 90232 not found
MT  3 19 for 90232 not found
MT3 for 90232 not found
MT  3 20 for 90232 not found
Create input file for pfns for k= 27 and energy number 16 (out of 50)
MT3 for 90232 not found
MT  3 19 for 90232 not found
MT3 for 90232 not found
MT  3 20 for 90232 not found
Create input file for pfns for k= 28 and energy number 16 (out of 50)
MT3 for 90232 not found
MT  3 19 for 90232 not found
MT3 for 90232 not found
MT  3 20 for 90232 not found
Create input file for pfns for k= 29 and energy number 16 (out of 50)
MT3 for 90232 not found
MT  3 19 for 90232 not found
MT3 for 90232 not found
MT  3 20 for 90232 not found
Create input file for pfns for k= 30 and energy number 16 (out of 50)
MT3 for 90232 not found
MT  3 19 for 90232 not found
MT3 for 90232 not found
MT  3 20 for 90232 not found
Create input file for pfns for k= 31 and energy number 16 (out of 50)
MT3 for 90232 not found
MT  3 19 for 90232 not found
MT3 for 90232 not found
MT  3 20 for 90232 not found
Create input file for pfns for k= 32 and energy number 16 (out of 50)
MT3 for 90232 not found
MT  3 19 for 90232 not found
MT3 for 90232 not found
MT  3 20 for 90232 not found
Create input file for pfns for k= 33 and energy number 16 (out of 50)
MT3 for 90232 not found
MT  3 19 for 90232 not found
MT3 for 90232 not found
MT  3 20 for 90232 not found
Create input file for pfns for k= 34 and energy number 16 (out of 50)
MT3 for 90232 not found
MT  3 19 for 90232 not found
MT3 for 90232 not found
MT  3 20 for 90232 not found
Create input file for pfns for k= 35 and energy number 16 (out of 50)
MT3 for 90232 not found
MT  3 19 for 90232 not found
MT3 for 90232 not found
MT  3 20 for 90232 not found
Create input file for pfns for k= 36 and energy number 16 (out of 50)
MT3 for 90232 not found
MT  3 19 for 90232 not found
MT3 for 90232 not found
MT  3 20 for 90232 not found
Create input file for pfns for k= 37 and energy number 16 (out of 50)
MT3 for 90232 not found
MT  3 19 for 90232 not found
MT3 for 90232 not found
MT  3 20 for 90232 not found
Create input file for pfns for k= 38 and energy number 16 (out of 50)
MT3 for 90232 not found
MT  3 19 for 90232 not found
MT3 for 90232 not found
MT  3 20 for 90232 not found
Create input file for pfns for k= 39 and energy number 16 (out of 50)
MT3 for 90232 not found
MT  3 19 for 90232 not found
MT3 for 90232 not found
MT  3 20 for 90232 not found
Create input file for pfns for k= 40 and energy number 16 (out of 50)
MT3 for 90232 not found
MT  3 19 for 90232 not found
MT3 for 90232 not found
MT  3 20 for 90232 not found
Create input file for pfns for k= 41 and energy number 16 (out of 50)
MT3 for 90232 not found
MT  3 19 for 90232 not found
MT3 for 90232 not found
MT  3 20 for 90232 not found
Create input file for pfns for k= 42 and energy number 16 (out of 50)
MT3 for 90232 not found
MT  3 19 for 90232 not found
MT3 for 90232 not found
MT  3 20 for 90232 not found
Create input file for pfns for k= 43 and energy number 16 (out of 50)
MT3 for 90232 not found
MT  3 19 for 90232 not found
MT3 for 90232 not found
MT  3 20 for 90232 not found
Create input file for pfns for k= 44 and energy number 16 (out of 50)
MT3 for 90232 not found
MT  3 19 for 90232 not found
MT3 for 90232 not found
MT  3 20 for 90232 not found
Create input file for pfns for k= 45 and energy number 16 (out of 50)
MT3 for 90232 not found
MT  3 19 for 90232 not found
MT3 for 90232 not found
MT  3 20 for 90232 not found
Create input file for pfns for k= 46 and energy number 16 (out of 50)
MT3 for 90232 not found
MT  3 19 for 90232 not found
MT3 for 90232 not found
MT  3 20 for 90232 not found
Create input file for pfns for k= 47 and energy number 16 (out of 50)
MT3 for 90232 not found
MT  3 19 for 90232 not found
MT3 for 90232 not found
MT  3 20 for 90232 not found
Create input file for pfns for k= 48 and energy number 16 (out of 50)
MT3 for 90232 not found
MT  3 19 for 90232 not found
MT3 for 90232 not found
MT  3 20 for 90232 not found
Create input file for pfns for k= 49 and energy number 16 (out of 50)
MT3 for 90232 not found
MT  3 19 for 90232 not found
MT3 for 90232 not found
MT  3 20 for 90232 not found
Create input file for pfns for k= 50 and energy number 16 (out of 50)
MT3 for 90232 not found
MT  3 19 for 90232 not found
MT3 for 90232 not found
MT  3 20 for 90232 not found
Create input file for pfns for k= 51 and energy number 16 (out of 50)
MT3 for 90232 not found
MT  3 19 for 90232 not found
MT3 for 90232 not found
MT  3 20 for 90232 not found
Create input file for pfns for k= 52 and energy number 16 (out of 50)
MT3 for 90232 not found
MT  3 19 for 90232 not found
MT3 for 90232 not found
MT  3 20 for 90232 not found
Create input file for pfns for k= 53 and energy number 16 (out of 50)
MT3 for 90232 not found
MT  3 19 for 90232 not found
MT3 for 90232 not found
MT  3 20 for 90232 not found
Create input file for pfns for k= 54 and energy number 16 (out of 50)
MT3 for 90232 not found
MT  3 19 for 90232 not found
MT3 for 90232 not found
MT  3 20 for 90232 not found
Create input file for pfns for k= 55 and energy number 16 (out of 50)
MT3 for 90232 not found
MT  3 19 for 90232 not found
MT3 for 90232 not found
MT  3 20 for 90232 not found
Create input file for pfns for k= 56 and energy number 16 (out of 50)
MT3 for 90232 not found
MT  3 19 for 90232 not found
MT3 for 90232 not found
MT  3 20 for 90232 not found
Create input file for pfns for k= 57 and energy number 16 (out of 50)
MT3 for 90232 not found
MT  3 19 for 90232 not found
MT3 for 90232 not found
MT  3 20 for 90232 not found
Create input file for pfns for k= 58 and energy number 16 (out of 50)
MT3 for 90232 not found
MT  3 19 for 90232 not found
MT3 for 90232 not found
MT  3 20 for 90232 not found
Create input file for pfns for k= 59 and energy number 16 (out of 50)
MT3 for 90232 not found
MT  3 19 for 90232 not found
MT3 for 90232 not found
MT  3 20 for 90232 not found
Create input file for pfns for k= 60 and energy number 16 (out of 50)
MT3 for 90232 not found
MT  3 19 for 90232 not found
MT3 for 90232 not found
MT  3 20 for 90232 not found
Create input file for pfns for k= 61 and energy number 16 (out of 50)
MT3 for 90232 not found
MT  3 19 for 90232 not found
MT3 for 90232 not found
MT  3 20 for 90232 not found
Create input file for pfns for k= 62 and energy number 16 (out of 50)
MT3 for 90232 not found
MT  3 19 for 90232 not found
MT3 for 90232 not found
MT  3 20 for 90232 not found
Create input file for pfns for k= 63 and energy number 16 (out of 50)
MT3 for 90232 not found
MT  3 19 for 90232 not found
MT3 for 90232 not found
MT  3 20 for 90232 not found
Create input file for pfns for k= 64 and energy number 16 (out of 50)
MT3 for 90232 not found
MT  3 19 for 90232 not found
MT3 for 90232 not found
MT  3 20 for 90232 not found
Create input file for pfns for k= 65 and energy number 16 (out of 50)
MT3 for 90232 not found
MT  3 19 for 90232 not found
MT3 for 90232 not found
MT  3 20 for 90232 not found
Create input file for pfns for k= 66 and energy number 16 (out of 50)
MT3 for 90232 not found
MT  3 19 for 90232 not found
MT3 for 90232 not found
MT  3 20 for 90232 not found
Create input file for pfns for k= 67 and energy number 16 (out of 50)
MT3 for 90232 not found
MT  3 19 for 90232 not found
MT3 for 90232 not found
MT  3 20 for 90232 not found
Create input file for pfns for k= 68 and energy number 16 (out of 50)
MT3 for 90232 not found
MT  3 19 for 90232 not found
MT3 for 90232 not found
MT  3 20 for 90232 not found
Create input file for pfns for k= 69 and energy number 16 (out of 50)
MT3 for 90232 not found
MT  3 19 for 90232 not found
MT3 for 90232 not found
MT  3 20 for 90232 not found
Create input file for pfns for k= 70 and energy number 16 (out of 50)
MT3 for 90232 not found
MT  3 19 for 90232 not found
MT3 for 90232 not found
MT  3 20 for 90232 not found
Create input file for pfns for k= 71 and energy number 16 (out of 50)
MT3 for 90232 not found
MT  3 19 for 90232 not found
MT3 for 90232 not found
MT  3 20 for 90232 not found
Create input file for pfns for k= 72 and energy number 16 (out of 50)
MT3 for 90232 not found
MT  3 19 for 90232 not found
MT3 for 90232 not found
MT  3 20 for 90232 not found
Create input file for pfns for k= 73 and energy number 16 (out of 50)
MT3 for 90232 not found
MT  3 19 for 90232 not found
MT3 for 90232 not found
MT  3 20 for 90232 not found
Create input file for pfns for k= 74 and energy number 16 (out of 50)
MT3 for 90232 not found
MT  3 19 for 90232 not found
MT3 for 90232 not found
MT  3 20 for 90232 not found
Create input file for pfns for k= 75 and energy number 16 (out of 50)
MT3 for 90232 not found
MT  3 19 for 90232 not found
MT3 for 90232 not found
MT  3 20 for 90232 not found
Create input file for pfns for k= 76 and energy number 16 (out of 50)
MT3 for 90232 not found
MT  3 19 for 90232 not found
MT3 for 90232 not found
MT  3 20 for 90232 not found
Create input file for pfns for k= 77 and energy number 16 (out of 50)
MT3 for 90232 not found
MT  3 19 for 90232 not found
MT3 for 90232 not found
MT  3 20 for 90232 not found
Create input file for pfns for k= 78 and energy number 16 (out of 50)
MT3 for 90232 not found
MT  3 19 for 90232 not found
MT3 for 90232 not found
MT  3 20 for 90232 not found
Create input file for pfns for k= 79 and energy number 16 (out of 50)
MT3 for 90232 not found
MT  3 19 for 90232 not found
MT3 for 90232 not found
MT  3 20 for 90232 not found
Create input file for pfns for k= 80 and energy number 16 (out of 50)
MT3 for 90232 not found
MT  3 19 for 90232 not found
MT3 for 90232 not found
MT  3 20 for 90232 not found
Create input file for pfns for k= 81 and energy number 16 (out of 50)
MT3 for 90232 not found
MT  3 19 for 90232 not found
MT3 for 90232 not found
MT  3 20 for 90232 not found
Create input file for pfns for k= 82 and energy number 16 (out of 50)
MT3 for 90232 not found
MT  3 19 for 90232 not found
MT3 for 90232 not found
MT  3 20 for 90232 not found
Create input file for pfns for k= 83 and energy number 16 (out of 50)
MT3 for 90232 not found
MT  3 19 for 90232 not found
MT3 for 90232 not found
MT  3 20 for 90232 not found
Create input file for pfns for k= 84 and energy number 16 (out of 50)
MT3 for 90232 not found
MT  3 19 for 90232 not found
MT3 for 90232 not found
MT  3 20 for 90232 not found
Create input file for pfns for k= 85 and energy number 16 (out of 50)
MT3 for 90232 not found
MT  3 19 for 90232 not found
MT3 for 90232 not found
MT  3 20 for 90232 not found
Create input file for pfns for k= 86 and energy number 16 (out of 50)
MT3 for 90232 not found
MT  3 19 for 90232 not found
MT3 for 90232 not found
MT  3 20 for 90232 not found
Create input file for pfns for k= 87 and energy number 16 (out of 50)
MT3 for 90232 not found
MT  3 19 for 90232 not found
MT3 for 90232 not found
MT  3 20 for 90232 not found
Create input file for pfns for k= 88 and energy number 16 (out of 50)
MT3 for 90232 not found
MT  3 19 for 90232 not found
MT3 for 90232 not found
MT  3 20 for 90232 not found
Create input file for pfns for k= 89 and energy number 16 (out of 50)
MT3 for 90232 not found
MT  3 19 for 90232 not found
MT3 for 90232 not found
MT  3 20 for 90232 not found
Create input file for pfns for k= 90 and energy number 16 (out of 50)
MT3 for 90232 not found
MT  3 19 for 90232 not found
MT3 for 90232 not found
MT  3 20 for 90232 not found
Create input file for pfns for k= 91 and energy number 16 (out of 50)
MT3 for 90232 not found
MT  3 19 for 90232 not found
MT3 for 90232 not found
MT  3 20 for 90232 not found
Create input file for pfns for k= 92 and energy number 16 (out of 50)
MT3 for 90232 not found
MT  3 19 for 90232 not found
MT3 for 90232 not found
MT  3 20 for 90232 not found
Create input file for pfns for k= 93 and energy number 16 (out of 50)
MT3 for 90232 not found
MT  3 19 for 90232 not found
MT3 for 90232 not found
MT  3 20 for 90232 not found
Create input file for pfns for k= 94 and energy number 16 (out of 50)
MT3 for 90232 not found
MT  3 19 for 90232 not found
MT3 for 90232 not found
MT  3 20 for 90232 not found
Create input file for pfns for k= 95 and energy number 16 (out of 50)
MT3 for 90232 not found
MT  3 19 for 90232 not found
MT3 for 90232 not found
MT  3 20 for 90232 not found
Create input file for pfns for k= 96 and energy number 16 (out of 50)
MT3 for 90232 not found
MT  3 19 for 90232 not found
MT3 for 90232 not found
MT  3 20 for 90232 not found
Create input file for pfns for k= 97 and energy number 16 (out of 50)
MT3 for 90232 not found
MT  3 19 for 90232 not found
MT3 for 90232 not found
MT  3 20 for 90232 not found
Create input file for pfns for k= 98 and energy number 16 (out of 50)
MT3 for 90232 not found
MT  3 19 for 90232 not found
MT3 for 90232 not found
MT  3 20 for 90232 not found
Create input file for pfns for k= 99 and energy number 16 (out of 50)
MT3 for 90232 not found
MT  3 19 for 90232 not found
MT3 for 90232 not found
MT  3 20 for 90232 not found
Create input file for pfns for k= 100 and energy number 16 (out of 50)
MT3 for 90232 not found
MT  3 19 for 90232 not found
MT3 for 90232 not found
MT  3 20 for 90232 not found
Create input file for pfns for k= 0 and energy number 17 (out of 50)
MT3 for 90232 not found
MT  3 19 for 90232 not found
MT3 for 90232 not found
MT  3 20 for 90232 not found
Create input file for pfns for k= 1 and energy number 17 (out of 50)
MT3 for 90232 not found
MT  3 19 for 90232 not found
MT3 for 90232 not found
MT  3 20 for 90232 not found
Create input file for pfns for k= 2 and energy number 17 (out of 50)
MT3 for 90232 not found
MT  3 19 for 90232 not found
MT3 for 90232 not found
MT  3 20 for 90232 not found
Create input file for pfns for k= 3 and energy number 17 (out of 50)
MT3 for 90232 not found
MT  3 19 for 90232 not found
MT3 for 90232 not found
MT  3 20 for 90232 not found
Create input file for pfns for k= 4 and energy number 17 (out of 50)
MT3 for 90232 not found
MT  3 19 for 90232 not found
MT3 for 90232 not found
MT  3 20 for 90232 not found
Create input file for pfns for k= 5 and energy number 17 (out of 50)
MT3 for 90232 not found
MT  3 19 for 90232 not found
MT3 for 90232 not found
MT  3 20 for 90232 not found
Create input file for pfns for k= 6 and energy number 17 (out of 50)
MT3 for 90232 not found
MT  3 19 for 90232 not found
MT3 for 90232 not found
MT  3 20 for 90232 not found
Create input file for pfns for k= 7 and energy number 17 (out of 50)
MT3 for 90232 not found
MT  3 19 for 90232 not found
MT3 for 90232 not found
MT  3 20 for 90232 not found
Create input file for pfns for k= 8 and energy number 17 (out of 50)
MT3 for 90232 not found
MT  3 19 for 90232 not found
MT3 for 90232 not found
MT  3 20 for 90232 not found
Create input file for pfns for k= 9 and energy number 17 (out of 50)
MT3 for 90232 not found
MT  3 19 for 90232 not found
MT3 for 90232 not found
MT  3 20 for 90232 not found
Create input file for pfns for k= 10 and energy number 17 (out of 50)
MT3 for 90232 not found
MT  3 19 for 90232 not found
MT3 for 90232 not found
MT  3 20 for 90232 not found
Create input file for pfns for k= 11 and energy number 17 (out of 50)
MT3 for 90232 not found
MT  3 19 for 90232 not found
MT3 for 90232 not found
MT  3 20 for 90232 not found
Create input file for pfns for k= 12 and energy number 17 (out of 50)
MT3 for 90232 not found
MT  3 19 for 90232 not found
MT3 for 90232 not found
MT  3 20 for 90232 not found
Create input file for pfns for k= 13 and energy number 17 (out of 50)
MT3 for 90232 not found
MT  3 19 for 90232 not found
MT3 for 90232 not found
MT  3 20 for 90232 not found
Create input file for pfns for k= 14 and energy number 17 (out of 50)
MT3 for 90232 not found
MT  3 19 for 90232 not found
MT3 for 90232 not found
MT  3 20 for 90232 not found
Create input file for pfns for k= 15 and energy number 17 (out of 50)
MT3 for 90232 not found
MT  3 19 for 90232 not found
MT3 for 90232 not found
MT  3 20 for 90232 not found
Create input file for pfns for k= 16 and energy number 17 (out of 50)
MT3 for 90232 not found
MT  3 19 for 90232 not found
MT3 for 90232 not found
MT  3 20 for 90232 not found
Create input file for pfns for k= 17 and energy number 17 (out of 50)
MT3 for 90232 not found
MT  3 19 for 90232 not found
MT3 for 90232 not found
MT  3 20 for 90232 not found
Create input file for pfns for k= 18 and energy number 17 (out of 50)
MT3 for 90232 not found
MT  3 19 for 90232 not found
MT3 for 90232 not found
MT  3 20 for 90232 not found
Create input file for pfns for k= 19 and energy number 17 (out of 50)
MT3 for 90232 not found
MT  3 19 for 90232 not found
MT3 for 90232 not found
MT  3 20 for 90232 not found
Create input file for pfns for k= 20 and energy number 17 (out of 50)
MT3 for 90232 not found
MT  3 19 for 90232 not found
MT3 for 90232 not found
MT  3 20 for 90232 not found
Create input file for pfns for k= 21 and energy number 17 (out of 50)
MT3 for 90232 not found
MT  3 19 for 90232 not found
MT3 for 90232 not found
MT  3 20 for 90232 not found
Create input file for pfns for k= 22 and energy number 17 (out of 50)
MT3 for 90232 not found
MT  3 19 for 90232 not found
MT3 for 90232 not found
MT  3 20 for 90232 not found
Create input file for pfns for k= 23 and energy number 17 (out of 50)
MT3 for 90232 not found
MT  3 19 for 90232 not found
MT3 for 90232 not found
MT  3 20 for 90232 not found
Create input file for pfns for k= 24 and energy number 17 (out of 50)
MT3 for 90232 not found
MT  3 19 for 90232 not found
MT3 for 90232 not found
MT  3 20 for 90232 not found
Create input file for pfns for k= 25 and energy number 17 (out of 50)
MT3 for 90232 not found
MT  3 19 for 90232 not found
MT3 for 90232 not found
MT  3 20 for 90232 not found
Create input file for pfns for k= 26 and energy number 17 (out of 50)
MT3 for 90232 not found
MT  3 19 for 90232 not found
MT3 for 90232 not found
MT  3 20 for 90232 not found
Create input file for pfns for k= 27 and energy number 17 (out of 50)
MT3 for 90232 not found
MT  3 19 for 90232 not found
MT3 for 90232 not found
MT  3 20 for 90232 not found
Create input file for pfns for k= 28 and energy number 17 (out of 50)
MT3 for 90232 not found
MT  3 19 for 90232 not found
MT3 for 90232 not found
MT  3 20 for 90232 not found
Create input file for pfns for k= 29 and energy number 17 (out of 50)
MT3 for 90232 not found
MT  3 19 for 90232 not found
MT3 for 90232 not found
MT  3 20 for 90232 not found
Create input file for pfns for k= 30 and energy number 17 (out of 50)
MT3 for 90232 not found
MT  3 19 for 90232 not found
MT3 for 90232 not found
MT  3 20 for 90232 not found
Create input file for pfns for k= 31 and energy number 17 (out of 50)
MT3 for 90232 not found
MT  3 19 for 90232 not found
MT3 for 90232 not found
MT  3 20 for 90232 not found
Create input file for pfns for k= 32 and energy number 17 (out of 50)
MT3 for 90232 not found
MT  3 19 for 90232 not found
MT3 for 90232 not found
MT  3 20 for 90232 not found
Create input file for pfns for k= 33 and energy number 17 (out of 50)
MT3 for 90232 not found
MT  3 19 for 90232 not found
MT3 for 90232 not found
MT  3 20 for 90232 not found
Create input file for pfns for k= 34 and energy number 17 (out of 50)
MT3 for 90232 not found
MT  3 19 for 90232 not found
MT3 for 90232 not found
MT  3 20 for 90232 not found
Create input file for pfns for k= 35 and energy number 17 (out of 50)
MT3 for 90232 not found
MT  3 19 for 90232 not found
MT3 for 90232 not found
MT  3 20 for 90232 not found
Create input file for pfns for k= 36 and energy number 17 (out of 50)
MT3 for 90232 not found
MT  3 19 for 90232 not found
MT3 for 90232 not found
MT  3 20 for 90232 not found
Create input file for pfns for k= 37 and energy number 17 (out of 50)
MT3 for 90232 not found
MT  3 19 for 90232 not found
MT3 for 90232 not found
MT  3 20 for 90232 not found
Create input file for pfns for k= 38 and energy number 17 (out of 50)
MT3 for 90232 not found
MT  3 19 for 90232 not found
MT3 for 90232 not found
MT  3 20 for 90232 not found
Create input file for pfns for k= 39 and energy number 17 (out of 50)
MT3 for 90232 not found
MT  3 19 for 90232 not found
MT3 for 90232 not found
MT  3 20 for 90232 not found
Create input file for pfns for k= 40 and energy number 17 (out of 50)
MT3 for 90232 not found
MT  3 19 for 90232 not found
MT3 for 90232 not found
MT  3 20 for 90232 not found
Create input file for pfns for k= 41 and energy number 17 (out of 50)
MT3 for 90232 not found
MT  3 19 for 90232 not found
MT3 for 90232 not found
MT  3 20 for 90232 not found
Create input file for pfns for k= 42 and energy number 17 (out of 50)
MT3 for 90232 not found
MT  3 19 for 90232 not found
MT3 for 90232 not found
MT  3 20 for 90232 not found
Create input file for pfns for k= 43 and energy number 17 (out of 50)
MT3 for 90232 not found
MT  3 19 for 90232 not found
MT3 for 90232 not found
MT  3 20 for 90232 not found
Create input file for pfns for k= 44 and energy number 17 (out of 50)
MT3 for 90232 not found
MT  3 19 for 90232 not found
MT3 for 90232 not found
MT  3 20 for 90232 not found
Create input file for pfns for k= 45 and energy number 17 (out of 50)
MT3 for 90232 not found
MT  3 19 for 90232 not found
MT3 for 90232 not found
MT  3 20 for 90232 not found
Create input file for pfns for k= 46 and energy number 17 (out of 50)
MT3 for 90232 not found
MT  3 19 for 90232 not found
MT3 for 90232 not found
MT  3 20 for 90232 not found
Create input file for pfns for k= 47 and energy number 17 (out of 50)
MT3 for 90232 not found
MT  3 19 for 90232 not found
MT3 for 90232 not found
MT  3 20 for 90232 not found
Create input file for pfns for k= 48 and energy number 17 (out of 50)
MT3 for 90232 not found
MT  3 19 for 90232 not found
MT3 for 90232 not found
MT  3 20 for 90232 not found
Create input file for pfns for k= 49 and energy number 17 (out of 50)
MT3 for 90232 not found
MT  3 19 for 90232 not found
MT3 for 90232 not found
MT  3 20 for 90232 not found
Create input file for pfns for k= 50 and energy number 17 (out of 50)
MT3 for 90232 not found
MT  3 19 for 90232 not found
MT3 for 90232 not found
MT  3 20 for 90232 not found
Create input file for pfns for k= 51 and energy number 17 (out of 50)
MT3 for 90232 not found
MT  3 19 for 90232 not found
MT3 for 90232 not found
MT  3 20 for 90232 not found
Create input file for pfns for k= 52 and energy number 17 (out of 50)
MT3 for 90232 not found
MT  3 19 for 90232 not found
MT3 for 90232 not found
MT  3 20 for 90232 not found
Create input file for pfns for k= 53 and energy number 17 (out of 50)
MT3 for 90232 not found
MT  3 19 for 90232 not found
MT3 for 90232 not found
MT  3 20 for 90232 not found
Create input file for pfns for k= 54 and energy number 17 (out of 50)
MT3 for 90232 not found
MT  3 19 for 90232 not found
MT3 for 90232 not found
MT  3 20 for 90232 not found
Create input file for pfns for k= 55 and energy number 17 (out of 50)
MT3 for 90232 not found
MT  3 19 for 90232 not found
MT3 for 90232 not found
MT  3 20 for 90232 not found
Create input file for pfns for k= 56 and energy number 17 (out of 50)
MT3 for 90232 not found
MT  3 19 for 90232 not found
MT3 for 90232 not found
MT  3 20 for 90232 not found
Create input file for pfns for k= 57 and energy number 17 (out of 50)
MT3 for 90232 not found
MT  3 19 for 90232 not found
MT3 for 90232 not found
MT  3 20 for 90232 not found
Create input file for pfns for k= 58 and energy number 17 (out of 50)
MT3 for 90232 not found
MT  3 19 for 90232 not found
MT3 for 90232 not found
MT  3 20 for 90232 not found
Create input file for pfns for k= 59 and energy number 17 (out of 50)
MT3 for 90232 not found
MT  3 19 for 90232 not found
MT3 for 90232 not found
MT  3 20 for 90232 not found
Create input file for pfns for k= 60 and energy number 17 (out of 50)
MT3 for 90232 not found
MT  3 19 for 90232 not found
MT3 for 90232 not found
MT  3 20 for 90232 not found
Create input file for pfns for k= 61 and energy number 17 (out of 50)
MT3 for 90232 not found
MT  3 19 for 90232 not found
MT3 for 90232 not found
MT  3 20 for 90232 not found
Create input file for pfns for k= 62 and energy number 17 (out of 50)
MT3 for 90232 not found
MT  3 19 for 90232 not found
MT3 for 90232 not found
MT  3 20 for 90232 not found
Create input file for pfns for k= 63 and energy number 17 (out of 50)
MT3 for 90232 not found
MT  3 19 for 90232 not found
MT3 for 90232 not found
MT  3 20 for 90232 not found
Create input file for pfns for k= 64 and energy number 17 (out of 50)
MT3 for 90232 not found
MT  3 19 for 90232 not found
MT3 for 90232 not found
MT  3 20 for 90232 not found
Create input file for pfns for k= 65 and energy number 17 (out of 50)
MT3 for 90232 not found
MT  3 19 for 90232 not found
MT3 for 90232 not found
MT  3 20 for 90232 not found
Create input file for pfns for k= 66 and energy number 17 (out of 50)
MT3 for 90232 not found
MT  3 19 for 90232 not found
MT3 for 90232 not found
MT  3 20 for 90232 not found
Create input file for pfns for k= 67 and energy number 17 (out of 50)
MT3 for 90232 not found
MT  3 19 for 90232 not found
MT3 for 90232 not found
MT  3 20 for 90232 not found
Create input file for pfns for k= 68 and energy number 17 (out of 50)
MT3 for 90232 not found
MT  3 19 for 90232 not found
MT3 for 90232 not found
MT  3 20 for 90232 not found
Create input file for pfns for k= 69 and energy number 17 (out of 50)
MT3 for 90232 not found
MT  3 19 for 90232 not found
MT3 for 90232 not found
MT  3 20 for 90232 not found
Create input file for pfns for k= 70 and energy number 17 (out of 50)
MT3 for 90232 not found
MT  3 19 for 90232 not found
MT3 for 90232 not found
MT  3 20 for 90232 not found
Create input file for pfns for k= 71 and energy number 17 (out of 50)
MT3 for 90232 not found
MT  3 19 for 90232 not found
MT3 for 90232 not found
MT  3 20 for 90232 not found
Create input file for pfns for k= 72 and energy number 17 (out of 50)
MT3 for 90232 not found
MT  3 19 for 90232 not found
MT3 for 90232 not found
MT  3 20 for 90232 not found
Create input file for pfns for k= 73 and energy number 17 (out of 50)
MT3 for 90232 not found
MT  3 19 for 90232 not found
MT3 for 90232 not found
MT  3 20 for 90232 not found
Create input file for pfns for k= 74 and energy number 17 (out of 50)
MT3 for 90232 not found
MT  3 19 for 90232 not found
MT3 for 90232 not found
MT  3 20 for 90232 not found
Create input file for pfns for k= 75 and energy number 17 (out of 50)
MT3 for 90232 not found
MT  3 19 for 90232 not found
MT3 for 90232 not found
MT  3 20 for 90232 not found
Create input file for pfns for k= 76 and energy number 17 (out of 50)
MT3 for 90232 not found
MT  3 19 for 90232 not found
MT3 for 90232 not found
MT  3 20 for 90232 not found
Create input file for pfns for k= 77 and energy number 17 (out of 50)
MT3 for 90232 not found
MT  3 19 for 90232 not found
MT3 for 90232 not found
MT  3 20 for 90232 not found
Create input file for pfns for k= 78 and energy number 17 (out of 50)
MT3 for 90232 not found
MT  3 19 for 90232 not found
MT3 for 90232 not found
MT  3 20 for 90232 not found
Create input file for pfns for k= 79 and energy number 17 (out of 50)
MT3 for 90232 not found
MT  3 19 for 90232 not found
MT3 for 90232 not found
MT  3 20 for 90232 not found
Create input file for pfns for k= 80 and energy number 17 (out of 50)
MT3 for 90232 not found
MT  3 19 for 90232 not found
MT3 for 90232 not found
MT  3 20 for 90232 not found
Create input file for pfns for k= 81 and energy number 17 (out of 50)
MT3 for 90232 not found
MT  3 19 for 90232 not found
MT3 for 90232 not found
MT  3 20 for 90232 not found
Create input file for pfns for k= 82 and energy number 17 (out of 50)
MT3 for 90232 not found
MT  3 19 for 90232 not found
MT3 for 90232 not found
MT  3 20 for 90232 not found
Create input file for pfns for k= 83 and energy number 17 (out of 50)
MT3 for 90232 not found
MT  3 19 for 90232 not found
MT3 for 90232 not found
MT  3 20 for 90232 not found
Create input file for pfns for k= 84 and energy number 17 (out of 50)
MT3 for 90232 not found
MT  3 19 for 90232 not found
MT3 for 90232 not found
MT  3 20 for 90232 not found
Create input file for pfns for k= 85 and energy number 17 (out of 50)
MT3 for 90232 not found
MT  3 19 for 90232 not found
MT3 for 90232 not found
MT  3 20 for 90232 not found
Create input file for pfns for k= 86 and energy number 17 (out of 50)
MT3 for 90232 not found
MT  3 19 for 90232 not found
MT3 for 90232 not found
MT  3 20 for 90232 not found
Create input file for pfns for k= 87 and energy number 17 (out of 50)
MT3 for 90232 not found
MT  3 19 for 90232 not found
MT3 for 90232 not found
MT  3 20 for 90232 not found
Create input file for pfns for k= 88 and energy number 17 (out of 50)
MT3 for 90232 not found
MT  3 19 for 90232 not found
MT3 for 90232 not found
MT  3 20 for 90232 not found
Create input file for pfns for k= 89 and energy number 17 (out of 50)
MT3 for 90232 not found
MT  3 19 for 90232 not found
MT3 for 90232 not found
MT  3 20 for 90232 not found
Create input file for pfns for k= 90 and energy number 17 (out of 50)
MT3 for 90232 not found
MT  3 19 for 90232 not found
MT3 for 90232 not found
MT  3 20 for 90232 not found
Create input file for pfns for k= 91 and energy number 17 (out of 50)
MT3 for 90232 not found
MT  3 19 for 90232 not found
MT3 for 90232 not found
MT  3 20 for 90232 not found
Create input file for pfns for k= 92 and energy number 17 (out of 50)
MT3 for 90232 not found
MT  3 19 for 90232 not found
MT3 for 90232 not found
MT  3 20 for 90232 not found
Create input file for pfns for k= 93 and energy number 17 (out of 50)
MT3 for 90232 not found
MT  3 19 for 90232 not found
MT3 for 90232 not found
MT  3 20 for 90232 not found
Create input file for pfns for k= 94 and energy number 17 (out of 50)
MT3 for 90232 not found
MT  3 19 for 90232 not found
MT3 for 90232 not found
MT  3 20 for 90232 not found
Create input file for pfns for k= 95 and energy number 17 (out of 50)
MT3 for 90232 not found
MT  3 19 for 90232 not found
MT3 for 90232 not found
MT  3 20 for 90232 not found
Create input file for pfns for k= 96 and energy number 17 (out of 50)
MT3 for 90232 not found
MT  3 19 for 90232 not found
MT3 for 90232 not found
MT  3 20 for 90232 not found
Create input file for pfns for k= 97 and energy number 17 (out of 50)
MT3 for 90232 not found
MT  3 19 for 90232 not found
MT3 for 90232 not found
MT  3 20 for 90232 not found
Create input file for pfns for k= 98 and energy number 17 (out of 50)
MT3 for 90232 not found
MT  3 19 for 90232 not found
MT3 for 90232 not found
MT  3 20 for 90232 not found
Create input file for pfns for k= 99 and energy number 17 (out of 50)
MT3 for 90232 not found
MT  3 19 for 90232 not found
MT3 for 90232 not found
MT  3 20 for 90232 not found
Create input file for pfns for k= 100 and energy number 17 (out of 50)
MT3 for 90232 not found
MT  3 19 for 90232 not found
MT3 for 90232 not found
MT  3 20 for 90232 not found
Create input file for pfns for k= 0 and energy number 18 (out of 50)
MT3 for 90232 not found
MT  3 19 for 90232 not found
MT3 for 90232 not found
MT  3 20 for 90232 not found
Create input file for pfns for k= 1 and energy number 18 (out of 50)
MT3 for 90232 not found
MT  3 19 for 90232 not found
MT3 for 90232 not found
MT  3 20 for 90232 not found
Create input file for pfns for k= 2 and energy number 18 (out of 50)
MT3 for 90232 not found
MT  3 19 for 90232 not found
MT3 for 90232 not found
MT  3 20 for 90232 not found
Create input file for pfns for k= 3 and energy number 18 (out of 50)
MT3 for 90232 not found
MT  3 19 for 90232 not found
MT3 for 90232 not found
MT  3 20 for 90232 not found
Create input file for pfns for k= 4 and energy number 18 (out of 50)
MT3 for 90232 not found
MT  3 19 for 90232 not found
MT3 for 90232 not found
MT  3 20 for 90232 not found
Create input file for pfns for k= 5 and energy number 18 (out of 50)
MT3 for 90232 not found
MT  3 19 for 90232 not found
MT3 for 90232 not found
MT  3 20 for 90232 not found
Create input file for pfns for k= 6 and energy number 18 (out of 50)
MT3 for 90232 not found
MT  3 19 for 90232 not found
MT3 for 90232 not found
MT  3 20 for 90232 not found
Create input file for pfns for k= 7 and energy number 18 (out of 50)
MT3 for 90232 not found
MT  3 19 for 90232 not found
MT3 for 90232 not found
MT  3 20 for 90232 not found
Create input file for pfns for k= 8 and energy number 18 (out of 50)
MT3 for 90232 not found
MT  3 19 for 90232 not found
MT3 for 90232 not found
MT  3 20 for 90232 not found
Create input file for pfns for k= 9 and energy number 18 (out of 50)
MT3 for 90232 not found
MT  3 19 for 90232 not found
MT3 for 90232 not found
MT  3 20 for 90232 not found
Create input file for pfns for k= 10 and energy number 18 (out of 50)
MT3 for 90232 not found
MT  3 19 for 90232 not found
MT3 for 90232 not found
MT  3 20 for 90232 not found
Create input file for pfns for k= 11 and energy number 18 (out of 50)
MT3 for 90232 not found
MT  3 19 for 90232 not found
MT3 for 90232 not found
MT  3 20 for 90232 not found
Create input file for pfns for k= 12 and energy number 18 (out of 50)
MT3 for 90232 not found
MT  3 19 for 90232 not found
MT3 for 90232 not found
MT  3 20 for 90232 not found
Create input file for pfns for k= 13 and energy number 18 (out of 50)
MT3 for 90232 not found
MT  3 19 for 90232 not found
MT3 for 90232 not found
MT  3 20 for 90232 not found
Create input file for pfns for k= 14 and energy number 18 (out of 50)
MT3 for 90232 not found
MT  3 19 for 90232 not found
MT3 for 90232 not found
MT  3 20 for 90232 not found
Create input file for pfns for k= 15 and energy number 18 (out of 50)
MT3 for 90232 not found
MT  3 19 for 90232 not found
MT3 for 90232 not found
MT  3 20 for 90232 not found
Create input file for pfns for k= 16 and energy number 18 (out of 50)
MT3 for 90232 not found
MT  3 19 for 90232 not found
MT3 for 90232 not found
MT  3 20 for 90232 not found
Create input file for pfns for k= 17 and energy number 18 (out of 50)
MT3 for 90232 not found
MT  3 19 for 90232 not found
MT3 for 90232 not found
MT  3 20 for 90232 not found
Create input file for pfns for k= 18 and energy number 18 (out of 50)
MT3 for 90232 not found
MT  3 19 for 90232 not found
MT3 for 90232 not found
MT  3 20 for 90232 not found
Create input file for pfns for k= 19 and energy number 18 (out of 50)
MT3 for 90232 not found
MT  3 19 for 90232 not found
MT3 for 90232 not found
MT  3 20 for 90232 not found
Create input file for pfns for k= 20 and energy number 18 (out of 50)
MT3 for 90232 not found
MT  3 19 for 90232 not found
MT3 for 90232 not found
MT  3 20 for 90232 not found
Create input file for pfns for k= 21 and energy number 18 (out of 50)
MT3 for 90232 not found
MT  3 19 for 90232 not found
MT3 for 90232 not found
MT  3 20 for 90232 not found
Create input file for pfns for k= 22 and energy number 18 (out of 50)
MT3 for 90232 not found
MT  3 19 for 90232 not found
MT3 for 90232 not found
MT  3 20 for 90232 not found
Create input file for pfns for k= 23 and energy number 18 (out of 50)
MT3 for 90232 not found
MT  3 19 for 90232 not found
MT3 for 90232 not found
MT  3 20 for 90232 not found
Create input file for pfns for k= 24 and energy number 18 (out of 50)
MT3 for 90232 not found
MT  3 19 for 90232 not found
MT3 for 90232 not found
MT  3 20 for 90232 not found
Create input file for pfns for k= 25 and energy number 18 (out of 50)
MT3 for 90232 not found
MT  3 19 for 90232 not found
MT3 for 90232 not found
MT  3 20 for 90232 not found
Create input file for pfns for k= 26 and energy number 18 (out of 50)
MT3 for 90232 not found
MT  3 19 for 90232 not found
MT3 for 90232 not found
MT  3 20 for 90232 not found
Create input file for pfns for k= 27 and energy number 18 (out of 50)
MT3 for 90232 not found
MT  3 19 for 90232 not found
MT3 for 90232 not found
MT  3 20 for 90232 not found
Create input file for pfns for k= 28 and energy number 18 (out of 50)
MT3 for 90232 not found
MT  3 19 for 90232 not found
MT3 for 90232 not found
MT  3 20 for 90232 not found
Create input file for pfns for k= 29 and energy number 18 (out of 50)
MT3 for 90232 not found
MT  3 19 for 90232 not found
MT3 for 90232 not found
MT  3 20 for 90232 not found
Create input file for pfns for k= 30 and energy number 18 (out of 50)
MT3 for 90232 not found
MT  3 19 for 90232 not found
MT3 for 90232 not found
MT  3 20 for 90232 not found
Create input file for pfns for k= 31 and energy number 18 (out of 50)
MT3 for 90232 not found
MT  3 19 for 90232 not found
MT3 for 90232 not found
MT  3 20 for 90232 not found
Create input file for pfns for k= 32 and energy number 18 (out of 50)
MT3 for 90232 not found
MT  3 19 for 90232 not found
MT3 for 90232 not found
MT  3 20 for 90232 not found
Create input file for pfns for k= 33 and energy number 18 (out of 50)
MT3 for 90232 not found
MT  3 19 for 90232 not found
MT3 for 90232 not found
MT  3 20 for 90232 not found
Create input file for pfns for k= 34 and energy number 18 (out of 50)
MT3 for 90232 not found
MT  3 19 for 90232 not found
MT3 for 90232 not found
MT  3 20 for 90232 not found
Create input file for pfns for k= 35 and energy number 18 (out of 50)
MT3 for 90232 not found
MT  3 19 for 90232 not found
MT3 for 90232 not found
MT  3 20 for 90232 not found
Create input file for pfns for k= 36 and energy number 18 (out of 50)
MT3 for 90232 not found
MT  3 19 for 90232 not found
MT3 for 90232 not found
MT  3 20 for 90232 not found
Create input file for pfns for k= 37 and energy number 18 (out of 50)
MT3 for 90232 not found
MT  3 19 for 90232 not found
MT3 for 90232 not found
MT  3 20 for 90232 not found
Create input file for pfns for k= 38 and energy number 18 (out of 50)
MT3 for 90232 not found
MT  3 19 for 90232 not found
MT3 for 90232 not found
MT  3 20 for 90232 not found
Create input file for pfns for k= 39 and energy number 18 (out of 50)
MT3 for 90232 not found
MT  3 19 for 90232 not found
MT3 for 90232 not found
MT  3 20 for 90232 not found
Create input file for pfns for k= 40 and energy number 18 (out of 50)
MT3 for 90232 not found
MT  3 19 for 90232 not found
MT3 for 90232 not found
MT  3 20 for 90232 not found
Create input file for pfns for k= 41 and energy number 18 (out of 50)
MT3 for 90232 not found
MT  3 19 for 90232 not found
MT3 for 90232 not found
MT  3 20 for 90232 not found
Create input file for pfns for k= 42 and energy number 18 (out of 50)
MT3 for 90232 not found
MT  3 19 for 90232 not found
MT3 for 90232 not found
MT  3 20 for 90232 not found
Create input file for pfns for k= 43 and energy number 18 (out of 50)
MT3 for 90232 not found
MT  3 19 for 90232 not found
MT3 for 90232 not found
MT  3 20 for 90232 not found
Create input file for pfns for k= 44 and energy number 18 (out of 50)
MT3 for 90232 not found
MT  3 19 for 90232 not found
MT3 for 90232 not found
MT  3 20 for 90232 not found
Create input file for pfns for k= 45 and energy number 18 (out of 50)
MT3 for 90232 not found
MT  3 19 for 90232 not found
MT3 for 90232 not found
MT  3 20 for 90232 not found
Create input file for pfns for k= 46 and energy number 18 (out of 50)
MT3 for 90232 not found
MT  3 19 for 90232 not found
MT3 for 90232 not found
MT  3 20 for 90232 not found
Create input file for pfns for k= 47 and energy number 18 (out of 50)
MT3 for 90232 not found
MT  3 19 for 90232 not found
MT3 for 90232 not found
MT  3 20 for 90232 not found
Create input file for pfns for k= 48 and energy number 18 (out of 50)
MT3 for 90232 not found
MT  3 19 for 90232 not found
MT3 for 90232 not found
MT  3 20 for 90232 not found
Create input file for pfns for k= 49 and energy number 18 (out of 50)
MT3 for 90232 not found
MT  3 19 for 90232 not found
MT3 for 90232 not found
MT  3 20 for 90232 not found
Create input file for pfns for k= 50 and energy number 18 (out of 50)
MT3 for 90232 not found
MT  3 19 for 90232 not found
MT3 for 90232 not found
MT  3 20 for 90232 not found
Create input file for pfns for k= 51 and energy number 18 (out of 50)
MT3 for 90232 not found
MT  3 19 for 90232 not found
MT3 for 90232 not found
MT  3 20 for 90232 not found
Create input file for pfns for k= 52 and energy number 18 (out of 50)
MT3 for 90232 not found
MT  3 19 for 90232 not found
MT3 for 90232 not found
MT  3 20 for 90232 not found
Create input file for pfns for k= 53 and energy number 18 (out of 50)
MT3 for 90232 not found
MT  3 19 for 90232 not found
MT3 for 90232 not found
MT  3 20 for 90232 not found
Create input file for pfns for k= 54 and energy number 18 (out of 50)
MT3 for 90232 not found
MT  3 19 for 90232 not found
MT3 for 90232 not found
MT  3 20 for 90232 not found
Create input file for pfns for k= 55 and energy number 18 (out of 50)
MT3 for 90232 not found
MT  3 19 for 90232 not found
MT3 for 90232 not found
MT  3 20 for 90232 not found
Create input file for pfns for k= 56 and energy number 18 (out of 50)
MT3 for 90232 not found
MT  3 19 for 90232 not found
MT3 for 90232 not found
MT  3 20 for 90232 not found
Create input file for pfns for k= 57 and energy number 18 (out of 50)
MT3 for 90232 not found
MT  3 19 for 90232 not found
MT3 for 90232 not found
MT  3 20 for 90232 not found
Create input file for pfns for k= 58 and energy number 18 (out of 50)
MT3 for 90232 not found
MT  3 19 for 90232 not found
MT3 for 90232 not found
MT  3 20 for 90232 not found
Create input file for pfns for k= 59 and energy number 18 (out of 50)
MT3 for 90232 not found
MT  3 19 for 90232 not found
MT3 for 90232 not found
MT  3 20 for 90232 not found
Create input file for pfns for k= 60 and energy number 18 (out of 50)
MT3 for 90232 not found
MT  3 19 for 90232 not found
MT3 for 90232 not found
MT  3 20 for 90232 not found
Create input file for pfns for k= 61 and energy number 18 (out of 50)
MT3 for 90232 not found
MT  3 19 for 90232 not found
MT3 for 90232 not found
MT  3 20 for 90232 not found
Create input file for pfns for k= 62 and energy number 18 (out of 50)
MT3 for 90232 not found
MT  3 19 for 90232 not found
MT3 for 90232 not found
MT  3 20 for 90232 not found
Create input file for pfns for k= 63 and energy number 18 (out of 50)
MT3 for 90232 not found
MT  3 19 for 90232 not found
MT3 for 90232 not found
MT  3 20 for 90232 not found
Create input file for pfns for k= 64 and energy number 18 (out of 50)
MT3 for 90232 not found
MT  3 19 for 90232 not found
MT3 for 90232 not found
MT  3 20 for 90232 not found
Create input file for pfns for k= 65 and energy number 18 (out of 50)
MT3 for 90232 not found
MT  3 19 for 90232 not found
MT3 for 90232 not found
MT  3 20 for 90232 not found
Create input file for pfns for k= 66 and energy number 18 (out of 50)
MT3 for 90232 not found
MT  3 19 for 90232 not found
MT3 for 90232 not found
MT  3 20 for 90232 not found
Create input file for pfns for k= 67 and energy number 18 (out of 50)
MT3 for 90232 not found
MT  3 19 for 90232 not found
MT3 for 90232 not found
MT  3 20 for 90232 not found
Create input file for pfns for k= 68 and energy number 18 (out of 50)
MT3 for 90232 not found
MT  3 19 for 90232 not found
MT3 for 90232 not found
MT  3 20 for 90232 not found
Create input file for pfns for k= 69 and energy number 18 (out of 50)
MT3 for 90232 not found
MT  3 19 for 90232 not found
MT3 for 90232 not found
MT  3 20 for 90232 not found
Create input file for pfns for k= 70 and energy number 18 (out of 50)
MT3 for 90232 not found
MT  3 19 for 90232 not found
MT3 for 90232 not found
MT  3 20 for 90232 not found
Create input file for pfns for k= 71 and energy number 18 (out of 50)
MT3 for 90232 not found
MT  3 19 for 90232 not found
MT3 for 90232 not found
MT  3 20 for 90232 not found
Create input file for pfns for k= 72 and energy number 18 (out of 50)
MT3 for 90232 not found
MT  3 19 for 90232 not found
MT3 for 90232 not found
MT  3 20 for 90232 not found
Create input file for pfns for k= 73 and energy number 18 (out of 50)
MT3 for 90232 not found
MT  3 19 for 90232 not found
MT3 for 90232 not found
MT  3 20 for 90232 not found
Create input file for pfns for k= 74 and energy number 18 (out of 50)
MT3 for 90232 not found
MT  3 19 for 90232 not found
MT3 for 90232 not found
MT  3 20 for 90232 not found
Create input file for pfns for k= 75 and energy number 18 (out of 50)
MT3 for 90232 not found
MT  3 19 for 90232 not found
MT3 for 90232 not found
MT  3 20 for 90232 not found
Create input file for pfns for k= 76 and energy number 18 (out of 50)
MT3 for 90232 not found
MT  3 19 for 90232 not found
MT3 for 90232 not found
MT  3 20 for 90232 not found
Create input file for pfns for k= 77 and energy number 18 (out of 50)
MT3 for 90232 not found
MT  3 19 for 90232 not found
MT3 for 90232 not found
MT  3 20 for 90232 not found
Create input file for pfns for k= 78 and energy number 18 (out of 50)
MT3 for 90232 not found
MT  3 19 for 90232 not found
MT3 for 90232 not found
MT  3 20 for 90232 not found
Create input file for pfns for k= 79 and energy number 18 (out of 50)
MT3 for 90232 not found
MT  3 19 for 90232 not found
MT3 for 90232 not found
MT  3 20 for 90232 not found
Create input file for pfns for k= 80 and energy number 18 (out of 50)
MT3 for 90232 not found
MT  3 19 for 90232 not found
MT3 for 90232 not found
MT  3 20 for 90232 not found
Create input file for pfns for k= 81 and energy number 18 (out of 50)
MT3 for 90232 not found
MT  3 19 for 90232 not found
MT3 for 90232 not found
MT  3 20 for 90232 not found
Create input file for pfns for k= 82 and energy number 18 (out of 50)
MT3 for 90232 not found
MT  3 19 for 90232 not found
MT3 for 90232 not found
MT  3 20 for 90232 not found
Create input file for pfns for k= 83 and energy number 18 (out of 50)
MT3 for 90232 not found
MT  3 19 for 90232 not found
MT3 for 90232 not found
MT  3 20 for 90232 not found
Create input file for pfns for k= 84 and energy number 18 (out of 50)
MT3 for 90232 not found
MT  3 19 for 90232 not found
MT3 for 90232 not found
MT  3 20 for 90232 not found
Create input file for pfns for k= 85 and energy number 18 (out of 50)
MT3 for 90232 not found
MT  3 19 for 90232 not found
MT3 for 90232 not found
MT  3 20 for 90232 not found
Create input file for pfns for k= 86 and energy number 18 (out of 50)
MT3 for 90232 not found
MT  3 19 for 90232 not found
MT3 for 90232 not found
MT  3 20 for 90232 not found
Create input file for pfns for k= 87 and energy number 18 (out of 50)
MT3 for 90232 not found
MT  3 19 for 90232 not found
MT3 for 90232 not found
MT  3 20 for 90232 not found
Create input file for pfns for k= 88 and energy number 18 (out of 50)
MT3 for 90232 not found
MT  3 19 for 90232 not found
MT3 for 90232 not found
MT  3 20 for 90232 not found
Create input file for pfns for k= 89 and energy number 18 (out of 50)
MT3 for 90232 not found
MT  3 19 for 90232 not found
MT3 for 90232 not found
MT  3 20 for 90232 not found
Create input file for pfns for k= 90 and energy number 18 (out of 50)
MT3 for 90232 not found
MT  3 19 for 90232 not found
MT3 for 90232 not found
MT  3 20 for 90232 not found
Create input file for pfns for k= 91 and energy number 18 (out of 50)
MT3 for 90232 not found
MT  3 19 for 90232 not found
MT3 for 90232 not found
MT  3 20 for 90232 not found
Create input file for pfns for k= 92 and energy number 18 (out of 50)
MT3 for 90232 not found
MT  3 19 for 90232 not found
MT3 for 90232 not found
MT  3 20 for 90232 not found
Create input file for pfns for k= 93 and energy number 18 (out of 50)
MT3 for 90232 not found
MT  3 19 for 90232 not found
MT3 for 90232 not found
MT  3 20 for 90232 not found
Create input file for pfns for k= 94 and energy number 18 (out of 50)
MT3 for 90232 not found
MT  3 19 for 90232 not found
MT3 for 90232 not found
MT  3 20 for 90232 not found
Create input file for pfns for k= 95 and energy number 18 (out of 50)
MT3 for 90232 not found
MT  3 19 for 90232 not found
MT3 for 90232 not found
MT  3 20 for 90232 not found
Create input file for pfns for k= 96 and energy number 18 (out of 50)
MT3 for 90232 not found
MT  3 19 for 90232 not found
MT3 for 90232 not found
MT  3 20 for 90232 not found
Create input file for pfns for k= 97 and energy number 18 (out of 50)
MT3 for 90232 not found
MT  3 19 for 90232 not found
MT3 for 90232 not found
MT  3 20 for 90232 not found
Create input file for pfns for k= 98 and energy number 18 (out of 50)
MT3 for 90232 not found
MT  3 19 for 90232 not found
MT3 for 90232 not found
MT  3 20 for 90232 not found
Create input file for pfns for k= 99 and energy number 18 (out of 50)
MT3 for 90232 not found
MT  3 19 for 90232 not found
MT3 for 90232 not found
MT  3 20 for 90232 not found
Create input file for pfns for k= 100 and energy number 18 (out of 50)
MT3 for 90232 not found
MT  3 19 for 90232 not found
MT3 for 90232 not found
MT  3 20 for 90232 not found
Create input file for pfns for k= 0 and energy number 19 (out of 50)
MT3 for 90232 not found
MT  3 19 for 90232 not found
MT3 for 90232 not found
MT  3 20 for 90232 not found
Create input file for pfns for k= 1 and energy number 19 (out of 50)
MT3 for 90232 not found
MT  3 19 for 90232 not found
MT3 for 90232 not found
MT  3 20 for 90232 not found
Create input file for pfns for k= 2 and energy number 19 (out of 50)
MT3 for 90232 not found
MT  3 19 for 90232 not found
MT3 for 90232 not found
MT  3 20 for 90232 not found
Create input file for pfns for k= 3 and energy number 19 (out of 50)
MT3 for 90232 not found
MT  3 19 for 90232 not found
MT3 for 90232 not found
MT  3 20 for 90232 not found
Create input file for pfns for k= 4 and energy number 19 (out of 50)
MT3 for 90232 not found
MT  3 19 for 90232 not found
MT3 for 90232 not found
MT  3 20 for 90232 not found
Create input file for pfns for k= 5 and energy number 19 (out of 50)
MT3 for 90232 not found
MT  3 19 for 90232 not found
MT3 for 90232 not found
MT  3 20 for 90232 not found
Create input file for pfns for k= 6 and energy number 19 (out of 50)
MT3 for 90232 not found
MT  3 19 for 90232 not found
MT3 for 90232 not found
MT  3 20 for 90232 not found
Create input file for pfns for k= 7 and energy number 19 (out of 50)
MT3 for 90232 not found
MT  3 19 for 90232 not found
MT3 for 90232 not found
MT  3 20 for 90232 not found
Create input file for pfns for k= 8 and energy number 19 (out of 50)
MT3 for 90232 not found
MT  3 19 for 90232 not found
MT3 for 90232 not found
MT  3 20 for 90232 not found
Create input file for pfns for k= 9 and energy number 19 (out of 50)
MT3 for 90232 not found
MT  3 19 for 90232 not found
MT3 for 90232 not found
MT  3 20 for 90232 not found
Create input file for pfns for k= 10 and energy number 19 (out of 50)
MT3 for 90232 not found
MT  3 19 for 90232 not found
MT3 for 90232 not found
MT  3 20 for 90232 not found
Create input file for pfns for k= 11 and energy number 19 (out of 50)
MT3 for 90232 not found
MT  3 19 for 90232 not found
MT3 for 90232 not found
MT  3 20 for 90232 not found
Create input file for pfns for k= 12 and energy number 19 (out of 50)
MT3 for 90232 not found
MT  3 19 for 90232 not found
MT3 for 90232 not found
MT  3 20 for 90232 not found
Create input file for pfns for k= 13 and energy number 19 (out of 50)
MT3 for 90232 not found
MT  3 19 for 90232 not found
MT3 for 90232 not found
MT  3 20 for 90232 not found
Create input file for pfns for k= 14 and energy number 19 (out of 50)
MT3 for 90232 not found
MT  3 19 for 90232 not found
MT3 for 90232 not found
MT  3 20 for 90232 not found
Create input file for pfns for k= 15 and energy number 19 (out of 50)
MT3 for 90232 not found
MT  3 19 for 90232 not found
MT3 for 90232 not found
MT  3 20 for 90232 not found
Create input file for pfns for k= 16 and energy number 19 (out of 50)
MT3 for 90232 not found
MT  3 19 for 90232 not found
MT3 for 90232 not found
MT  3 20 for 90232 not found
Create input file for pfns for k= 17 and energy number 19 (out of 50)
MT3 for 90232 not found
MT  3 19 for 90232 not found
MT3 for 90232 not found
MT  3 20 for 90232 not found
Create input file for pfns for k= 18 and energy number 19 (out of 50)
MT3 for 90232 not found
MT  3 19 for 90232 not found
MT3 for 90232 not found
MT  3 20 for 90232 not found
Create input file for pfns for k= 19 and energy number 19 (out of 50)
MT3 for 90232 not found
MT  3 19 for 90232 not found
MT3 for 90232 not found
MT  3 20 for 90232 not found
Create input file for pfns for k= 20 and energy number 19 (out of 50)
MT3 for 90232 not found
MT  3 19 for 90232 not found
MT3 for 90232 not found
MT  3 20 for 90232 not found
Create input file for pfns for k= 21 and energy number 19 (out of 50)
MT3 for 90232 not found
MT  3 19 for 90232 not found
MT3 for 90232 not found
MT  3 20 for 90232 not found
Create input file for pfns for k= 22 and energy number 19 (out of 50)
MT3 for 90232 not found
MT  3 19 for 90232 not found
MT3 for 90232 not found
MT  3 20 for 90232 not found
Create input file for pfns for k= 23 and energy number 19 (out of 50)
MT3 for 90232 not found
MT  3 19 for 90232 not found
MT3 for 90232 not found
MT  3 20 for 90232 not found
Create input file for pfns for k= 24 and energy number 19 (out of 50)
MT3 for 90232 not found
MT  3 19 for 90232 not found
MT3 for 90232 not found
MT  3 20 for 90232 not found
Create input file for pfns for k= 25 and energy number 19 (out of 50)
MT3 for 90232 not found
MT  3 19 for 90232 not found
MT3 for 90232 not found
MT  3 20 for 90232 not found
Create input file for pfns for k= 26 and energy number 19 (out of 50)
MT3 for 90232 not found
MT  3 19 for 90232 not found
MT3 for 90232 not found
MT  3 20 for 90232 not found
Create input file for pfns for k= 27 and energy number 19 (out of 50)
MT3 for 90232 not found
MT  3 19 for 90232 not found
MT3 for 90232 not found
MT  3 20 for 90232 not found
Create input file for pfns for k= 28 and energy number 19 (out of 50)
MT3 for 90232 not found
MT  3 19 for 90232 not found
MT3 for 90232 not found
MT  3 20 for 90232 not found
Create input file for pfns for k= 29 and energy number 19 (out of 50)
MT3 for 90232 not found
MT  3 19 for 90232 not found
MT3 for 90232 not found
MT  3 20 for 90232 not found
Create input file for pfns for k= 30 and energy number 19 (out of 50)
MT3 for 90232 not found
MT  3 19 for 90232 not found
MT3 for 90232 not found
MT  3 20 for 90232 not found
Create input file for pfns for k= 31 and energy number 19 (out of 50)
MT3 for 90232 not found
MT  3 19 for 90232 not found
MT3 for 90232 not found
MT  3 20 for 90232 not found
Create input file for pfns for k= 32 and energy number 19 (out of 50)
MT3 for 90232 not found
MT  3 19 for 90232 not found
MT3 for 90232 not found
MT  3 20 for 90232 not found
Create input file for pfns for k= 33 and energy number 19 (out of 50)
MT3 for 90232 not found
MT  3 19 for 90232 not found
MT3 for 90232 not found
MT  3 20 for 90232 not found
Create input file for pfns for k= 34 and energy number 19 (out of 50)
MT3 for 90232 not found
MT  3 19 for 90232 not found
MT3 for 90232 not found
MT  3 20 for 90232 not found
Create input file for pfns for k= 35 and energy number 19 (out of 50)
MT3 for 90232 not found
MT  3 19 for 90232 not found
MT3 for 90232 not found
MT  3 20 for 90232 not found
Create input file for pfns for k= 36 and energy number 19 (out of 50)
MT3 for 90232 not found
MT  3 19 for 90232 not found
MT3 for 90232 not found
MT  3 20 for 90232 not found
Create input file for pfns for k= 37 and energy number 19 (out of 50)
MT3 for 90232 not found
MT  3 19 for 90232 not found
MT3 for 90232 not found
MT  3 20 for 90232 not found
Create input file for pfns for k= 38 and energy number 19 (out of 50)
MT3 for 90232 not found
MT  3 19 for 90232 not found
MT3 for 90232 not found
MT  3 20 for 90232 not found
Create input file for pfns for k= 39 and energy number 19 (out of 50)
MT3 for 90232 not found
MT  3 19 for 90232 not found
MT3 for 90232 not found
MT  3 20 for 90232 not found
Create input file for pfns for k= 40 and energy number 19 (out of 50)
MT3 for 90232 not found
MT  3 19 for 90232 not found
MT3 for 90232 not found
MT  3 20 for 90232 not found
Create input file for pfns for k= 41 and energy number 19 (out of 50)
MT3 for 90232 not found
MT  3 19 for 90232 not found
MT3 for 90232 not found
MT  3 20 for 90232 not found
Create input file for pfns for k= 42 and energy number 19 (out of 50)
MT3 for 90232 not found
MT  3 19 for 90232 not found
MT3 for 90232 not found
MT  3 20 for 90232 not found
Create input file for pfns for k= 43 and energy number 19 (out of 50)
MT3 for 90232 not found
MT  3 19 for 90232 not found
MT3 for 90232 not found
MT  3 20 for 90232 not found
Create input file for pfns for k= 44 and energy number 19 (out of 50)
MT3 for 90232 not found
MT  3 19 for 90232 not found
MT3 for 90232 not found
MT  3 20 for 90232 not found
Create input file for pfns for k= 45 and energy number 19 (out of 50)
MT3 for 90232 not found
MT  3 19 for 90232 not found
MT3 for 90232 not found
MT  3 20 for 90232 not found
Create input file for pfns for k= 46 and energy number 19 (out of 50)
MT3 for 90232 not found
MT  3 19 for 90232 not found
MT3 for 90232 not found
MT  3 20 for 90232 not found
Create input file for pfns for k= 47 and energy number 19 (out of 50)
MT3 for 90232 not found
MT  3 19 for 90232 not found
MT3 for 90232 not found
MT  3 20 for 90232 not found
Create input file for pfns for k= 48 and energy number 19 (out of 50)
MT3 for 90232 not found
MT  3 19 for 90232 not found
MT3 for 90232 not found
MT  3 20 for 90232 not found
Create input file for pfns for k= 49 and energy number 19 (out of 50)
MT3 for 90232 not found
MT  3 19 for 90232 not found
MT3 for 90232 not found
MT  3 20 for 90232 not found
Create input file for pfns for k= 50 and energy number 19 (out of 50)
MT3 for 90232 not found
MT  3 19 for 90232 not found
MT3 for 90232 not found
MT  3 20 for 90232 not found
Create input file for pfns for k= 51 and energy number 19 (out of 50)
MT3 for 90232 not found
MT  3 19 for 90232 not found
MT3 for 90232 not found
MT  3 20 for 90232 not found
Create input file for pfns for k= 52 and energy number 19 (out of 50)
MT3 for 90232 not found
MT  3 19 for 90232 not found
MT3 for 90232 not found
MT  3 20 for 90232 not found
Create input file for pfns for k= 53 and energy number 19 (out of 50)
MT3 for 90232 not found
MT  3 19 for 90232 not found
MT3 for 90232 not found
MT  3 20 for 90232 not found
Create input file for pfns for k= 54 and energy number 19 (out of 50)
MT3 for 90232 not found
MT  3 19 for 90232 not found
MT3 for 90232 not found
MT  3 20 for 90232 not found
Create input file for pfns for k= 55 and energy number 19 (out of 50)
MT3 for 90232 not found
MT  3 19 for 90232 not found
MT3 for 90232 not found
MT  3 20 for 90232 not found
Create input file for pfns for k= 56 and energy number 19 (out of 50)
MT3 for 90232 not found
MT  3 19 for 90232 not found
MT3 for 90232 not found
MT  3 20 for 90232 not found
Create input file for pfns for k= 57 and energy number 19 (out of 50)
MT3 for 90232 not found
MT  3 19 for 90232 not found
MT3 for 90232 not found
MT  3 20 for 90232 not found
Create input file for pfns for k= 58 and energy number 19 (out of 50)
MT3 for 90232 not found
MT  3 19 for 90232 not found
MT3 for 90232 not found
MT  3 20 for 90232 not found
Create input file for pfns for k= 59 and energy number 19 (out of 50)
MT3 for 90232 not found
MT  3 19 for 90232 not found
MT3 for 90232 not found
MT  3 20 for 90232 not found
Create input file for pfns for k= 60 and energy number 19 (out of 50)
MT3 for 90232 not found
MT  3 19 for 90232 not found
MT3 for 90232 not found
MT  3 20 for 90232 not found
Create input file for pfns for k= 61 and energy number 19 (out of 50)
MT3 for 90232 not found
MT  3 19 for 90232 not found
MT3 for 90232 not found
MT  3 20 for 90232 not found
Create input file for pfns for k= 62 and energy number 19 (out of 50)
MT3 for 90232 not found
MT  3 19 for 90232 not found
MT3 for 90232 not found
MT  3 20 for 90232 not found
Create input file for pfns for k= 63 and energy number 19 (out of 50)
MT3 for 90232 not found
MT  3 19 for 90232 not found
MT3 for 90232 not found
MT  3 20 for 90232 not found
Create input file for pfns for k= 64 and energy number 19 (out of 50)
MT3 for 90232 not found
MT  3 19 for 90232 not found
MT3 for 90232 not found
MT  3 20 for 90232 not found
Create input file for pfns for k= 65 and energy number 19 (out of 50)
MT3 for 90232 not found
MT  3 19 for 90232 not found
MT3 for 90232 not found
MT  3 20 for 90232 not found
Create input file for pfns for k= 66 and energy number 19 (out of 50)
MT3 for 90232 not found
MT  3 19 for 90232 not found
MT3 for 90232 not found
MT  3 20 for 90232 not found
Create input file for pfns for k= 67 and energy number 19 (out of 50)
MT3 for 90232 not found
MT  3 19 for 90232 not found
MT3 for 90232 not found
MT  3 20 for 90232 not found
Create input file for pfns for k= 68 and energy number 19 (out of 50)
MT3 for 90232 not found
MT  3 19 for 90232 not found
MT3 for 90232 not found
MT  3 20 for 90232 not found
Create input file for pfns for k= 69 and energy number 19 (out of 50)
MT3 for 90232 not found
MT  3 19 for 90232 not found
MT3 for 90232 not found
MT  3 20 for 90232 not found
Create input file for pfns for k= 70 and energy number 19 (out of 50)
MT3 for 90232 not found
MT  3 19 for 90232 not found
MT3 for 90232 not found
MT  3 20 for 90232 not found
Create input file for pfns for k= 71 and energy number 19 (out of 50)
MT3 for 90232 not found
MT  3 19 for 90232 not found
MT3 for 90232 not found
MT  3 20 for 90232 not found
Create input file for pfns for k= 72 and energy number 19 (out of 50)
MT3 for 90232 not found
MT  3 19 for 90232 not found
MT3 for 90232 not found
MT  3 20 for 90232 not found
Create input file for pfns for k= 73 and energy number 19 (out of 50)
MT3 for 90232 not found
MT  3 19 for 90232 not found
MT3 for 90232 not found
MT  3 20 for 90232 not found
Create input file for pfns for k= 74 and energy number 19 (out of 50)
MT3 for 90232 not found
MT  3 19 for 90232 not found
MT3 for 90232 not found
MT  3 20 for 90232 not found
Create input file for pfns for k= 75 and energy number 19 (out of 50)
MT3 for 90232 not found
MT  3 19 for 90232 not found
MT3 for 90232 not found
MT  3 20 for 90232 not found
Create input file for pfns for k= 76 and energy number 19 (out of 50)
MT3 for 90232 not found
MT  3 19 for 90232 not found
MT3 for 90232 not found
MT  3 20 for 90232 not found
Create input file for pfns for k= 77 and energy number 19 (out of 50)
MT3 for 90232 not found
MT  3 19 for 90232 not found
MT3 for 90232 not found
MT  3 20 for 90232 not found
Create input file for pfns for k= 78 and energy number 19 (out of 50)
MT3 for 90232 not found
MT  3 19 for 90232 not found
MT3 for 90232 not found
MT  3 20 for 90232 not found
Create input file for pfns for k= 79 and energy number 19 (out of 50)
MT3 for 90232 not found
MT  3 19 for 90232 not found
MT3 for 90232 not found
MT  3 20 for 90232 not found
Create input file for pfns for k= 80 and energy number 19 (out of 50)
MT3 for 90232 not found
MT  3 19 for 90232 not found
MT3 for 90232 not found
MT  3 20 for 90232 not found
Create input file for pfns for k= 81 and energy number 19 (out of 50)
MT3 for 90232 not found
MT  3 19 for 90232 not found
MT3 for 90232 not found
MT  3 20 for 90232 not found
Create input file for pfns for k= 82 and energy number 19 (out of 50)
MT3 for 90232 not found
MT  3 19 for 90232 not found
MT3 for 90232 not found
MT  3 20 for 90232 not found
Create input file for pfns for k= 83 and energy number 19 (out of 50)
MT3 for 90232 not found
MT  3 19 for 90232 not found
MT3 for 90232 not found
MT  3 20 for 90232 not found
Create input file for pfns for k= 84 and energy number 19 (out of 50)
MT3 for 90232 not found
MT  3 19 for 90232 not found
MT3 for 90232 not found
MT  3 20 for 90232 not found
Create input file for pfns for k= 85 and energy number 19 (out of 50)
MT3 for 90232 not found
MT  3 19 for 90232 not found
MT3 for 90232 not found
MT  3 20 for 90232 not found
Create input file for pfns for k= 86 and energy number 19 (out of 50)
MT3 for 90232 not found
MT  3 19 for 90232 not found
MT3 for 90232 not found
MT  3 20 for 90232 not found
Create input file for pfns for k= 87 and energy number 19 (out of 50)
MT3 for 90232 not found
MT  3 19 for 90232 not found
MT3 for 90232 not found
MT  3 20 for 90232 not found
Create input file for pfns for k= 88 and energy number 19 (out of 50)
MT3 for 90232 not found
MT  3 19 for 90232 not found
MT3 for 90232 not found
MT  3 20 for 90232 not found
Create input file for pfns for k= 89 and energy number 19 (out of 50)
MT3 for 90232 not found
MT  3 19 for 90232 not found
MT3 for 90232 not found
MT  3 20 for 90232 not found
Create input file for pfns for k= 90 and energy number 19 (out of 50)
MT3 for 90232 not found
MT  3 19 for 90232 not found
MT3 for 90232 not found
MT  3 20 for 90232 not found
Create input file for pfns for k= 91 and energy number 19 (out of 50)
MT3 for 90232 not found
MT  3 19 for 90232 not found
MT3 for 90232 not found
MT  3 20 for 90232 not found
Create input file for pfns for k= 92 and energy number 19 (out of 50)
MT3 for 90232 not found
MT  3 19 for 90232 not found
MT3 for 90232 not found
MT  3 20 for 90232 not found
Create input file for pfns for k= 93 and energy number 19 (out of 50)
MT3 for 90232 not found
MT  3 19 for 90232 not found
MT3 for 90232 not found
MT  3 20 for 90232 not found
Create input file for pfns for k= 94 and energy number 19 (out of 50)
MT3 for 90232 not found
MT  3 19 for 90232 not found
MT3 for 90232 not found
MT  3 20 for 90232 not found
Create input file for pfns for k= 95 and energy number 19 (out of 50)
MT3 for 90232 not found
MT  3 19 for 90232 not found
MT3 for 90232 not found
MT  3 20 for 90232 not found
Create input file for pfns for k= 96 and energy number 19 (out of 50)
MT3 for 90232 not found
MT  3 19 for 90232 not found
MT3 for 90232 not found
MT  3 20 for 90232 not found
Create input file for pfns for k= 97 and energy number 19 (out of 50)
MT3 for 90232 not found
MT  3 19 for 90232 not found
MT3 for 90232 not found
MT  3 20 for 90232 not found
Create input file for pfns for k= 98 and energy number 19 (out of 50)
MT3 for 90232 not found
MT  3 19 for 90232 not found
MT3 for 90232 not found
MT  3 20 for 90232 not found
Create input file for pfns for k= 99 and energy number 19 (out of 50)
MT3 for 90232 not found
MT  3 19 for 90232 not found
MT3 for 90232 not found
MT  3 20 for 90232 not found
Create input file for pfns for k= 100 and energy number 19 (out of 50)
MT3 for 90232 not found
MT  3 19 for 90232 not found
MT3 for 90232 not found
MT  3 20 for 90232 not found
Create input file for pfns for k= 0 and energy number 20 (out of 50)
MT3 for 90232 not found
MT  3 19 for 90232 not found
MT3 for 90232 not found
MT  3 20 for 90232 not found
Create input file for pfns for k= 1 and energy number 20 (out of 50)
MT3 for 90232 not found
MT  3 19 for 90232 not found
MT3 for 90232 not found
MT  3 20 for 90232 not found
Create input file for pfns for k= 2 and energy number 20 (out of 50)
MT3 for 90232 not found
MT  3 19 for 90232 not found
MT3 for 90232 not found
MT  3 20 for 90232 not found
Create input file for pfns for k= 3 and energy number 20 (out of 50)
MT3 for 90232 not found
MT  3 19 for 90232 not found
MT3 for 90232 not found
MT  3 20 for 90232 not found
Create input file for pfns for k= 4 and energy number 20 (out of 50)
MT3 for 90232 not found
MT  3 19 for 90232 not found
MT3 for 90232 not found
MT  3 20 for 90232 not found
Create input file for pfns for k= 5 and energy number 20 (out of 50)
MT3 for 90232 not found
MT  3 19 for 90232 not found
MT3 for 90232 not found
MT  3 20 for 90232 not found
Create input file for pfns for k= 6 and energy number 20 (out of 50)
MT3 for 90232 not found
MT  3 19 for 90232 not found
MT3 for 90232 not found
MT  3 20 for 90232 not found
Create input file for pfns for k= 7 and energy number 20 (out of 50)
MT3 for 90232 not found
MT  3 19 for 90232 not found
MT3 for 90232 not found
MT  3 20 for 90232 not found
Create input file for pfns for k= 8 and energy number 20 (out of 50)
MT3 for 90232 not found
MT  3 19 for 90232 not found
MT3 for 90232 not found
MT  3 20 for 90232 not found
Create input file for pfns for k= 9 and energy number 20 (out of 50)
MT3 for 90232 not found
MT  3 19 for 90232 not found
MT3 for 90232 not found
MT  3 20 for 90232 not found
Create input file for pfns for k= 10 and energy number 20 (out of 50)
MT3 for 90232 not found
MT  3 19 for 90232 not found
MT3 for 90232 not found
MT  3 20 for 90232 not found
Create input file for pfns for k= 11 and energy number 20 (out of 50)
MT3 for 90232 not found
MT  3 19 for 90232 not found
MT3 for 90232 not found
MT  3 20 for 90232 not found
Create input file for pfns for k= 12 and energy number 20 (out of 50)
MT3 for 90232 not found
MT  3 19 for 90232 not found
MT3 for 90232 not found
MT  3 20 for 90232 not found
Create input file for pfns for k= 13 and energy number 20 (out of 50)
MT3 for 90232 not found
MT  3 19 for 90232 not found
MT3 for 90232 not found
MT  3 20 for 90232 not found
Create input file for pfns for k= 14 and energy number 20 (out of 50)
MT3 for 90232 not found
MT  3 19 for 90232 not found
MT3 for 90232 not found
MT  3 20 for 90232 not found
Create input file for pfns for k= 15 and energy number 20 (out of 50)
MT3 for 90232 not found
MT  3 19 for 90232 not found
MT3 for 90232 not found
MT  3 20 for 90232 not found
Create input file for pfns for k= 16 and energy number 20 (out of 50)
MT3 for 90232 not found
MT  3 19 for 90232 not found
MT3 for 90232 not found
MT  3 20 for 90232 not found
Create input file for pfns for k= 17 and energy number 20 (out of 50)
MT3 for 90232 not found
MT  3 19 for 90232 not found
MT3 for 90232 not found
MT  3 20 for 90232 not found
Create input file for pfns for k= 18 and energy number 20 (out of 50)
MT3 for 90232 not found
MT  3 19 for 90232 not found
MT3 for 90232 not found
MT  3 20 for 90232 not found
Create input file for pfns for k= 19 and energy number 20 (out of 50)
MT3 for 90232 not found
MT  3 19 for 90232 not found
MT3 for 90232 not found
MT  3 20 for 90232 not found
Create input file for pfns for k= 20 and energy number 20 (out of 50)
MT3 for 90232 not found
MT  3 19 for 90232 not found
MT3 for 90232 not found
MT  3 20 for 90232 not found
Create input file for pfns for k= 21 and energy number 20 (out of 50)
MT3 for 90232 not found
MT  3 19 for 90232 not found
MT3 for 90232 not found
MT  3 20 for 90232 not found
Create input file for pfns for k= 22 and energy number 20 (out of 50)
MT3 for 90232 not found
MT  3 19 for 90232 not found
MT3 for 90232 not found
MT  3 20 for 90232 not found
Create input file for pfns for k= 23 and energy number 20 (out of 50)
MT3 for 90232 not found
MT  3 19 for 90232 not found
MT3 for 90232 not found
MT  3 20 for 90232 not found
Create input file for pfns for k= 24 and energy number 20 (out of 50)
MT3 for 90232 not found
MT  3 19 for 90232 not found
MT3 for 90232 not found
MT  3 20 for 90232 not found
Create input file for pfns for k= 25 and energy number 20 (out of 50)
MT3 for 90232 not found
MT  3 19 for 90232 not found
MT3 for 90232 not found
MT  3 20 for 90232 not found
Create input file for pfns for k= 26 and energy number 20 (out of 50)
MT3 for 90232 not found
MT  3 19 for 90232 not found
MT3 for 90232 not found
MT  3 20 for 90232 not found
Create input file for pfns for k= 27 and energy number 20 (out of 50)
MT3 for 90232 not found
MT  3 19 for 90232 not found
MT3 for 90232 not found
MT  3 20 for 90232 not found
Create input file for pfns for k= 28 and energy number 20 (out of 50)
MT3 for 90232 not found
MT  3 19 for 90232 not found
MT3 for 90232 not found
MT  3 20 for 90232 not found
Create input file for pfns for k= 29 and energy number 20 (out of 50)
MT3 for 90232 not found
MT  3 19 for 90232 not found
MT3 for 90232 not found
MT  3 20 for 90232 not found
Create input file for pfns for k= 30 and energy number 20 (out of 50)
MT3 for 90232 not found
MT  3 19 for 90232 not found
MT3 for 90232 not found
MT  3 20 for 90232 not found
Create input file for pfns for k= 31 and energy number 20 (out of 50)
MT3 for 90232 not found
MT  3 19 for 90232 not found
MT3 for 90232 not found
MT  3 20 for 90232 not found
Create input file for pfns for k= 32 and energy number 20 (out of 50)
MT3 for 90232 not found
MT  3 19 for 90232 not found
MT3 for 90232 not found
MT  3 20 for 90232 not found
Create input file for pfns for k= 33 and energy number 20 (out of 50)
MT3 for 90232 not found
MT  3 19 for 90232 not found
MT3 for 90232 not found
MT  3 20 for 90232 not found
Create input file for pfns for k= 34 and energy number 20 (out of 50)
MT3 for 90232 not found
MT  3 19 for 90232 not found
MT3 for 90232 not found
MT  3 20 for 90232 not found
Create input file for pfns for k= 35 and energy number 20 (out of 50)
MT3 for 90232 not found
MT  3 19 for 90232 not found
MT3 for 90232 not found
MT  3 20 for 90232 not found
Create input file for pfns for k= 36 and energy number 20 (out of 50)
MT3 for 90232 not found
MT  3 19 for 90232 not found
MT3 for 90232 not found
MT  3 20 for 90232 not found
Create input file for pfns for k= 37 and energy number 20 (out of 50)
MT3 for 90232 not found
MT  3 19 for 90232 not found
MT3 for 90232 not found
MT  3 20 for 90232 not found
Create input file for pfns for k= 38 and energy number 20 (out of 50)
MT3 for 90232 not found
MT  3 19 for 90232 not found
MT3 for 90232 not found
MT  3 20 for 90232 not found
Create input file for pfns for k= 39 and energy number 20 (out of 50)
MT3 for 90232 not found
MT  3 19 for 90232 not found
MT3 for 90232 not found
MT  3 20 for 90232 not found
Create input file for pfns for k= 40 and energy number 20 (out of 50)
MT3 for 90232 not found
MT  3 19 for 90232 not found
MT3 for 90232 not found
MT  3 20 for 90232 not found
Create input file for pfns for k= 41 and energy number 20 (out of 50)
MT3 for 90232 not found
MT  3 19 for 90232 not found
MT3 for 90232 not found
MT  3 20 for 90232 not found
Create input file for pfns for k= 42 and energy number 20 (out of 50)
MT3 for 90232 not found
MT  3 19 for 90232 not found
MT3 for 90232 not found
MT  3 20 for 90232 not found
Create input file for pfns for k= 43 and energy number 20 (out of 50)
MT3 for 90232 not found
MT  3 19 for 90232 not found
MT3 for 90232 not found
MT  3 20 for 90232 not found
Create input file for pfns for k= 44 and energy number 20 (out of 50)
MT3 for 90232 not found
MT  3 19 for 90232 not found
MT3 for 90232 not found
MT  3 20 for 90232 not found
Create input file for pfns for k= 45 and energy number 20 (out of 50)
MT3 for 90232 not found
MT  3 19 for 90232 not found
MT3 for 90232 not found
MT  3 20 for 90232 not found
Create input file for pfns for k= 46 and energy number 20 (out of 50)
MT3 for 90232 not found
MT  3 19 for 90232 not found
MT3 for 90232 not found
MT  3 20 for 90232 not found
Create input file for pfns for k= 47 and energy number 20 (out of 50)
MT3 for 90232 not found
MT  3 19 for 90232 not found
MT3 for 90232 not found
MT  3 20 for 90232 not found
Create input file for pfns for k= 48 and energy number 20 (out of 50)
MT3 for 90232 not found
MT  3 19 for 90232 not found
MT3 for 90232 not found
MT  3 20 for 90232 not found
Create input file for pfns for k= 49 and energy number 20 (out of 50)
MT3 for 90232 not found
MT  3 19 for 90232 not found
MT3 for 90232 not found
MT  3 20 for 90232 not found
Create input file for pfns for k= 50 and energy number 20 (out of 50)
MT3 for 90232 not found
MT  3 19 for 90232 not found
MT3 for 90232 not found
MT  3 20 for 90232 not found
Create input file for pfns for k= 51 and energy number 20 (out of 50)
MT3 for 90232 not found
MT  3 19 for 90232 not found
MT3 for 90232 not found
MT  3 20 for 90232 not found
Create input file for pfns for k= 52 and energy number 20 (out of 50)
MT3 for 90232 not found
MT  3 19 for 90232 not found
MT3 for 90232 not found
MT  3 20 for 90232 not found
Create input file for pfns for k= 53 and energy number 20 (out of 50)
MT3 for 90232 not found
MT  3 19 for 90232 not found
MT3 for 90232 not found
MT  3 20 for 90232 not found
Create input file for pfns for k= 54 and energy number 20 (out of 50)
MT3 for 90232 not found
MT  3 19 for 90232 not found
MT3 for 90232 not found
MT  3 20 for 90232 not found
Create input file for pfns for k= 55 and energy number 20 (out of 50)
MT3 for 90232 not found
MT  3 19 for 90232 not found
MT3 for 90232 not found
MT  3 20 for 90232 not found
Create input file for pfns for k= 56 and energy number 20 (out of 50)
MT3 for 90232 not found
MT  3 19 for 90232 not found
MT3 for 90232 not found
MT  3 20 for 90232 not found
Create input file for pfns for k= 57 and energy number 20 (out of 50)
MT3 for 90232 not found
MT  3 19 for 90232 not found
MT3 for 90232 not found
MT  3 20 for 90232 not found
Create input file for pfns for k= 58 and energy number 20 (out of 50)
MT3 for 90232 not found
MT  3 19 for 90232 not found
MT3 for 90232 not found
MT  3 20 for 90232 not found
Create input file for pfns for k= 59 and energy number 20 (out of 50)
MT3 for 90232 not found
MT  3 19 for 90232 not found
MT3 for 90232 not found
MT  3 20 for 90232 not found
Create input file for pfns for k= 60 and energy number 20 (out of 50)
MT3 for 90232 not found
MT  3 19 for 90232 not found
MT3 for 90232 not found
MT  3 20 for 90232 not found
Create input file for pfns for k= 61 and energy number 20 (out of 50)
MT3 for 90232 not found
MT  3 19 for 90232 not found
MT3 for 90232 not found
MT  3 20 for 90232 not found
Create input file for pfns for k= 62 and energy number 20 (out of 50)
MT3 for 90232 not found
MT  3 19 for 90232 not found
MT3 for 90232 not found
MT  3 20 for 90232 not found
Create input file for pfns for k= 63 and energy number 20 (out of 50)
MT3 for 90232 not found
MT  3 19 for 90232 not found
MT3 for 90232 not found
MT  3 20 for 90232 not found
Create input file for pfns for k= 64 and energy number 20 (out of 50)
MT3 for 90232 not found
MT  3 19 for 90232 not found
MT3 for 90232 not found
MT  3 20 for 90232 not found
Create input file for pfns for k= 65 and energy number 20 (out of 50)
MT3 for 90232 not found
MT  3 19 for 90232 not found
MT3 for 90232 not found
MT  3 20 for 90232 not found
Create input file for pfns for k= 66 and energy number 20 (out of 50)
MT3 for 90232 not found
MT  3 19 for 90232 not found
MT3 for 90232 not found
MT  3 20 for 90232 not found
Create input file for pfns for k= 67 and energy number 20 (out of 50)
MT3 for 90232 not found
MT  3 19 for 90232 not found
MT3 for 90232 not found
MT  3 20 for 90232 not found
Create input file for pfns for k= 68 and energy number 20 (out of 50)
MT3 for 90232 not found
MT  3 19 for 90232 not found
MT3 for 90232 not found
MT  3 20 for 90232 not found
Create input file for pfns for k= 69 and energy number 20 (out of 50)
MT3 for 90232 not found
MT  3 19 for 90232 not found
MT3 for 90232 not found
MT  3 20 for 90232 not found
Create input file for pfns for k= 70 and energy number 20 (out of 50)
MT3 for 90232 not found
MT  3 19 for 90232 not found
MT3 for 90232 not found
MT  3 20 for 90232 not found
Create input file for pfns for k= 71 and energy number 20 (out of 50)
MT3 for 90232 not found
MT  3 19 for 90232 not found
MT3 for 90232 not found
MT  3 20 for 90232 not found
Create input file for pfns for k= 72 and energy number 20 (out of 50)
MT3 for 90232 not found
MT  3 19 for 90232 not found
MT3 for 90232 not found
MT  3 20 for 90232 not found
Create input file for pfns for k= 73 and energy number 20 (out of 50)
MT3 for 90232 not found
MT  3 19 for 90232 not found
MT3 for 90232 not found
MT  3 20 for 90232 not found
Create input file for pfns for k= 74 and energy number 20 (out of 50)
MT3 for 90232 not found
MT  3 19 for 90232 not found
MT3 for 90232 not found
MT  3 20 for 90232 not found
Create input file for pfns for k= 75 and energy number 20 (out of 50)
MT3 for 90232 not found
MT  3 19 for 90232 not found
MT3 for 90232 not found
MT  3 20 for 90232 not found
Create input file for pfns for k= 76 and energy number 20 (out of 50)
MT3 for 90232 not found
MT  3 19 for 90232 not found
MT3 for 90232 not found
MT  3 20 for 90232 not found
Create input file for pfns for k= 77 and energy number 20 (out of 50)
MT3 for 90232 not found
MT  3 19 for 90232 not found
MT3 for 90232 not found
MT  3 20 for 90232 not found
Create input file for pfns for k= 78 and energy number 20 (out of 50)
MT3 for 90232 not found
MT  3 19 for 90232 not found
MT3 for 90232 not found
MT  3 20 for 90232 not found
Create input file for pfns for k= 79 and energy number 20 (out of 50)
MT3 for 90232 not found
MT  3 19 for 90232 not found
MT3 for 90232 not found
MT  3 20 for 90232 not found
Create input file for pfns for k= 80 and energy number 20 (out of 50)
MT3 for 90232 not found
MT  3 19 for 90232 not found
MT3 for 90232 not found
MT  3 20 for 90232 not found
Create input file for pfns for k= 81 and energy number 20 (out of 50)
MT3 for 90232 not found
MT  3 19 for 90232 not found
MT3 for 90232 not found
MT  3 20 for 90232 not found
Create input file for pfns for k= 82 and energy number 20 (out of 50)
MT3 for 90232 not found
MT  3 19 for 90232 not found
MT3 for 90232 not found
MT  3 20 for 90232 not found
Create input file for pfns for k= 83 and energy number 20 (out of 50)
MT3 for 90232 not found
MT  3 19 for 90232 not found
MT3 for 90232 not found
MT  3 20 for 90232 not found
Create input file for pfns for k= 84 and energy number 20 (out of 50)
MT3 for 90232 not found
MT  3 19 for 90232 not found
MT3 for 90232 not found
MT  3 20 for 90232 not found
Create input file for pfns for k= 85 and energy number 20 (out of 50)
MT3 for 90232 not found
MT  3 19 for 90232 not found
MT3 for 90232 not found
MT  3 20 for 90232 not found
Create input file for pfns for k= 86 and energy number 20 (out of 50)
MT3 for 90232 not found
MT  3 19 for 90232 not found
MT3 for 90232 not found
MT  3 20 for 90232 not found
Create input file for pfns for k= 87 and energy number 20 (out of 50)
MT3 for 90232 not found
MT  3 19 for 90232 not found
MT3 for 90232 not found
MT  3 20 for 90232 not found
Create input file for pfns for k= 88 and energy number 20 (out of 50)
MT3 for 90232 not found
MT  3 19 for 90232 not found
MT3 for 90232 not found
MT  3 20 for 90232 not found
Create input file for pfns for k= 89 and energy number 20 (out of 50)
MT3 for 90232 not found
MT  3 19 for 90232 not found
MT3 for 90232 not found
MT  3 20 for 90232 not found
Create input file for pfns for k= 90 and energy number 20 (out of 50)
MT3 for 90232 not found
MT  3 19 for 90232 not found
MT3 for 90232 not found
MT  3 20 for 90232 not found
Create input file for pfns for k= 91 and energy number 20 (out of 50)
MT3 for 90232 not found
MT  3 19 for 90232 not found
MT3 for 90232 not found
MT  3 20 for 90232 not found
Create input file for pfns for k= 92 and energy number 20 (out of 50)
MT3 for 90232 not found
MT  3 19 for 90232 not found
MT3 for 90232 not found
MT  3 20 for 90232 not found
Create input file for pfns for k= 93 and energy number 20 (out of 50)
MT3 for 90232 not found
MT  3 19 for 90232 not found
MT3 for 90232 not found
MT  3 20 for 90232 not found
Create input file for pfns for k= 94 and energy number 20 (out of 50)
MT3 for 90232 not found
MT  3 19 for 90232 not found
MT3 for 90232 not found
MT  3 20 for 90232 not found
Create input file for pfns for k= 95 and energy number 20 (out of 50)
MT3 for 90232 not found
MT  3 19 for 90232 not found
MT3 for 90232 not found
MT  3 20 for 90232 not found
Create input file for pfns for k= 96 and energy number 20 (out of 50)
MT3 for 90232 not found
MT  3 19 for 90232 not found
MT3 for 90232 not found
MT  3 20 for 90232 not found
Create input file for pfns for k= 97 and energy number 20 (out of 50)
MT3 for 90232 not found
MT  3 19 for 90232 not found
MT3 for 90232 not found
MT  3 20 for 90232 not found
Create input file for pfns for k= 98 and energy number 20 (out of 50)
MT3 for 90232 not found
MT  3 19 for 90232 not found
MT3 for 90232 not found
MT  3 20 for 90232 not found
Create input file for pfns for k= 99 and energy number 20 (out of 50)
MT3 for 90232 not found
MT  3 19 for 90232 not found
MT3 for 90232 not found
MT  3 20 for 90232 not found
Create input file for pfns for k= 100 and energy number 20 (out of 50)
MT3 for 90232 not found
MT  3 19 for 90232 not found
MT3 for 90232 not found
MT  3 20 for 90232 not found
Create input file for pfns for k= 0 and energy number 21 (out of 50)
MT3 for 90232 not found
MT  3 19 for 90232 not found
MT3 for 90232 not found
MT  3 20 for 90232 not found
Create input file for pfns for k= 1 and energy number 21 (out of 50)
MT3 for 90232 not found
MT  3 19 for 90232 not found
MT3 for 90232 not found
MT  3 20 for 90232 not found
Create input file for pfns for k= 2 and energy number 21 (out of 50)
MT3 for 90232 not found
MT  3 19 for 90232 not found
MT3 for 90232 not found
MT  3 20 for 90232 not found
Create input file for pfns for k= 3 and energy number 21 (out of 50)
MT3 for 90232 not found
MT  3 19 for 90232 not found
MT3 for 90232 not found
MT  3 20 for 90232 not found
Create input file for pfns for k= 4 and energy number 21 (out of 50)
MT3 for 90232 not found
MT  3 19 for 90232 not found
MT3 for 90232 not found
MT  3 20 for 90232 not found
Create input file for pfns for k= 5 and energy number 21 (out of 50)
MT3 for 90232 not found
MT  3 19 for 90232 not found
MT3 for 90232 not found
MT  3 20 for 90232 not found
Create input file for pfns for k= 6 and energy number 21 (out of 50)
MT3 for 90232 not found
MT  3 19 for 90232 not found
MT3 for 90232 not found
MT  3 20 for 90232 not found
Create input file for pfns for k= 7 and energy number 21 (out of 50)
MT3 for 90232 not found
MT  3 19 for 90232 not found
MT3 for 90232 not found
MT  3 20 for 90232 not found
Create input file for pfns for k= 8 and energy number 21 (out of 50)
MT3 for 90232 not found
MT  3 19 for 90232 not found
MT3 for 90232 not found
MT  3 20 for 90232 not found
Create input file for pfns for k= 9 and energy number 21 (out of 50)
MT3 for 90232 not found
MT  3 19 for 90232 not found
MT3 for 90232 not found
MT  3 20 for 90232 not found
Create input file for pfns for k= 10 and energy number 21 (out of 50)
MT3 for 90232 not found
MT  3 19 for 90232 not found
MT3 for 90232 not found
MT  3 20 for 90232 not found
Create input file for pfns for k= 11 and energy number 21 (out of 50)
MT3 for 90232 not found
MT  3 19 for 90232 not found
MT3 for 90232 not found
MT  3 20 for 90232 not found
Create input file for pfns for k= 12 and energy number 21 (out of 50)
MT3 for 90232 not found
MT  3 19 for 90232 not found
MT3 for 90232 not found
MT  3 20 for 90232 not found
Create input file for pfns for k= 13 and energy number 21 (out of 50)
MT3 for 90232 not found
MT  3 19 for 90232 not found
MT3 for 90232 not found
MT  3 20 for 90232 not found
Create input file for pfns for k= 14 and energy number 21 (out of 50)
MT3 for 90232 not found
MT  3 19 for 90232 not found
MT3 for 90232 not found
MT  3 20 for 90232 not found
Create input file for pfns for k= 15 and energy number 21 (out of 50)
MT3 for 90232 not found
MT  3 19 for 90232 not found
MT3 for 90232 not found
MT  3 20 for 90232 not found
Create input file for pfns for k= 16 and energy number 21 (out of 50)
MT3 for 90232 not found
MT  3 19 for 90232 not found
MT3 for 90232 not found
MT  3 20 for 90232 not found
Create input file for pfns for k= 17 and energy number 21 (out of 50)
MT3 for 90232 not found
MT  3 19 for 90232 not found
MT3 for 90232 not found
MT  3 20 for 90232 not found
Create input file for pfns for k= 18 and energy number 21 (out of 50)
MT3 for 90232 not found
MT  3 19 for 90232 not found
MT3 for 90232 not found
MT  3 20 for 90232 not found
Create input file for pfns for k= 19 and energy number 21 (out of 50)
MT3 for 90232 not found
MT  3 19 for 90232 not found
MT3 for 90232 not found
MT  3 20 for 90232 not found
Create input file for pfns for k= 20 and energy number 21 (out of 50)
MT3 for 90232 not found
MT  3 19 for 90232 not found
MT3 for 90232 not found
MT  3 20 for 90232 not found
Create input file for pfns for k= 21 and energy number 21 (out of 50)
MT3 for 90232 not found
MT  3 19 for 90232 not found
MT3 for 90232 not found
MT  3 20 for 90232 not found
Create input file for pfns for k= 22 and energy number 21 (out of 50)
MT3 for 90232 not found
MT  3 19 for 90232 not found
MT3 for 90232 not found
MT  3 20 for 90232 not found
Create input file for pfns for k= 23 and energy number 21 (out of 50)
MT3 for 90232 not found
MT  3 19 for 90232 not found
MT3 for 90232 not found
MT  3 20 for 90232 not found
Create input file for pfns for k= 24 and energy number 21 (out of 50)
MT3 for 90232 not found
MT  3 19 for 90232 not found
MT3 for 90232 not found
MT  3 20 for 90232 not found
Create input file for pfns for k= 25 and energy number 21 (out of 50)
MT3 for 90232 not found
MT  3 19 for 90232 not found
MT3 for 90232 not found
MT  3 20 for 90232 not found
Create input file for pfns for k= 26 and energy number 21 (out of 50)
MT3 for 90232 not found
MT  3 19 for 90232 not found
MT3 for 90232 not found
MT  3 20 for 90232 not found
Create input file for pfns for k= 27 and energy number 21 (out of 50)
MT3 for 90232 not found
MT  3 19 for 90232 not found
MT3 for 90232 not found
MT  3 20 for 90232 not found
Create input file for pfns for k= 28 and energy number 21 (out of 50)
MT3 for 90232 not found
MT  3 19 for 90232 not found
MT3 for 90232 not found
MT  3 20 for 90232 not found
Create input file for pfns for k= 29 and energy number 21 (out of 50)
MT3 for 90232 not found
MT  3 19 for 90232 not found
MT3 for 90232 not found
MT  3 20 for 90232 not found
Create input file for pfns for k= 30 and energy number 21 (out of 50)
MT3 for 90232 not found
MT  3 19 for 90232 not found
MT3 for 90232 not found
MT  3 20 for 90232 not found
Create input file for pfns for k= 31 and energy number 21 (out of 50)
MT3 for 90232 not found
MT  3 19 for 90232 not found
MT3 for 90232 not found
MT  3 20 for 90232 not found
Create input file for pfns for k= 32 and energy number 21 (out of 50)
MT3 for 90232 not found
MT  3 19 for 90232 not found
MT3 for 90232 not found
MT  3 20 for 90232 not found
Create input file for pfns for k= 33 and energy number 21 (out of 50)
MT3 for 90232 not found
MT  3 19 for 90232 not found
MT3 for 90232 not found
MT  3 20 for 90232 not found
Create input file for pfns for k= 34 and energy number 21 (out of 50)
MT3 for 90232 not found
MT  3 19 for 90232 not found
MT3 for 90232 not found
MT  3 20 for 90232 not found
Create input file for pfns for k= 35 and energy number 21 (out of 50)
MT3 for 90232 not found
MT  3 19 for 90232 not found
MT3 for 90232 not found
MT  3 20 for 90232 not found
Create input file for pfns for k= 36 and energy number 21 (out of 50)
MT3 for 90232 not found
MT  3 19 for 90232 not found
MT3 for 90232 not found
MT  3 20 for 90232 not found
Create input file for pfns for k= 37 and energy number 21 (out of 50)
MT3 for 90232 not found
MT  3 19 for 90232 not found
MT3 for 90232 not found
MT  3 20 for 90232 not found
Create input file for pfns for k= 38 and energy number 21 (out of 50)
MT3 for 90232 not found
MT  3 19 for 90232 not found
MT3 for 90232 not found
MT  3 20 for 90232 not found
Create input file for pfns for k= 39 and energy number 21 (out of 50)
MT3 for 90232 not found
MT  3 19 for 90232 not found
MT3 for 90232 not found
MT  3 20 for 90232 not found
Create input file for pfns for k= 40 and energy number 21 (out of 50)
MT3 for 90232 not found
MT  3 19 for 90232 not found
MT3 for 90232 not found
MT  3 20 for 90232 not found
Create input file for pfns for k= 41 and energy number 21 (out of 50)
MT3 for 90232 not found
MT  3 19 for 90232 not found
MT3 for 90232 not found
MT  3 20 for 90232 not found
Create input file for pfns for k= 42 and energy number 21 (out of 50)
MT3 for 90232 not found
MT  3 19 for 90232 not found
MT3 for 90232 not found
MT  3 20 for 90232 not found
Create input file for pfns for k= 43 and energy number 21 (out of 50)
MT3 for 90232 not found
MT  3 19 for 90232 not found
MT3 for 90232 not found
MT  3 20 for 90232 not found
Create input file for pfns for k= 44 and energy number 21 (out of 50)
MT3 for 90232 not found
MT  3 19 for 90232 not found
MT3 for 90232 not found
MT  3 20 for 90232 not found
Create input file for pfns for k= 45 and energy number 21 (out of 50)
MT3 for 90232 not found
MT  3 19 for 90232 not found
MT3 for 90232 not found
MT  3 20 for 90232 not found
Create input file for pfns for k= 46 and energy number 21 (out of 50)
MT3 for 90232 not found
MT  3 19 for 90232 not found
MT3 for 90232 not found
MT  3 20 for 90232 not found
Create input file for pfns for k= 47 and energy number 21 (out of 50)
MT3 for 90232 not found
MT  3 19 for 90232 not found
MT3 for 90232 not found
MT  3 20 for 90232 not found
Create input file for pfns for k= 48 and energy number 21 (out of 50)
MT3 for 90232 not found
MT  3 19 for 90232 not found
MT3 for 90232 not found
MT  3 20 for 90232 not found
Create input file for pfns for k= 49 and energy number 21 (out of 50)
MT3 for 90232 not found
MT  3 19 for 90232 not found
MT3 for 90232 not found
MT  3 20 for 90232 not found
Create input file for pfns for k= 50 and energy number 21 (out of 50)
MT3 for 90232 not found
MT  3 19 for 90232 not found
MT3 for 90232 not found
MT  3 20 for 90232 not found
Create input file for pfns for k= 51 and energy number 21 (out of 50)
MT3 for 90232 not found
MT  3 19 for 90232 not found
MT3 for 90232 not found
MT  3 20 for 90232 not found
Create input file for pfns for k= 52 and energy number 21 (out of 50)
MT3 for 90232 not found
MT  3 19 for 90232 not found
MT3 for 90232 not found
MT  3 20 for 90232 not found
Create input file for pfns for k= 53 and energy number 21 (out of 50)
MT3 for 90232 not found
MT  3 19 for 90232 not found
MT3 for 90232 not found
MT  3 20 for 90232 not found
Create input file for pfns for k= 54 and energy number 21 (out of 50)
MT3 for 90232 not found
MT  3 19 for 90232 not found
MT3 for 90232 not found
MT  3 20 for 90232 not found
Create input file for pfns for k= 55 and energy number 21 (out of 50)
MT3 for 90232 not found
MT  3 19 for 90232 not found
MT3 for 90232 not found
MT  3 20 for 90232 not found
Create input file for pfns for k= 56 and energy number 21 (out of 50)
MT3 for 90232 not found
MT  3 19 for 90232 not found
MT3 for 90232 not found
MT  3 20 for 90232 not found
Create input file for pfns for k= 57 and energy number 21 (out of 50)
MT3 for 90232 not found
MT  3 19 for 90232 not found
MT3 for 90232 not found
MT  3 20 for 90232 not found
Create input file for pfns for k= 58 and energy number 21 (out of 50)
MT3 for 90232 not found
MT  3 19 for 90232 not found
MT3 for 90232 not found
MT  3 20 for 90232 not found
Create input file for pfns for k= 59 and energy number 21 (out of 50)
MT3 for 90232 not found
MT  3 19 for 90232 not found
MT3 for 90232 not found
MT  3 20 for 90232 not found
Create input file for pfns for k= 60 and energy number 21 (out of 50)
MT3 for 90232 not found
MT  3 19 for 90232 not found
MT3 for 90232 not found
MT  3 20 for 90232 not found
Create input file for pfns for k= 61 and energy number 21 (out of 50)
MT3 for 90232 not found
MT  3 19 for 90232 not found
MT3 for 90232 not found
MT  3 20 for 90232 not found
Create input file for pfns for k= 62 and energy number 21 (out of 50)
MT3 for 90232 not found
MT  3 19 for 90232 not found
MT3 for 90232 not found
MT  3 20 for 90232 not found
Create input file for pfns for k= 63 and energy number 21 (out of 50)
MT3 for 90232 not found
MT  3 19 for 90232 not found
MT3 for 90232 not found
MT  3 20 for 90232 not found
Create input file for pfns for k= 64 and energy number 21 (out of 50)
MT3 for 90232 not found
MT  3 19 for 90232 not found
MT3 for 90232 not found
MT  3 20 for 90232 not found
Create input file for pfns for k= 65 and energy number 21 (out of 50)
MT3 for 90232 not found
MT  3 19 for 90232 not found
MT3 for 90232 not found
MT  3 20 for 90232 not found
Create input file for pfns for k= 66 and energy number 21 (out of 50)
MT3 for 90232 not found
MT  3 19 for 90232 not found
MT3 for 90232 not found
MT  3 20 for 90232 not found
Create input file for pfns for k= 67 and energy number 21 (out of 50)
MT3 for 90232 not found
MT  3 19 for 90232 not found
MT3 for 90232 not found
MT  3 20 for 90232 not found
Create input file for pfns for k= 68 and energy number 21 (out of 50)
MT3 for 90232 not found
MT  3 19 for 90232 not found
MT3 for 90232 not found
MT  3 20 for 90232 not found
Create input file for pfns for k= 69 and energy number 21 (out of 50)
MT3 for 90232 not found
MT  3 19 for 90232 not found
MT3 for 90232 not found
MT  3 20 for 90232 not found
Create input file for pfns for k= 70 and energy number 21 (out of 50)
MT3 for 90232 not found
MT  3 19 for 90232 not found
MT3 for 90232 not found
MT  3 20 for 90232 not found
Create input file for pfns for k= 71 and energy number 21 (out of 50)
MT3 for 90232 not found
MT  3 19 for 90232 not found
MT3 for 90232 not found
MT  3 20 for 90232 not found
Create input file for pfns for k= 72 and energy number 21 (out of 50)
MT3 for 90232 not found
MT  3 19 for 90232 not found
MT3 for 90232 not found
MT  3 20 for 90232 not found
Create input file for pfns for k= 73 and energy number 21 (out of 50)
MT3 for 90232 not found
MT  3 19 for 90232 not found
MT3 for 90232 not found
MT  3 20 for 90232 not found
Create input file for pfns for k= 74 and energy number 21 (out of 50)
MT3 for 90232 not found
MT  3 19 for 90232 not found
MT3 for 90232 not found
MT  3 20 for 90232 not found
Create input file for pfns for k= 75 and energy number 21 (out of 50)
MT3 for 90232 not found
MT  3 19 for 90232 not found
MT3 for 90232 not found
MT  3 20 for 90232 not found
Create input file for pfns for k= 76 and energy number 21 (out of 50)
MT3 for 90232 not found
MT  3 19 for 90232 not found
MT3 for 90232 not found
MT  3 20 for 90232 not found
Create input file for pfns for k= 77 and energy number 21 (out of 50)
MT3 for 90232 not found
MT  3 19 for 90232 not found
MT3 for 90232 not found
MT  3 20 for 90232 not found
Create input file for pfns for k= 78 and energy number 21 (out of 50)
MT3 for 90232 not found
MT  3 19 for 90232 not found
MT3 for 90232 not found
MT  3 20 for 90232 not found
Create input file for pfns for k= 79 and energy number 21 (out of 50)
MT3 for 90232 not found
MT  3 19 for 90232 not found
MT3 for 90232 not found
MT  3 20 for 90232 not found
Create input file for pfns for k= 80 and energy number 21 (out of 50)
MT3 for 90232 not found
MT  3 19 for 90232 not found
MT3 for 90232 not found
MT  3 20 for 90232 not found
Create input file for pfns for k= 81 and energy number 21 (out of 50)
MT3 for 90232 not found
MT  3 19 for 90232 not found
MT3 for 90232 not found
MT  3 20 for 90232 not found
Create input file for pfns for k= 82 and energy number 21 (out of 50)
MT3 for 90232 not found
MT  3 19 for 90232 not found
MT3 for 90232 not found
MT  3 20 for 90232 not found
Create input file for pfns for k= 83 and energy number 21 (out of 50)
MT3 for 90232 not found
MT  3 19 for 90232 not found
MT3 for 90232 not found
MT  3 20 for 90232 not found
Create input file for pfns for k= 84 and energy number 21 (out of 50)
MT3 for 90232 not found
MT  3 19 for 90232 not found
MT3 for 90232 not found
MT  3 20 for 90232 not found
Create input file for pfns for k= 85 and energy number 21 (out of 50)
MT3 for 90232 not found
MT  3 19 for 90232 not found
MT3 for 90232 not found
MT  3 20 for 90232 not found
Create input file for pfns for k= 86 and energy number 21 (out of 50)
MT3 for 90232 not found
MT  3 19 for 90232 not found
MT3 for 90232 not found
MT  3 20 for 90232 not found
Create input file for pfns for k= 87 and energy number 21 (out of 50)
MT3 for 90232 not found
MT  3 19 for 90232 not found
MT3 for 90232 not found
MT  3 20 for 90232 not found
Create input file for pfns for k= 88 and energy number 21 (out of 50)
MT3 for 90232 not found
MT  3 19 for 90232 not found
MT3 for 90232 not found
MT  3 20 for 90232 not found
Create input file for pfns for k= 89 and energy number 21 (out of 50)
MT3 for 90232 not found
MT  3 19 for 90232 not found
MT3 for 90232 not found
MT  3 20 for 90232 not found
Create input file for pfns for k= 90 and energy number 21 (out of 50)
MT3 for 90232 not found
MT  3 19 for 90232 not found
MT3 for 90232 not found
MT  3 20 for 90232 not found
Create input file for pfns for k= 91 and energy number 21 (out of 50)
MT3 for 90232 not found
MT  3 19 for 90232 not found
MT3 for 90232 not found
MT  3 20 for 90232 not found
Create input file for pfns for k= 92 and energy number 21 (out of 50)
MT3 for 90232 not found
MT  3 19 for 90232 not found
MT3 for 90232 not found
MT  3 20 for 90232 not found
Create input file for pfns for k= 93 and energy number 21 (out of 50)
MT3 for 90232 not found
MT  3 19 for 90232 not found
MT3 for 90232 not found
MT  3 20 for 90232 not found
Create input file for pfns for k= 94 and energy number 21 (out of 50)
MT3 for 90232 not found
MT  3 19 for 90232 not found
MT3 for 90232 not found
MT  3 20 for 90232 not found
Create input file for pfns for k= 95 and energy number 21 (out of 50)
MT3 for 90232 not found
MT  3 19 for 90232 not found
MT3 for 90232 not found
MT  3 20 for 90232 not found
Create input file for pfns for k= 96 and energy number 21 (out of 50)
MT3 for 90232 not found
MT  3 19 for 90232 not found
MT3 for 90232 not found
MT  3 20 for 90232 not found
Create input file for pfns for k= 97 and energy number 21 (out of 50)
MT3 for 90232 not found
MT  3 19 for 90232 not found
MT3 for 90232 not found
MT  3 20 for 90232 not found
Create input file for pfns for k= 98 and energy number 21 (out of 50)
MT3 for 90232 not found
MT  3 19 for 90232 not found
MT3 for 90232 not found
MT  3 20 for 90232 not found
Create input file for pfns for k= 99 and energy number 21 (out of 50)
MT3 for 90232 not found
MT  3 19 for 90232 not found
MT3 for 90232 not found
MT  3 20 for 90232 not found
Create input file for pfns for k= 100 and energy number 21 (out of 50)
MT3 for 90232 not found
MT  3 19 for 90232 not found
MT3 for 90232 not found
MT  3 20 for 90232 not found
Create input file for pfns for k= 0 and energy number 22 (out of 50)
MT3 for 90232 not found
MT  3 19 for 90232 not found
MT3 for 90232 not found
MT  3 20 for 90232 not found
Create input file for pfns for k= 1 and energy number 22 (out of 50)
MT3 for 90232 not found
MT  3 19 for 90232 not found
MT3 for 90232 not found
MT  3 20 for 90232 not found
Create input file for pfns for k= 2 and energy number 22 (out of 50)
MT3 for 90232 not found
MT  3 19 for 90232 not found
MT3 for 90232 not found
MT  3 20 for 90232 not found
Create input file for pfns for k= 3 and energy number 22 (out of 50)
MT3 for 90232 not found
MT  3 19 for 90232 not found
MT3 for 90232 not found
MT  3 20 for 90232 not found
Create input file for pfns for k= 4 and energy number 22 (out of 50)
MT3 for 90232 not found
MT  3 19 for 90232 not found
MT3 for 90232 not found
MT  3 20 for 90232 not found
Create input file for pfns for k= 5 and energy number 22 (out of 50)
MT3 for 90232 not found
MT  3 19 for 90232 not found
MT3 for 90232 not found
MT  3 20 for 90232 not found
Create input file for pfns for k= 6 and energy number 22 (out of 50)
MT3 for 90232 not found
MT  3 19 for 90232 not found
MT3 for 90232 not found
MT  3 20 for 90232 not found
Create input file for pfns for k= 7 and energy number 22 (out of 50)
MT3 for 90232 not found
MT  3 19 for 90232 not found
MT3 for 90232 not found
MT  3 20 for 90232 not found
Create input file for pfns for k= 8 and energy number 22 (out of 50)
MT3 for 90232 not found
MT  3 19 for 90232 not found
MT3 for 90232 not found
MT  3 20 for 90232 not found
Create input file for pfns for k= 9 and energy number 22 (out of 50)
MT3 for 90232 not found
MT  3 19 for 90232 not found
MT3 for 90232 not found
MT  3 20 for 90232 not found
Create input file for pfns for k= 10 and energy number 22 (out of 50)
MT3 for 90232 not found
MT  3 19 for 90232 not found
MT3 for 90232 not found
MT  3 20 for 90232 not found
Create input file for pfns for k= 11 and energy number 22 (out of 50)
MT3 for 90232 not found
MT  3 19 for 90232 not found
MT3 for 90232 not found
MT  3 20 for 90232 not found
Create input file for pfns for k= 12 and energy number 22 (out of 50)
MT3 for 90232 not found
MT  3 19 for 90232 not found
MT3 for 90232 not found
MT  3 20 for 90232 not found
Create input file for pfns for k= 13 and energy number 22 (out of 50)
MT3 for 90232 not found
MT  3 19 for 90232 not found
MT3 for 90232 not found
MT  3 20 for 90232 not found
Create input file for pfns for k= 14 and energy number 22 (out of 50)
MT3 for 90232 not found
MT  3 19 for 90232 not found
MT3 for 90232 not found
MT  3 20 for 90232 not found
Create input file for pfns for k= 15 and energy number 22 (out of 50)
MT3 for 90232 not found
MT  3 19 for 90232 not found
MT3 for 90232 not found
MT  3 20 for 90232 not found
Create input file for pfns for k= 16 and energy number 22 (out of 50)
MT3 for 90232 not found
MT  3 19 for 90232 not found
MT3 for 90232 not found
MT  3 20 for 90232 not found
Create input file for pfns for k= 17 and energy number 22 (out of 50)
MT3 for 90232 not found
MT  3 19 for 90232 not found
MT3 for 90232 not found
MT  3 20 for 90232 not found
Create input file for pfns for k= 18 and energy number 22 (out of 50)
MT3 for 90232 not found
MT  3 19 for 90232 not found
MT3 for 90232 not found
MT  3 20 for 90232 not found
Create input file for pfns for k= 19 and energy number 22 (out of 50)
MT3 for 90232 not found
MT  3 19 for 90232 not found
MT3 for 90232 not found
MT  3 20 for 90232 not found
Create input file for pfns for k= 20 and energy number 22 (out of 50)
MT3 for 90232 not found
MT  3 19 for 90232 not found
MT3 for 90232 not found
MT  3 20 for 90232 not found
Create input file for pfns for k= 21 and energy number 22 (out of 50)
MT3 for 90232 not found
MT  3 19 for 90232 not found
MT3 for 90232 not found
MT  3 20 for 90232 not found
Create input file for pfns for k= 22 and energy number 22 (out of 50)
MT3 for 90232 not found
MT  3 19 for 90232 not found
MT3 for 90232 not found
MT  3 20 for 90232 not found
Create input file for pfns for k= 23 and energy number 22 (out of 50)
MT3 for 90232 not found
MT  3 19 for 90232 not found
MT3 for 90232 not found
MT  3 20 for 90232 not found
Create input file for pfns for k= 24 and energy number 22 (out of 50)
MT3 for 90232 not found
MT  3 19 for 90232 not found
MT3 for 90232 not found
MT  3 20 for 90232 not found
Create input file for pfns for k= 25 and energy number 22 (out of 50)
MT3 for 90232 not found
MT  3 19 for 90232 not found
MT3 for 90232 not found
MT  3 20 for 90232 not found
Create input file for pfns for k= 26 and energy number 22 (out of 50)
MT3 for 90232 not found
MT  3 19 for 90232 not found
MT3 for 90232 not found
MT  3 20 for 90232 not found
Create input file for pfns for k= 27 and energy number 22 (out of 50)
MT3 for 90232 not found
MT  3 19 for 90232 not found
MT3 for 90232 not found
MT  3 20 for 90232 not found
Create input file for pfns for k= 28 and energy number 22 (out of 50)
MT3 for 90232 not found
MT  3 19 for 90232 not found
MT3 for 90232 not found
MT  3 20 for 90232 not found
Create input file for pfns for k= 29 and energy number 22 (out of 50)
MT3 for 90232 not found
MT  3 19 for 90232 not found
MT3 for 90232 not found
MT  3 20 for 90232 not found
Create input file for pfns for k= 30 and energy number 22 (out of 50)
MT3 for 90232 not found
MT  3 19 for 90232 not found
MT3 for 90232 not found
MT  3 20 for 90232 not found
Create input file for pfns for k= 31 and energy number 22 (out of 50)
MT3 for 90232 not found
MT  3 19 for 90232 not found
MT3 for 90232 not found
MT  3 20 for 90232 not found
Create input file for pfns for k= 32 and energy number 22 (out of 50)
MT3 for 90232 not found
MT  3 19 for 90232 not found
MT3 for 90232 not found
MT  3 20 for 90232 not found
Create input file for pfns for k= 33 and energy number 22 (out of 50)
MT3 for 90232 not found
MT  3 19 for 90232 not found
MT3 for 90232 not found
MT  3 20 for 90232 not found
Create input file for pfns for k= 34 and energy number 22 (out of 50)
MT3 for 90232 not found
MT  3 19 for 90232 not found
MT3 for 90232 not found
MT  3 20 for 90232 not found
Create input file for pfns for k= 35 and energy number 22 (out of 50)
MT3 for 90232 not found
MT  3 19 for 90232 not found
MT3 for 90232 not found
MT  3 20 for 90232 not found
Create input file for pfns for k= 36 and energy number 22 (out of 50)
MT3 for 90232 not found
MT  3 19 for 90232 not found
MT3 for 90232 not found
MT  3 20 for 90232 not found
Create input file for pfns for k= 37 and energy number 22 (out of 50)
MT3 for 90232 not found
MT  3 19 for 90232 not found
MT3 for 90232 not found
MT  3 20 for 90232 not found
Create input file for pfns for k= 38 and energy number 22 (out of 50)
MT3 for 90232 not found
MT  3 19 for 90232 not found
MT3 for 90232 not found
MT  3 20 for 90232 not found
Create input file for pfns for k= 39 and energy number 22 (out of 50)
MT3 for 90232 not found
MT  3 19 for 90232 not found
MT3 for 90232 not found
MT  3 20 for 90232 not found
Create input file for pfns for k= 40 and energy number 22 (out of 50)
MT3 for 90232 not found
MT  3 19 for 90232 not found
MT3 for 90232 not found
MT  3 20 for 90232 not found
Create input file for pfns for k= 41 and energy number 22 (out of 50)
MT3 for 90232 not found
MT  3 19 for 90232 not found
MT3 for 90232 not found
MT  3 20 for 90232 not found
Create input file for pfns for k= 42 and energy number 22 (out of 50)
MT3 for 90232 not found
MT  3 19 for 90232 not found
MT3 for 90232 not found
MT  3 20 for 90232 not found
Create input file for pfns for k= 43 and energy number 22 (out of 50)
MT3 for 90232 not found
MT  3 19 for 90232 not found
MT3 for 90232 not found
MT  3 20 for 90232 not found
Create input file for pfns for k= 44 and energy number 22 (out of 50)
MT3 for 90232 not found
MT  3 19 for 90232 not found
MT3 for 90232 not found
MT  3 20 for 90232 not found
Create input file for pfns for k= 45 and energy number 22 (out of 50)
MT3 for 90232 not found
MT  3 19 for 90232 not found
MT3 for 90232 not found
MT  3 20 for 90232 not found
Create input file for pfns for k= 46 and energy number 22 (out of 50)
MT3 for 90232 not found
MT  3 19 for 90232 not found
MT3 for 90232 not found
MT  3 20 for 90232 not found
Create input file for pfns for k= 47 and energy number 22 (out of 50)
MT3 for 90232 not found
MT  3 19 for 90232 not found
MT3 for 90232 not found
MT  3 20 for 90232 not found
Create input file for pfns for k= 48 and energy number 22 (out of 50)
MT3 for 90232 not found
MT  3 19 for 90232 not found
MT3 for 90232 not found
MT  3 20 for 90232 not found
Create input file for pfns for k= 49 and energy number 22 (out of 50)
MT3 for 90232 not found
MT  3 19 for 90232 not found
MT3 for 90232 not found
MT  3 20 for 90232 not found
Create input file for pfns for k= 50 and energy number 22 (out of 50)
MT3 for 90232 not found
MT  3 19 for 90232 not found
MT3 for 90232 not found
MT  3 20 for 90232 not found
Create input file for pfns for k= 51 and energy number 22 (out of 50)
MT3 for 90232 not found
MT  3 19 for 90232 not found
MT3 for 90232 not found
MT  3 20 for 90232 not found
Create input file for pfns for k= 52 and energy number 22 (out of 50)
MT3 for 90232 not found
MT  3 19 for 90232 not found
MT3 for 90232 not found
MT  3 20 for 90232 not found
Create input file for pfns for k= 53 and energy number 22 (out of 50)
MT3 for 90232 not found
MT  3 19 for 90232 not found
MT3 for 90232 not found
MT  3 20 for 90232 not found
Create input file for pfns for k= 54 and energy number 22 (out of 50)
MT3 for 90232 not found
MT  3 19 for 90232 not found
MT3 for 90232 not found
MT  3 20 for 90232 not found
Create input file for pfns for k= 55 and energy number 22 (out of 50)
MT3 for 90232 not found
MT  3 19 for 90232 not found
MT3 for 90232 not found
MT  3 20 for 90232 not found
Create input file for pfns for k= 56 and energy number 22 (out of 50)
MT3 for 90232 not found
MT  3 19 for 90232 not found
MT3 for 90232 not found
MT  3 20 for 90232 not found
Create input file for pfns for k= 57 and energy number 22 (out of 50)
MT3 for 90232 not found
MT  3 19 for 90232 not found
MT3 for 90232 not found
MT  3 20 for 90232 not found
Create input file for pfns for k= 58 and energy number 22 (out of 50)
MT3 for 90232 not found
MT  3 19 for 90232 not found
MT3 for 90232 not found
MT  3 20 for 90232 not found
Create input file for pfns for k= 59 and energy number 22 (out of 50)
MT3 for 90232 not found
MT  3 19 for 90232 not found
MT3 for 90232 not found
MT  3 20 for 90232 not found
Create input file for pfns for k= 60 and energy number 22 (out of 50)
MT3 for 90232 not found
MT  3 19 for 90232 not found
MT3 for 90232 not found
MT  3 20 for 90232 not found
Create input file for pfns for k= 61 and energy number 22 (out of 50)
MT3 for 90232 not found
MT  3 19 for 90232 not found
MT3 for 90232 not found
MT  3 20 for 90232 not found
Create input file for pfns for k= 62 and energy number 22 (out of 50)
MT3 for 90232 not found
MT  3 19 for 90232 not found
MT3 for 90232 not found
MT  3 20 for 90232 not found
Create input file for pfns for k= 63 and energy number 22 (out of 50)
MT3 for 90232 not found
MT  3 19 for 90232 not found
MT3 for 90232 not found
MT  3 20 for 90232 not found
Create input file for pfns for k= 64 and energy number 22 (out of 50)
MT3 for 90232 not found
MT  3 19 for 90232 not found
MT3 for 90232 not found
MT  3 20 for 90232 not found
Create input file for pfns for k= 65 and energy number 22 (out of 50)
MT3 for 90232 not found
MT  3 19 for 90232 not found
MT3 for 90232 not found
MT  3 20 for 90232 not found
Create input file for pfns for k= 66 and energy number 22 (out of 50)
MT3 for 90232 not found
MT  3 19 for 90232 not found
MT3 for 90232 not found
MT  3 20 for 90232 not found
Create input file for pfns for k= 67 and energy number 22 (out of 50)
MT3 for 90232 not found
MT  3 19 for 90232 not found
MT3 for 90232 not found
MT  3 20 for 90232 not found
Create input file for pfns for k= 68 and energy number 22 (out of 50)
MT3 for 90232 not found
MT  3 19 for 90232 not found
MT3 for 90232 not found
MT  3 20 for 90232 not found
Create input file for pfns for k= 69 and energy number 22 (out of 50)
MT3 for 90232 not found
MT  3 19 for 90232 not found
MT3 for 90232 not found
MT  3 20 for 90232 not found
Create input file for pfns for k= 70 and energy number 22 (out of 50)
MT3 for 90232 not found
MT  3 19 for 90232 not found
MT3 for 90232 not found
MT  3 20 for 90232 not found
Create input file for pfns for k= 71 and energy number 22 (out of 50)
MT3 for 90232 not found
MT  3 19 for 90232 not found
MT3 for 90232 not found
MT  3 20 for 90232 not found
Create input file for pfns for k= 72 and energy number 22 (out of 50)
MT3 for 90232 not found
MT  3 19 for 90232 not found
MT3 for 90232 not found
MT  3 20 for 90232 not found
Create input file for pfns for k= 73 and energy number 22 (out of 50)
MT3 for 90232 not found
MT  3 19 for 90232 not found
MT3 for 90232 not found
MT  3 20 for 90232 not found
Create input file for pfns for k= 74 and energy number 22 (out of 50)
MT3 for 90232 not found
MT  3 19 for 90232 not found
MT3 for 90232 not found
MT  3 20 for 90232 not found
Create input file for pfns for k= 75 and energy number 22 (out of 50)
MT3 for 90232 not found
MT  3 19 for 90232 not found
MT3 for 90232 not found
MT  3 20 for 90232 not found
Create input file for pfns for k= 76 and energy number 22 (out of 50)
MT3 for 90232 not found
MT  3 19 for 90232 not found
MT3 for 90232 not found
MT  3 20 for 90232 not found
Create input file for pfns for k= 77 and energy number 22 (out of 50)
MT3 for 90232 not found
MT  3 19 for 90232 not found
MT3 for 90232 not found
MT  3 20 for 90232 not found
Create input file for pfns for k= 78 and energy number 22 (out of 50)
MT3 for 90232 not found
MT  3 19 for 90232 not found
MT3 for 90232 not found
MT  3 20 for 90232 not found
Create input file for pfns for k= 79 and energy number 22 (out of 50)
MT3 for 90232 not found
MT  3 19 for 90232 not found
MT3 for 90232 not found
MT  3 20 for 90232 not found
Create input file for pfns for k= 80 and energy number 22 (out of 50)
MT3 for 90232 not found
MT  3 19 for 90232 not found
MT3 for 90232 not found
MT  3 20 for 90232 not found
Create input file for pfns for k= 81 and energy number 22 (out of 50)
MT3 for 90232 not found
MT  3 19 for 90232 not found
MT3 for 90232 not found
MT  3 20 for 90232 not found
Create input file for pfns for k= 82 and energy number 22 (out of 50)
MT3 for 90232 not found
MT  3 19 for 90232 not found
MT3 for 90232 not found
MT  3 20 for 90232 not found
Create input file for pfns for k= 83 and energy number 22 (out of 50)
MT3 for 90232 not found
MT  3 19 for 90232 not found
MT3 for 90232 not found
MT  3 20 for 90232 not found
Create input file for pfns for k= 84 and energy number 22 (out of 50)
MT3 for 90232 not found
MT  3 19 for 90232 not found
MT3 for 90232 not found
MT  3 20 for 90232 not found
Create input file for pfns for k= 85 and energy number 22 (out of 50)
MT3 for 90232 not found
MT  3 19 for 90232 not found
MT3 for 90232 not found
MT  3 20 for 90232 not found
Create input file for pfns for k= 86 and energy number 22 (out of 50)
MT3 for 90232 not found
MT  3 19 for 90232 not found
MT3 for 90232 not found
MT  3 20 for 90232 not found
Create input file for pfns for k= 87 and energy number 22 (out of 50)
MT3 for 90232 not found
MT  3 19 for 90232 not found
MT3 for 90232 not found
MT  3 20 for 90232 not found
Create input file for pfns for k= 88 and energy number 22 (out of 50)
MT3 for 90232 not found
MT  3 19 for 90232 not found
MT3 for 90232 not found
MT  3 20 for 90232 not found
Create input file for pfns for k= 89 and energy number 22 (out of 50)
MT3 for 90232 not found
MT  3 19 for 90232 not found
MT3 for 90232 not found
MT  3 20 for 90232 not found
Create input file for pfns for k= 90 and energy number 22 (out of 50)
MT3 for 90232 not found
MT  3 19 for 90232 not found
MT3 for 90232 not found
MT  3 20 for 90232 not found
Create input file for pfns for k= 91 and energy number 22 (out of 50)
MT3 for 90232 not found
MT  3 19 for 90232 not found
MT3 for 90232 not found
MT  3 20 for 90232 not found
Create input file for pfns for k= 92 and energy number 22 (out of 50)
MT3 for 90232 not found
MT  3 19 for 90232 not found
MT3 for 90232 not found
MT  3 20 for 90232 not found
Create input file for pfns for k= 93 and energy number 22 (out of 50)
MT3 for 90232 not found
MT  3 19 for 90232 not found
MT3 for 90232 not found
MT  3 20 for 90232 not found
Create input file for pfns for k= 94 and energy number 22 (out of 50)
MT3 for 90232 not found
MT  3 19 for 90232 not found
MT3 for 90232 not found
MT  3 20 for 90232 not found
Create input file for pfns for k= 95 and energy number 22 (out of 50)
MT3 for 90232 not found
MT  3 19 for 90232 not found
MT3 for 90232 not found
MT  3 20 for 90232 not found
Create input file for pfns for k= 96 and energy number 22 (out of 50)
MT3 for 90232 not found
MT  3 19 for 90232 not found
MT3 for 90232 not found
MT  3 20 for 90232 not found
Create input file for pfns for k= 97 and energy number 22 (out of 50)
MT3 for 90232 not found
MT  3 19 for 90232 not found
MT3 for 90232 not found
MT  3 20 for 90232 not found
Create input file for pfns for k= 98 and energy number 22 (out of 50)
MT3 for 90232 not found
MT  3 19 for 90232 not found
MT3 for 90232 not found
MT  3 20 for 90232 not found
Create input file for pfns for k= 99 and energy number 22 (out of 50)
MT3 for 90232 not found
MT  3 19 for 90232 not found
MT3 for 90232 not found
MT  3 20 for 90232 not found
Create input file for pfns for k= 100 and energy number 22 (out of 50)
MT3 for 90232 not found
MT  3 19 for 90232 not found
MT3 for 90232 not found
MT  3 20 for 90232 not found
Create input file for pfns for k= 0 and energy number 23 (out of 50)
MT3 for 90232 not found
MT  3 19 for 90232 not found
MT3 for 90232 not found
MT  3 20 for 90232 not found
Create input file for pfns for k= 1 and energy number 23 (out of 50)
MT3 for 90232 not found
MT  3 19 for 90232 not found
MT3 for 90232 not found
MT  3 20 for 90232 not found
Create input file for pfns for k= 2 and energy number 23 (out of 50)
MT3 for 90232 not found
MT  3 19 for 90232 not found
MT3 for 90232 not found
MT  3 20 for 90232 not found
Create input file for pfns for k= 3 and energy number 23 (out of 50)
MT3 for 90232 not found
MT  3 19 for 90232 not found
MT3 for 90232 not found
MT  3 20 for 90232 not found
Create input file for pfns for k= 4 and energy number 23 (out of 50)
MT3 for 90232 not found
MT  3 19 for 90232 not found
MT3 for 90232 not found
MT  3 20 for 90232 not found
Create input file for pfns for k= 5 and energy number 23 (out of 50)
MT3 for 90232 not found
MT  3 19 for 90232 not found
MT3 for 90232 not found
MT  3 20 for 90232 not found
Create input file for pfns for k= 6 and energy number 23 (out of 50)
MT3 for 90232 not found
MT  3 19 for 90232 not found
MT3 for 90232 not found
MT  3 20 for 90232 not found
Create input file for pfns for k= 7 and energy number 23 (out of 50)
MT3 for 90232 not found
MT  3 19 for 90232 not found
MT3 for 90232 not found
MT  3 20 for 90232 not found
Create input file for pfns for k= 8 and energy number 23 (out of 50)
MT3 for 90232 not found
MT  3 19 for 90232 not found
MT3 for 90232 not found
MT  3 20 for 90232 not found
Create input file for pfns for k= 9 and energy number 23 (out of 50)
MT3 for 90232 not found
MT  3 19 for 90232 not found
MT3 for 90232 not found
MT  3 20 for 90232 not found
Create input file for pfns for k= 10 and energy number 23 (out of 50)
MT3 for 90232 not found
MT  3 19 for 90232 not found
MT3 for 90232 not found
MT  3 20 for 90232 not found
Create input file for pfns for k= 11 and energy number 23 (out of 50)
MT3 for 90232 not found
MT  3 19 for 90232 not found
MT3 for 90232 not found
MT  3 20 for 90232 not found
Create input file for pfns for k= 12 and energy number 23 (out of 50)
MT3 for 90232 not found
MT  3 19 for 90232 not found
MT3 for 90232 not found
MT  3 20 for 90232 not found
Create input file for pfns for k= 13 and energy number 23 (out of 50)
MT3 for 90232 not found
MT  3 19 for 90232 not found
MT3 for 90232 not found
MT  3 20 for 90232 not found
Create input file for pfns for k= 14 and energy number 23 (out of 50)
MT3 for 90232 not found
MT  3 19 for 90232 not found
MT3 for 90232 not found
MT  3 20 for 90232 not found
Create input file for pfns for k= 15 and energy number 23 (out of 50)
MT3 for 90232 not found
MT  3 19 for 90232 not found
MT3 for 90232 not found
MT  3 20 for 90232 not found
Create input file for pfns for k= 16 and energy number 23 (out of 50)
MT3 for 90232 not found
MT  3 19 for 90232 not found
MT3 for 90232 not found
MT  3 20 for 90232 not found
Create input file for pfns for k= 17 and energy number 23 (out of 50)
MT3 for 90232 not found
MT  3 19 for 90232 not found
MT3 for 90232 not found
MT  3 20 for 90232 not found
Create input file for pfns for k= 18 and energy number 23 (out of 50)
MT3 for 90232 not found
MT  3 19 for 90232 not found
MT3 for 90232 not found
MT  3 20 for 90232 not found
Create input file for pfns for k= 19 and energy number 23 (out of 50)
MT3 for 90232 not found
MT  3 19 for 90232 not found
MT3 for 90232 not found
MT  3 20 for 90232 not found
Create input file for pfns for k= 20 and energy number 23 (out of 50)
MT3 for 90232 not found
MT  3 19 for 90232 not found
MT3 for 90232 not found
MT  3 20 for 90232 not found
Create input file for pfns for k= 21 and energy number 23 (out of 50)
MT3 for 90232 not found
MT  3 19 for 90232 not found
MT3 for 90232 not found
MT  3 20 for 90232 not found
Create input file for pfns for k= 22 and energy number 23 (out of 50)
MT3 for 90232 not found
MT  3 19 for 90232 not found
MT3 for 90232 not found
MT  3 20 for 90232 not found
Create input file for pfns for k= 23 and energy number 23 (out of 50)
MT3 for 90232 not found
MT  3 19 for 90232 not found
MT3 for 90232 not found
MT  3 20 for 90232 not found
Create input file for pfns for k= 24 and energy number 23 (out of 50)
MT3 for 90232 not found
MT  3 19 for 90232 not found
MT3 for 90232 not found
MT  3 20 for 90232 not found
Create input file for pfns for k= 25 and energy number 23 (out of 50)
MT3 for 90232 not found
MT  3 19 for 90232 not found
MT3 for 90232 not found
MT  3 20 for 90232 not found
Create input file for pfns for k= 26 and energy number 23 (out of 50)
MT3 for 90232 not found
MT  3 19 for 90232 not found
MT3 for 90232 not found
MT  3 20 for 90232 not found
Create input file for pfns for k= 27 and energy number 23 (out of 50)
MT3 for 90232 not found
MT  3 19 for 90232 not found
MT3 for 90232 not found
MT  3 20 for 90232 not found
Create input file for pfns for k= 28 and energy number 23 (out of 50)
MT3 for 90232 not found
MT  3 19 for 90232 not found
MT3 for 90232 not found
MT  3 20 for 90232 not found
Create input file for pfns for k= 29 and energy number 23 (out of 50)
MT3 for 90232 not found
MT  3 19 for 90232 not found
MT3 for 90232 not found
MT  3 20 for 90232 not found
Create input file for pfns for k= 30 and energy number 23 (out of 50)
MT3 for 90232 not found
MT  3 19 for 90232 not found
MT3 for 90232 not found
MT  3 20 for 90232 not found
Create input file for pfns for k= 31 and energy number 23 (out of 50)
MT3 for 90232 not found
MT  3 19 for 90232 not found
MT3 for 90232 not found
MT  3 20 for 90232 not found
Create input file for pfns for k= 32 and energy number 23 (out of 50)
MT3 for 90232 not found
MT  3 19 for 90232 not found
MT3 for 90232 not found
MT  3 20 for 90232 not found
Create input file for pfns for k= 33 and energy number 23 (out of 50)
MT3 for 90232 not found
MT  3 19 for 90232 not found
MT3 for 90232 not found
MT  3 20 for 90232 not found
Create input file for pfns for k= 34 and energy number 23 (out of 50)
MT3 for 90232 not found
MT  3 19 for 90232 not found
MT3 for 90232 not found
MT  3 20 for 90232 not found
Create input file for pfns for k= 35 and energy number 23 (out of 50)
MT3 for 90232 not found
MT  3 19 for 90232 not found
MT3 for 90232 not found
MT  3 20 for 90232 not found
Create input file for pfns for k= 36 and energy number 23 (out of 50)
MT3 for 90232 not found
MT  3 19 for 90232 not found
MT3 for 90232 not found
MT  3 20 for 90232 not found
Create input file for pfns for k= 37 and energy number 23 (out of 50)
MT3 for 90232 not found
MT  3 19 for 90232 not found
MT3 for 90232 not found
MT  3 20 for 90232 not found
Create input file for pfns for k= 38 and energy number 23 (out of 50)
MT3 for 90232 not found
MT  3 19 for 90232 not found
MT3 for 90232 not found
MT  3 20 for 90232 not found
Create input file for pfns for k= 39 and energy number 23 (out of 50)
MT3 for 90232 not found
MT  3 19 for 90232 not found
MT3 for 90232 not found
MT  3 20 for 90232 not found
Create input file for pfns for k= 40 and energy number 23 (out of 50)
MT3 for 90232 not found
MT  3 19 for 90232 not found
MT3 for 90232 not found
MT  3 20 for 90232 not found
Create input file for pfns for k= 41 and energy number 23 (out of 50)
MT3 for 90232 not found
MT  3 19 for 90232 not found
MT3 for 90232 not found
MT  3 20 for 90232 not found
Create input file for pfns for k= 42 and energy number 23 (out of 50)
MT3 for 90232 not found
MT  3 19 for 90232 not found
MT3 for 90232 not found
MT  3 20 for 90232 not found
Create input file for pfns for k= 43 and energy number 23 (out of 50)
MT3 for 90232 not found
MT  3 19 for 90232 not found
MT3 for 90232 not found
MT  3 20 for 90232 not found
Create input file for pfns for k= 44 and energy number 23 (out of 50)
MT3 for 90232 not found
MT  3 19 for 90232 not found
MT3 for 90232 not found
MT  3 20 for 90232 not found
Create input file for pfns for k= 45 and energy number 23 (out of 50)
MT3 for 90232 not found
MT  3 19 for 90232 not found
MT3 for 90232 not found
MT  3 20 for 90232 not found
Create input file for pfns for k= 46 and energy number 23 (out of 50)
MT3 for 90232 not found
MT  3 19 for 90232 not found
MT3 for 90232 not found
MT  3 20 for 90232 not found
Create input file for pfns for k= 47 and energy number 23 (out of 50)
MT3 for 90232 not found
MT  3 19 for 90232 not found
MT3 for 90232 not found
MT  3 20 for 90232 not found
Create input file for pfns for k= 48 and energy number 23 (out of 50)
MT3 for 90232 not found
MT  3 19 for 90232 not found
MT3 for 90232 not found
MT  3 20 for 90232 not found
Create input file for pfns for k= 49 and energy number 23 (out of 50)
MT3 for 90232 not found
MT  3 19 for 90232 not found
MT3 for 90232 not found
MT  3 20 for 90232 not found
Create input file for pfns for k= 50 and energy number 23 (out of 50)
MT3 for 90232 not found
MT  3 19 for 90232 not found
MT3 for 90232 not found
MT  3 20 for 90232 not found
Create input file for pfns for k= 51 and energy number 23 (out of 50)
MT3 for 90232 not found
MT  3 19 for 90232 not found
MT3 for 90232 not found
MT  3 20 for 90232 not found
Create input file for pfns for k= 52 and energy number 23 (out of 50)
MT3 for 90232 not found
MT  3 19 for 90232 not found
MT3 for 90232 not found
MT  3 20 for 90232 not found
Create input file for pfns for k= 53 and energy number 23 (out of 50)
MT3 for 90232 not found
MT  3 19 for 90232 not found
MT3 for 90232 not found
MT  3 20 for 90232 not found
Create input file for pfns for k= 54 and energy number 23 (out of 50)
MT3 for 90232 not found
MT  3 19 for 90232 not found
MT3 for 90232 not found
MT  3 20 for 90232 not found
Create input file for pfns for k= 55 and energy number 23 (out of 50)
MT3 for 90232 not found
MT  3 19 for 90232 not found
MT3 for 90232 not found
MT  3 20 for 90232 not found
Create input file for pfns for k= 56 and energy number 23 (out of 50)
MT3 for 90232 not found
MT  3 19 for 90232 not found
MT3 for 90232 not found
MT  3 20 for 90232 not found
Create input file for pfns for k= 57 and energy number 23 (out of 50)
MT3 for 90232 not found
MT  3 19 for 90232 not found
MT3 for 90232 not found
MT  3 20 for 90232 not found
Create input file for pfns for k= 58 and energy number 23 (out of 50)
MT3 for 90232 not found
MT  3 19 for 90232 not found
MT3 for 90232 not found
MT  3 20 for 90232 not found
Create input file for pfns for k= 59 and energy number 23 (out of 50)
MT3 for 90232 not found
MT  3 19 for 90232 not found
MT3 for 90232 not found
MT  3 20 for 90232 not found
Create input file for pfns for k= 60 and energy number 23 (out of 50)
MT3 for 90232 not found
MT  3 19 for 90232 not found
MT3 for 90232 not found
MT  3 20 for 90232 not found
Create input file for pfns for k= 61 and energy number 23 (out of 50)
MT3 for 90232 not found
MT  3 19 for 90232 not found
MT3 for 90232 not found
MT  3 20 for 90232 not found
Create input file for pfns for k= 62 and energy number 23 (out of 50)
MT3 for 90232 not found
MT  3 19 for 90232 not found
MT3 for 90232 not found
MT  3 20 for 90232 not found
Create input file for pfns for k= 63 and energy number 23 (out of 50)
MT3 for 90232 not found
MT  3 19 for 90232 not found
MT3 for 90232 not found
MT  3 20 for 90232 not found
Create input file for pfns for k= 64 and energy number 23 (out of 50)
MT3 for 90232 not found
MT  3 19 for 90232 not found
MT3 for 90232 not found
MT  3 20 for 90232 not found
Create input file for pfns for k= 65 and energy number 23 (out of 50)
MT3 for 90232 not found
MT  3 19 for 90232 not found
MT3 for 90232 not found
MT  3 20 for 90232 not found
Create input file for pfns for k= 66 and energy number 23 (out of 50)
MT3 for 90232 not found
MT  3 19 for 90232 not found
MT3 for 90232 not found
MT  3 20 for 90232 not found
Create input file for pfns for k= 67 and energy number 23 (out of 50)
MT3 for 90232 not found
MT  3 19 for 90232 not found
MT3 for 90232 not found
MT  3 20 for 90232 not found
Create input file for pfns for k= 68 and energy number 23 (out of 50)
MT3 for 90232 not found
MT  3 19 for 90232 not found
MT3 for 90232 not found
MT  3 20 for 90232 not found
Create input file for pfns for k= 69 and energy number 23 (out of 50)
MT3 for 90232 not found
MT  3 19 for 90232 not found
MT3 for 90232 not found
MT  3 20 for 90232 not found
Create input file for pfns for k= 70 and energy number 23 (out of 50)
MT3 for 90232 not found
MT  3 19 for 90232 not found
MT3 for 90232 not found
MT  3 20 for 90232 not found
Create input file for pfns for k= 71 and energy number 23 (out of 50)
MT3 for 90232 not found
MT  3 19 for 90232 not found
MT3 for 90232 not found
MT  3 20 for 90232 not found
Create input file for pfns for k= 72 and energy number 23 (out of 50)
MT3 for 90232 not found
MT  3 19 for 90232 not found
MT3 for 90232 not found
MT  3 20 for 90232 not found
Create input file for pfns for k= 73 and energy number 23 (out of 50)
MT3 for 90232 not found
MT  3 19 for 90232 not found
MT3 for 90232 not found
MT  3 20 for 90232 not found
Create input file for pfns for k= 74 and energy number 23 (out of 50)
MT3 for 90232 not found
MT  3 19 for 90232 not found
MT3 for 90232 not found
MT  3 20 for 90232 not found
Create input file for pfns for k= 75 and energy number 23 (out of 50)
MT3 for 90232 not found
MT  3 19 for 90232 not found
MT3 for 90232 not found
MT  3 20 for 90232 not found
Create input file for pfns for k= 76 and energy number 23 (out of 50)
MT3 for 90232 not found
MT  3 19 for 90232 not found
MT3 for 90232 not found
MT  3 20 for 90232 not found
Create input file for pfns for k= 77 and energy number 23 (out of 50)
MT3 for 90232 not found
MT  3 19 for 90232 not found
MT3 for 90232 not found
MT  3 20 for 90232 not found
Create input file for pfns for k= 78 and energy number 23 (out of 50)
MT3 for 90232 not found
MT  3 19 for 90232 not found
MT3 for 90232 not found
MT  3 20 for 90232 not found
Create input file for pfns for k= 79 and energy number 23 (out of 50)
MT3 for 90232 not found
MT  3 19 for 90232 not found
MT3 for 90232 not found
MT  3 20 for 90232 not found
Create input file for pfns for k= 80 and energy number 23 (out of 50)
MT3 for 90232 not found
MT  3 19 for 90232 not found
MT3 for 90232 not found
MT  3 20 for 90232 not found
Create input file for pfns for k= 81 and energy number 23 (out of 50)
MT3 for 90232 not found
MT  3 19 for 90232 not found
MT3 for 90232 not found
MT  3 20 for 90232 not found
Create input file for pfns for k= 82 and energy number 23 (out of 50)
MT3 for 90232 not found
MT  3 19 for 90232 not found
MT3 for 90232 not found
MT  3 20 for 90232 not found
Create input file for pfns for k= 83 and energy number 23 (out of 50)
MT3 for 90232 not found
MT  3 19 for 90232 not found
MT3 for 90232 not found
MT  3 20 for 90232 not found
Create input file for pfns for k= 84 and energy number 23 (out of 50)
MT3 for 90232 not found
MT  3 19 for 90232 not found
MT3 for 90232 not found
MT  3 20 for 90232 not found
Create input file for pfns for k= 85 and energy number 23 (out of 50)
MT3 for 90232 not found
MT  3 19 for 90232 not found
MT3 for 90232 not found
MT  3 20 for 90232 not found
Create input file for pfns for k= 86 and energy number 23 (out of 50)
MT3 for 90232 not found
MT  3 19 for 90232 not found
MT3 for 90232 not found
MT  3 20 for 90232 not found
Create input file for pfns for k= 87 and energy number 23 (out of 50)
MT3 for 90232 not found
MT  3 19 for 90232 not found
MT3 for 90232 not found
MT  3 20 for 90232 not found
Create input file for pfns for k= 88 and energy number 23 (out of 50)
MT3 for 90232 not found
MT  3 19 for 90232 not found
MT3 for 90232 not found
MT  3 20 for 90232 not found
Create input file for pfns for k= 89 and energy number 23 (out of 50)
MT3 for 90232 not found
MT  3 19 for 90232 not found
MT3 for 90232 not found
MT  3 20 for 90232 not found
Create input file for pfns for k= 90 and energy number 23 (out of 50)
MT3 for 90232 not found
MT  3 19 for 90232 not found
MT3 for 90232 not found
MT  3 20 for 90232 not found
Create input file for pfns for k= 91 and energy number 23 (out of 50)
MT3 for 90232 not found
MT  3 19 for 90232 not found
MT3 for 90232 not found
MT  3 20 for 90232 not found
Create input file for pfns for k= 92 and energy number 23 (out of 50)
MT3 for 90232 not found
MT  3 19 for 90232 not found
MT3 for 90232 not found
MT  3 20 for 90232 not found
Create input file for pfns for k= 93 and energy number 23 (out of 50)
MT3 for 90232 not found
MT  3 19 for 90232 not found
MT3 for 90232 not found
MT  3 20 for 90232 not found
Create input file for pfns for k= 94 and energy number 23 (out of 50)
MT3 for 90232 not found
MT  3 19 for 90232 not found
MT3 for 90232 not found
MT  3 20 for 90232 not found
Create input file for pfns for k= 95 and energy number 23 (out of 50)
MT3 for 90232 not found
MT  3 19 for 90232 not found
MT3 for 90232 not found
MT  3 20 for 90232 not found
Create input file for pfns for k= 96 and energy number 23 (out of 50)
MT3 for 90232 not found
MT  3 19 for 90232 not found
MT3 for 90232 not found
MT  3 20 for 90232 not found
Create input file for pfns for k= 97 and energy number 23 (out of 50)
MT3 for 90232 not found
MT  3 19 for 90232 not found
MT3 for 90232 not found
MT  3 20 for 90232 not found
Create input file for pfns for k= 98 and energy number 23 (out of 50)
MT3 for 90232 not found
MT  3 19 for 90232 not found
MT3 for 90232 not found
MT  3 20 for 90232 not found
Create input file for pfns for k= 99 and energy number 23 (out of 50)
MT3 for 90232 not found
MT  3 19 for 90232 not found
MT3 for 90232 not found
MT  3 20 for 90232 not found
Create input file for pfns for k= 100 and energy number 23 (out of 50)
MT3 for 90232 not found
MT  3 19 for 90232 not found
MT3 for 90232 not found
MT  3 20 for 90232 not found
Create input file for pfns for k= 0 and energy number 24 (out of 50)
MT3 for 90232 not found
MT  3 19 for 90232 not found
MT3 for 90232 not found
MT  3 20 for 90232 not found
Create input file for pfns for k= 1 and energy number 24 (out of 50)
MT3 for 90232 not found
MT  3 19 for 90232 not found
MT3 for 90232 not found
MT  3 20 for 90232 not found
Create input file for pfns for k= 2 and energy number 24 (out of 50)
MT3 for 90232 not found
MT  3 19 for 90232 not found
MT3 for 90232 not found
MT  3 20 for 90232 not found
Create input file for pfns for k= 3 and energy number 24 (out of 50)
MT3 for 90232 not found
MT  3 19 for 90232 not found
MT3 for 90232 not found
MT  3 20 for 90232 not found
Create input file for pfns for k= 4 and energy number 24 (out of 50)
MT3 for 90232 not found
MT  3 19 for 90232 not found
MT3 for 90232 not found
MT  3 20 for 90232 not found
Create input file for pfns for k= 5 and energy number 24 (out of 50)
MT3 for 90232 not found
MT  3 19 for 90232 not found
MT3 for 90232 not found
MT  3 20 for 90232 not found
Create input file for pfns for k= 6 and energy number 24 (out of 50)
MT3 for 90232 not found
MT  3 19 for 90232 not found
MT3 for 90232 not found
MT  3 20 for 90232 not found
Create input file for pfns for k= 7 and energy number 24 (out of 50)
MT3 for 90232 not found
MT  3 19 for 90232 not found
MT3 for 90232 not found
MT  3 20 for 90232 not found
Create input file for pfns for k= 8 and energy number 24 (out of 50)
MT3 for 90232 not found
MT  3 19 for 90232 not found
MT3 for 90232 not found
MT  3 20 for 90232 not found
Create input file for pfns for k= 9 and energy number 24 (out of 50)
MT3 for 90232 not found
MT  3 19 for 90232 not found
MT3 for 90232 not found
MT  3 20 for 90232 not found
Create input file for pfns for k= 10 and energy number 24 (out of 50)
MT3 for 90232 not found
MT  3 19 for 90232 not found
MT3 for 90232 not found
MT  3 20 for 90232 not found
Create input file for pfns for k= 11 and energy number 24 (out of 50)
MT3 for 90232 not found
MT  3 19 for 90232 not found
MT3 for 90232 not found
MT  3 20 for 90232 not found
Create input file for pfns for k= 12 and energy number 24 (out of 50)
MT3 for 90232 not found
MT  3 19 for 90232 not found
MT3 for 90232 not found
MT  3 20 for 90232 not found
Create input file for pfns for k= 13 and energy number 24 (out of 50)
MT3 for 90232 not found
MT  3 19 for 90232 not found
MT3 for 90232 not found
MT  3 20 for 90232 not found
Create input file for pfns for k= 14 and energy number 24 (out of 50)
MT3 for 90232 not found
MT  3 19 for 90232 not found
MT3 for 90232 not found
MT  3 20 for 90232 not found
Create input file for pfns for k= 15 and energy number 24 (out of 50)
MT3 for 90232 not found
MT  3 19 for 90232 not found
MT3 for 90232 not found
MT  3 20 for 90232 not found
Create input file for pfns for k= 16 and energy number 24 (out of 50)
MT3 for 90232 not found
MT  3 19 for 90232 not found
MT3 for 90232 not found
MT  3 20 for 90232 not found
Create input file for pfns for k= 17 and energy number 24 (out of 50)
MT3 for 90232 not found
MT  3 19 for 90232 not found
MT3 for 90232 not found
MT  3 20 for 90232 not found
Create input file for pfns for k= 18 and energy number 24 (out of 50)
MT3 for 90232 not found
MT  3 19 for 90232 not found
MT3 for 90232 not found
MT  3 20 for 90232 not found
Create input file for pfns for k= 19 and energy number 24 (out of 50)
MT3 for 90232 not found
MT  3 19 for 90232 not found
MT3 for 90232 not found
MT  3 20 for 90232 not found
Create input file for pfns for k= 20 and energy number 24 (out of 50)
MT3 for 90232 not found
MT  3 19 for 90232 not found
MT3 for 90232 not found
MT  3 20 for 90232 not found
Create input file for pfns for k= 21 and energy number 24 (out of 50)
MT3 for 90232 not found
MT  3 19 for 90232 not found
MT3 for 90232 not found
MT  3 20 for 90232 not found
Create input file for pfns for k= 22 and energy number 24 (out of 50)
MT3 for 90232 not found
MT  3 19 for 90232 not found
MT3 for 90232 not found
MT  3 20 for 90232 not found
Create input file for pfns for k= 23 and energy number 24 (out of 50)
MT3 for 90232 not found
MT  3 19 for 90232 not found
MT3 for 90232 not found
MT  3 20 for 90232 not found
Create input file for pfns for k= 24 and energy number 24 (out of 50)
MT3 for 90232 not found
MT  3 19 for 90232 not found
MT3 for 90232 not found
MT  3 20 for 90232 not found
Create input file for pfns for k= 25 and energy number 24 (out of 50)
MT3 for 90232 not found
MT  3 19 for 90232 not found
MT3 for 90232 not found
MT  3 20 for 90232 not found
Create input file for pfns for k= 26 and energy number 24 (out of 50)
MT3 for 90232 not found
MT  3 19 for 90232 not found
MT3 for 90232 not found
MT  3 20 for 90232 not found
Create input file for pfns for k= 27 and energy number 24 (out of 50)
MT3 for 90232 not found
MT  3 19 for 90232 not found
MT3 for 90232 not found
MT  3 20 for 90232 not found
Create input file for pfns for k= 28 and energy number 24 (out of 50)
MT3 for 90232 not found
MT  3 19 for 90232 not found
MT3 for 90232 not found
MT  3 20 for 90232 not found
Create input file for pfns for k= 29 and energy number 24 (out of 50)
MT3 for 90232 not found
MT  3 19 for 90232 not found
MT3 for 90232 not found
MT  3 20 for 90232 not found
Create input file for pfns for k= 30 and energy number 24 (out of 50)
MT3 for 90232 not found
MT  3 19 for 90232 not found
MT3 for 90232 not found
MT  3 20 for 90232 not found
Create input file for pfns for k= 31 and energy number 24 (out of 50)
MT3 for 90232 not found
MT  3 19 for 90232 not found
MT3 for 90232 not found
MT  3 20 for 90232 not found
Create input file for pfns for k= 32 and energy number 24 (out of 50)
MT3 for 90232 not found
MT  3 19 for 90232 not found
MT3 for 90232 not found
MT  3 20 for 90232 not found
Create input file for pfns for k= 33 and energy number 24 (out of 50)
MT3 for 90232 not found
MT  3 19 for 90232 not found
MT3 for 90232 not found
MT  3 20 for 90232 not found
Create input file for pfns for k= 34 and energy number 24 (out of 50)
MT3 for 90232 not found
MT  3 19 for 90232 not found
MT3 for 90232 not found
MT  3 20 for 90232 not found
Create input file for pfns for k= 35 and energy number 24 (out of 50)
MT3 for 90232 not found
MT  3 19 for 90232 not found
MT3 for 90232 not found
MT  3 20 for 90232 not found
Create input file for pfns for k= 36 and energy number 24 (out of 50)
MT3 for 90232 not found
MT  3 19 for 90232 not found
MT3 for 90232 not found
MT  3 20 for 90232 not found
Create input file for pfns for k= 37 and energy number 24 (out of 50)
MT3 for 90232 not found
MT  3 19 for 90232 not found
MT3 for 90232 not found
MT  3 20 for 90232 not found
Create input file for pfns for k= 38 and energy number 24 (out of 50)
MT3 for 90232 not found
MT  3 19 for 90232 not found
MT3 for 90232 not found
MT  3 20 for 90232 not found
Create input file for pfns for k= 39 and energy number 24 (out of 50)
MT3 for 90232 not found
MT  3 19 for 90232 not found
MT3 for 90232 not found
MT  3 20 for 90232 not found
Create input file for pfns for k= 40 and energy number 24 (out of 50)
MT3 for 90232 not found
MT  3 19 for 90232 not found
MT3 for 90232 not found
MT  3 20 for 90232 not found
Create input file for pfns for k= 41 and energy number 24 (out of 50)
MT3 for 90232 not found
MT  3 19 for 90232 not found
MT3 for 90232 not found
MT  3 20 for 90232 not found
Create input file for pfns for k= 42 and energy number 24 (out of 50)
MT3 for 90232 not found
MT  3 19 for 90232 not found
MT3 for 90232 not found
MT  3 20 for 90232 not found
Create input file for pfns for k= 43 and energy number 24 (out of 50)
MT3 for 90232 not found
MT  3 19 for 90232 not found
MT3 for 90232 not found
MT  3 20 for 90232 not found
Create input file for pfns for k= 44 and energy number 24 (out of 50)
MT3 for 90232 not found
MT  3 19 for 90232 not found
MT3 for 90232 not found
MT  3 20 for 90232 not found
Create input file for pfns for k= 45 and energy number 24 (out of 50)
MT3 for 90232 not found
MT  3 19 for 90232 not found
MT3 for 90232 not found
MT  3 20 for 90232 not found
Create input file for pfns for k= 46 and energy number 24 (out of 50)
MT3 for 90232 not found
MT  3 19 for 90232 not found
MT3 for 90232 not found
MT  3 20 for 90232 not found
Create input file for pfns for k= 47 and energy number 24 (out of 50)
MT3 for 90232 not found
MT  3 19 for 90232 not found
MT3 for 90232 not found
MT  3 20 for 90232 not found
Create input file for pfns for k= 48 and energy number 24 (out of 50)
MT3 for 90232 not found
MT  3 19 for 90232 not found
MT3 for 90232 not found
MT  3 20 for 90232 not found
Create input file for pfns for k= 49 and energy number 24 (out of 50)
MT3 for 90232 not found
MT  3 19 for 90232 not found
MT3 for 90232 not found
MT  3 20 for 90232 not found
Create input file for pfns for k= 50 and energy number 24 (out of 50)
MT3 for 90232 not found
MT  3 19 for 90232 not found
MT3 for 90232 not found
MT  3 20 for 90232 not found
Create input file for pfns for k= 51 and energy number 24 (out of 50)
MT3 for 90232 not found
MT  3 19 for 90232 not found
MT3 for 90232 not found
MT  3 20 for 90232 not found
Create input file for pfns for k= 52 and energy number 24 (out of 50)
MT3 for 90232 not found
MT  3 19 for 90232 not found
MT3 for 90232 not found
MT  3 20 for 90232 not found
Create input file for pfns for k= 53 and energy number 24 (out of 50)
MT3 for 90232 not found
MT  3 19 for 90232 not found
MT3 for 90232 not found
MT  3 20 for 90232 not found
Create input file for pfns for k= 54 and energy number 24 (out of 50)
MT3 for 90232 not found
MT  3 19 for 90232 not found
MT3 for 90232 not found
MT  3 20 for 90232 not found
Create input file for pfns for k= 55 and energy number 24 (out of 50)
MT3 for 90232 not found
MT  3 19 for 90232 not found
MT3 for 90232 not found
MT  3 20 for 90232 not found
Create input file for pfns for k= 56 and energy number 24 (out of 50)
MT3 for 90232 not found
MT  3 19 for 90232 not found
MT3 for 90232 not found
MT  3 20 for 90232 not found
Create input file for pfns for k= 57 and energy number 24 (out of 50)
MT3 for 90232 not found
MT  3 19 for 90232 not found
MT3 for 90232 not found
MT  3 20 for 90232 not found
Create input file for pfns for k= 58 and energy number 24 (out of 50)
MT3 for 90232 not found
MT  3 19 for 90232 not found
MT3 for 90232 not found
MT  3 20 for 90232 not found
Create input file for pfns for k= 59 and energy number 24 (out of 50)
MT3 for 90232 not found
MT  3 19 for 90232 not found
MT3 for 90232 not found
MT  3 20 for 90232 not found
Create input file for pfns for k= 60 and energy number 24 (out of 50)
MT3 for 90232 not found
MT  3 19 for 90232 not found
MT3 for 90232 not found
MT  3 20 for 90232 not found
Create input file for pfns for k= 61 and energy number 24 (out of 50)
MT3 for 90232 not found
MT  3 19 for 90232 not found
MT3 for 90232 not found
MT  3 20 for 90232 not found
Create input file for pfns for k= 62 and energy number 24 (out of 50)
MT3 for 90232 not found
MT  3 19 for 90232 not found
MT3 for 90232 not found
MT  3 20 for 90232 not found
Create input file for pfns for k= 63 and energy number 24 (out of 50)
MT3 for 90232 not found
MT  3 19 for 90232 not found
MT3 for 90232 not found
MT  3 20 for 90232 not found
Create input file for pfns for k= 64 and energy number 24 (out of 50)
MT3 for 90232 not found
MT  3 19 for 90232 not found
MT3 for 90232 not found
MT  3 20 for 90232 not found
Create input file for pfns for k= 65 and energy number 24 (out of 50)
MT3 for 90232 not found
MT  3 19 for 90232 not found
MT3 for 90232 not found
MT  3 20 for 90232 not found
Create input file for pfns for k= 66 and energy number 24 (out of 50)
MT3 for 90232 not found
MT  3 19 for 90232 not found
MT3 for 90232 not found
MT  3 20 for 90232 not found
Create input file for pfns for k= 67 and energy number 24 (out of 50)
MT3 for 90232 not found
MT  3 19 for 90232 not found
MT3 for 90232 not found
MT  3 20 for 90232 not found
Create input file for pfns for k= 68 and energy number 24 (out of 50)
MT3 for 90232 not found
MT  3 19 for 90232 not found
MT3 for 90232 not found
MT  3 20 for 90232 not found
Create input file for pfns for k= 69 and energy number 24 (out of 50)
MT3 for 90232 not found
MT  3 19 for 90232 not found
MT3 for 90232 not found
MT  3 20 for 90232 not found
Create input file for pfns for k= 70 and energy number 24 (out of 50)
MT3 for 90232 not found
MT  3 19 for 90232 not found
MT3 for 90232 not found
MT  3 20 for 90232 not found
Create input file for pfns for k= 71 and energy number 24 (out of 50)
MT3 for 90232 not found
MT  3 19 for 90232 not found
MT3 for 90232 not found
MT  3 20 for 90232 not found
Create input file for pfns for k= 72 and energy number 24 (out of 50)
MT3 for 90232 not found
MT  3 19 for 90232 not found
MT3 for 90232 not found
MT  3 20 for 90232 not found
Create input file for pfns for k= 73 and energy number 24 (out of 50)
MT3 for 90232 not found
MT  3 19 for 90232 not found
MT3 for 90232 not found
MT  3 20 for 90232 not found
Create input file for pfns for k= 74 and energy number 24 (out of 50)
MT3 for 90232 not found
MT  3 19 for 90232 not found
MT3 for 90232 not found
MT  3 20 for 90232 not found
Create input file for pfns for k= 75 and energy number 24 (out of 50)
MT3 for 90232 not found
MT  3 19 for 90232 not found
MT3 for 90232 not found
MT  3 20 for 90232 not found
Create input file for pfns for k= 76 and energy number 24 (out of 50)
MT3 for 90232 not found
MT  3 19 for 90232 not found
MT3 for 90232 not found
MT  3 20 for 90232 not found
Create input file for pfns for k= 77 and energy number 24 (out of 50)
MT3 for 90232 not found
MT  3 19 for 90232 not found
MT3 for 90232 not found
MT  3 20 for 90232 not found
Create input file for pfns for k= 78 and energy number 24 (out of 50)
MT3 for 90232 not found
MT  3 19 for 90232 not found
MT3 for 90232 not found
MT  3 20 for 90232 not found
Create input file for pfns for k= 79 and energy number 24 (out of 50)
MT3 for 90232 not found
MT  3 19 for 90232 not found
MT3 for 90232 not found
MT  3 20 for 90232 not found
Create input file for pfns for k= 80 and energy number 24 (out of 50)
MT3 for 90232 not found
MT  3 19 for 90232 not found
MT3 for 90232 not found
MT  3 20 for 90232 not found
Create input file for pfns for k= 81 and energy number 24 (out of 50)
MT3 for 90232 not found
MT  3 19 for 90232 not found
MT3 for 90232 not found
MT  3 20 for 90232 not found
Create input file for pfns for k= 82 and energy number 24 (out of 50)
MT3 for 90232 not found
MT  3 19 for 90232 not found
MT3 for 90232 not found
MT  3 20 for 90232 not found
Create input file for pfns for k= 83 and energy number 24 (out of 50)
MT3 for 90232 not found
MT  3 19 for 90232 not found
MT3 for 90232 not found
MT  3 20 for 90232 not found
Create input file for pfns for k= 84 and energy number 24 (out of 50)
MT3 for 90232 not found
MT  3 19 for 90232 not found
MT3 for 90232 not found
MT  3 20 for 90232 not found
Create input file for pfns for k= 85 and energy number 24 (out of 50)
MT3 for 90232 not found
MT  3 19 for 90232 not found
MT3 for 90232 not found
MT  3 20 for 90232 not found
Create input file for pfns for k= 86 and energy number 24 (out of 50)
MT3 for 90232 not found
MT  3 19 for 90232 not found
MT3 for 90232 not found
MT  3 20 for 90232 not found
Create input file for pfns for k= 87 and energy number 24 (out of 50)
MT3 for 90232 not found
MT  3 19 for 90232 not found
MT3 for 90232 not found
MT  3 20 for 90232 not found
Create input file for pfns for k= 88 and energy number 24 (out of 50)
MT3 for 90232 not found
MT  3 19 for 90232 not found
MT3 for 90232 not found
MT  3 20 for 90232 not found
Create input file for pfns for k= 89 and energy number 24 (out of 50)
MT3 for 90232 not found
MT  3 19 for 90232 not found
MT3 for 90232 not found
MT  3 20 for 90232 not found
Create input file for pfns for k= 90 and energy number 24 (out of 50)
MT3 for 90232 not found
MT  3 19 for 90232 not found
MT3 for 90232 not found
MT  3 20 for 90232 not found
Create input file for pfns for k= 91 and energy number 24 (out of 50)
MT3 for 90232 not found
MT  3 19 for 90232 not found
MT3 for 90232 not found
MT  3 20 for 90232 not found
Create input file for pfns for k= 92 and energy number 24 (out of 50)
MT3 for 90232 not found
MT  3 19 for 90232 not found
MT3 for 90232 not found
MT  3 20 for 90232 not found
Create input file for pfns for k= 93 and energy number 24 (out of 50)
MT3 for 90232 not found
MT  3 19 for 90232 not found
MT3 for 90232 not found
MT  3 20 for 90232 not found
Create input file for pfns for k= 94 and energy number 24 (out of 50)
MT3 for 90232 not found
MT  3 19 for 90232 not found
MT3 for 90232 not found
MT  3 20 for 90232 not found
Create input file for pfns for k= 95 and energy number 24 (out of 50)
MT3 for 90232 not found
MT  3 19 for 90232 not found
MT3 for 90232 not found
MT  3 20 for 90232 not found
Create input file for pfns for k= 96 and energy number 24 (out of 50)
MT3 for 90232 not found
MT  3 19 for 90232 not found
MT3 for 90232 not found
MT  3 20 for 90232 not found
Create input file for pfns for k= 97 and energy number 24 (out of 50)
MT3 for 90232 not found
MT  3 19 for 90232 not found
MT3 for 90232 not found
MT  3 20 for 90232 not found
Create input file for pfns for k= 98 and energy number 24 (out of 50)
MT3 for 90232 not found
MT  3 19 for 90232 not found
MT3 for 90232 not found
MT  3 20 for 90232 not found
Create input file for pfns for k= 99 and energy number 24 (out of 50)
MT3 for 90232 not found
MT  3 19 for 90232 not found
MT3 for 90232 not found
MT  3 20 for 90232 not found
Create input file for pfns for k= 100 and energy number 24 (out of 50)
MT3 for 90232 not found
MT  3 19 for 90232 not found
MT3 for 90232 not found
MT  3 20 for 90232 not found
Create input file for pfns for k= 0 and energy number 25 (out of 50)
MT3 for 90232 not found
MT  3 19 for 90232 not found
MT3 for 90232 not found
MT  3 20 for 90232 not found
Create input file for pfns for k= 1 and energy number 25 (out of 50)
MT3 for 90232 not found
MT  3 19 for 90232 not found
MT3 for 90232 not found
MT  3 20 for 90232 not found
Create input file for pfns for k= 2 and energy number 25 (out of 50)
MT3 for 90232 not found
MT  3 19 for 90232 not found
MT3 for 90232 not found
MT  3 20 for 90232 not found
Create input file for pfns for k= 3 and energy number 25 (out of 50)
MT3 for 90232 not found
MT  3 19 for 90232 not found
MT3 for 90232 not found
MT  3 20 for 90232 not found
Create input file for pfns for k= 4 and energy number 25 (out of 50)
MT3 for 90232 not found
MT  3 19 for 90232 not found
MT3 for 90232 not found
MT  3 20 for 90232 not found
Create input file for pfns for k= 5 and energy number 25 (out of 50)
MT3 for 90232 not found
MT  3 19 for 90232 not found
MT3 for 90232 not found
MT  3 20 for 90232 not found
Create input file for pfns for k= 6 and energy number 25 (out of 50)
MT3 for 90232 not found
MT  3 19 for 90232 not found
MT3 for 90232 not found
MT  3 20 for 90232 not found
Create input file for pfns for k= 7 and energy number 25 (out of 50)
MT3 for 90232 not found
MT  3 19 for 90232 not found
MT3 for 90232 not found
MT  3 20 for 90232 not found
Create input file for pfns for k= 8 and energy number 25 (out of 50)
MT3 for 90232 not found
MT  3 19 for 90232 not found
MT3 for 90232 not found
MT  3 20 for 90232 not found
Create input file for pfns for k= 9 and energy number 25 (out of 50)
MT3 for 90232 not found
MT  3 19 for 90232 not found
MT3 for 90232 not found
MT  3 20 for 90232 not found
Create input file for pfns for k= 10 and energy number 25 (out of 50)
MT3 for 90232 not found
MT  3 19 for 90232 not found
MT3 for 90232 not found
MT  3 20 for 90232 not found
Create input file for pfns for k= 11 and energy number 25 (out of 50)
MT3 for 90232 not found
MT  3 19 for 90232 not found
MT3 for 90232 not found
MT  3 20 for 90232 not found
Create input file for pfns for k= 12 and energy number 25 (out of 50)
MT3 for 90232 not found
MT  3 19 for 90232 not found
MT3 for 90232 not found
MT  3 20 for 90232 not found
Create input file for pfns for k= 13 and energy number 25 (out of 50)
MT3 for 90232 not found
MT  3 19 for 90232 not found
MT3 for 90232 not found
MT  3 20 for 90232 not found
Create input file for pfns for k= 14 and energy number 25 (out of 50)
MT3 for 90232 not found
MT  3 19 for 90232 not found
MT3 for 90232 not found
MT  3 20 for 90232 not found
Create input file for pfns for k= 15 and energy number 25 (out of 50)
MT3 for 90232 not found
MT  3 19 for 90232 not found
MT3 for 90232 not found
MT  3 20 for 90232 not found
Create input file for pfns for k= 16 and energy number 25 (out of 50)
MT3 for 90232 not found
MT  3 19 for 90232 not found
MT3 for 90232 not found
MT  3 20 for 90232 not found
Create input file for pfns for k= 17 and energy number 25 (out of 50)
MT3 for 90232 not found
MT  3 19 for 90232 not found
MT3 for 90232 not found
MT  3 20 for 90232 not found
Create input file for pfns for k= 18 and energy number 25 (out of 50)
MT3 for 90232 not found
MT  3 19 for 90232 not found
MT3 for 90232 not found
MT  3 20 for 90232 not found
Create input file for pfns for k= 19 and energy number 25 (out of 50)
MT3 for 90232 not found
MT  3 19 for 90232 not found
MT3 for 90232 not found
MT  3 20 for 90232 not found
Create input file for pfns for k= 20 and energy number 25 (out of 50)
MT3 for 90232 not found
MT  3 19 for 90232 not found
MT3 for 90232 not found
MT  3 20 for 90232 not found
Create input file for pfns for k= 21 and energy number 25 (out of 50)
MT3 for 90232 not found
MT  3 19 for 90232 not found
MT3 for 90232 not found
MT  3 20 for 90232 not found
Create input file for pfns for k= 22 and energy number 25 (out of 50)
MT3 for 90232 not found
MT  3 19 for 90232 not found
MT3 for 90232 not found
MT  3 20 for 90232 not found
Create input file for pfns for k= 23 and energy number 25 (out of 50)
MT3 for 90232 not found
MT  3 19 for 90232 not found
MT3 for 90232 not found
MT  3 20 for 90232 not found
Create input file for pfns for k= 24 and energy number 25 (out of 50)
MT3 for 90232 not found
MT  3 19 for 90232 not found
MT3 for 90232 not found
MT  3 20 for 90232 not found
Create input file for pfns for k= 25 and energy number 25 (out of 50)
MT3 for 90232 not found
MT  3 19 for 90232 not found
MT3 for 90232 not found
MT  3 20 for 90232 not found
Create input file for pfns for k= 26 and energy number 25 (out of 50)
MT3 for 90232 not found
MT  3 19 for 90232 not found
MT3 for 90232 not found
MT  3 20 for 90232 not found
Create input file for pfns for k= 27 and energy number 25 (out of 50)
MT3 for 90232 not found
MT  3 19 for 90232 not found
MT3 for 90232 not found
MT  3 20 for 90232 not found
Create input file for pfns for k= 28 and energy number 25 (out of 50)
MT3 for 90232 not found
MT  3 19 for 90232 not found
MT3 for 90232 not found
MT  3 20 for 90232 not found
Create input file for pfns for k= 29 and energy number 25 (out of 50)
MT3 for 90232 not found
MT  3 19 for 90232 not found
MT3 for 90232 not found
MT  3 20 for 90232 not found
Create input file for pfns for k= 30 and energy number 25 (out of 50)
MT3 for 90232 not found
MT  3 19 for 90232 not found
MT3 for 90232 not found
MT  3 20 for 90232 not found
Create input file for pfns for k= 31 and energy number 25 (out of 50)
MT3 for 90232 not found
MT  3 19 for 90232 not found
MT3 for 90232 not found
MT  3 20 for 90232 not found
Create input file for pfns for k= 32 and energy number 25 (out of 50)
MT3 for 90232 not found
MT  3 19 for 90232 not found
MT3 for 90232 not found
MT  3 20 for 90232 not found
Create input file for pfns for k= 33 and energy number 25 (out of 50)
MT3 for 90232 not found
MT  3 19 for 90232 not found
MT3 for 90232 not found
MT  3 20 for 90232 not found
Create input file for pfns for k= 34 and energy number 25 (out of 50)
MT3 for 90232 not found
MT  3 19 for 90232 not found
MT3 for 90232 not found
MT  3 20 for 90232 not found
Create input file for pfns for k= 35 and energy number 25 (out of 50)
MT3 for 90232 not found
MT  3 19 for 90232 not found
MT3 for 90232 not found
MT  3 20 for 90232 not found
Create input file for pfns for k= 36 and energy number 25 (out of 50)
MT3 for 90232 not found
MT  3 19 for 90232 not found
MT3 for 90232 not found
MT  3 20 for 90232 not found
Create input file for pfns for k= 37 and energy number 25 (out of 50)
MT3 for 90232 not found
MT  3 19 for 90232 not found
MT3 for 90232 not found
MT  3 20 for 90232 not found
Create input file for pfns for k= 38 and energy number 25 (out of 50)
MT3 for 90232 not found
MT  3 19 for 90232 not found
MT3 for 90232 not found
MT  3 20 for 90232 not found
Create input file for pfns for k= 39 and energy number 25 (out of 50)
MT3 for 90232 not found
MT  3 19 for 90232 not found
MT3 for 90232 not found
MT  3 20 for 90232 not found
Create input file for pfns for k= 40 and energy number 25 (out of 50)
MT3 for 90232 not found
MT  3 19 for 90232 not found
MT3 for 90232 not found
MT  3 20 for 90232 not found
Create input file for pfns for k= 41 and energy number 25 (out of 50)
MT3 for 90232 not found
MT  3 19 for 90232 not found
MT3 for 90232 not found
MT  3 20 for 90232 not found
Create input file for pfns for k= 42 and energy number 25 (out of 50)
MT3 for 90232 not found
MT  3 19 for 90232 not found
MT3 for 90232 not found
MT  3 20 for 90232 not found
Create input file for pfns for k= 43 and energy number 25 (out of 50)
MT3 for 90232 not found
MT  3 19 for 90232 not found
MT3 for 90232 not found
MT  3 20 for 90232 not found
Create input file for pfns for k= 44 and energy number 25 (out of 50)
MT3 for 90232 not found
MT  3 19 for 90232 not found
MT3 for 90232 not found
MT  3 20 for 90232 not found
Create input file for pfns for k= 45 and energy number 25 (out of 50)
MT3 for 90232 not found
MT  3 19 for 90232 not found
MT3 for 90232 not found
MT  3 20 for 90232 not found
Create input file for pfns for k= 46 and energy number 25 (out of 50)
MT3 for 90232 not found
MT  3 19 for 90232 not found
MT3 for 90232 not found
MT  3 20 for 90232 not found
Create input file for pfns for k= 47 and energy number 25 (out of 50)
MT3 for 90232 not found
MT  3 19 for 90232 not found
MT3 for 90232 not found
MT  3 20 for 90232 not found
Create input file for pfns for k= 48 and energy number 25 (out of 50)
MT3 for 90232 not found
MT  3 19 for 90232 not found
MT3 for 90232 not found
MT  3 20 for 90232 not found
Create input file for pfns for k= 49 and energy number 25 (out of 50)
MT3 for 90232 not found
MT  3 19 for 90232 not found
MT3 for 90232 not found
MT  3 20 for 90232 not found
Create input file for pfns for k= 50 and energy number 25 (out of 50)
MT3 for 90232 not found
MT  3 19 for 90232 not found
MT3 for 90232 not found
MT  3 20 for 90232 not found
Create input file for pfns for k= 51 and energy number 25 (out of 50)
MT3 for 90232 not found
MT  3 19 for 90232 not found
MT3 for 90232 not found
MT  3 20 for 90232 not found
Create input file for pfns for k= 52 and energy number 25 (out of 50)
MT3 for 90232 not found
MT  3 19 for 90232 not found
MT3 for 90232 not found
MT  3 20 for 90232 not found
Create input file for pfns for k= 53 and energy number 25 (out of 50)
MT3 for 90232 not found
MT  3 19 for 90232 not found
MT3 for 90232 not found
MT  3 20 for 90232 not found
Create input file for pfns for k= 54 and energy number 25 (out of 50)
MT3 for 90232 not found
MT  3 19 for 90232 not found
MT3 for 90232 not found
MT  3 20 for 90232 not found
Create input file for pfns for k= 55 and energy number 25 (out of 50)
MT3 for 90232 not found
MT  3 19 for 90232 not found
MT3 for 90232 not found
MT  3 20 for 90232 not found
Create input file for pfns for k= 56 and energy number 25 (out of 50)
MT3 for 90232 not found
MT  3 19 for 90232 not found
MT3 for 90232 not found
MT  3 20 for 90232 not found
Create input file for pfns for k= 57 and energy number 25 (out of 50)
MT3 for 90232 not found
MT  3 19 for 90232 not found
MT3 for 90232 not found
MT  3 20 for 90232 not found
Create input file for pfns for k= 58 and energy number 25 (out of 50)
MT3 for 90232 not found
MT  3 19 for 90232 not found
MT3 for 90232 not found
MT  3 20 for 90232 not found
Create input file for pfns for k= 59 and energy number 25 (out of 50)
MT3 for 90232 not found
MT  3 19 for 90232 not found
MT3 for 90232 not found
MT  3 20 for 90232 not found
Create input file for pfns for k= 60 and energy number 25 (out of 50)
MT3 for 90232 not found
MT  3 19 for 90232 not found
MT3 for 90232 not found
MT  3 20 for 90232 not found
Create input file for pfns for k= 61 and energy number 25 (out of 50)
MT3 for 90232 not found
MT  3 19 for 90232 not found
MT3 for 90232 not found
MT  3 20 for 90232 not found
Create input file for pfns for k= 62 and energy number 25 (out of 50)
MT3 for 90232 not found
MT  3 19 for 90232 not found
MT3 for 90232 not found
MT  3 20 for 90232 not found
Create input file for pfns for k= 63 and energy number 25 (out of 50)
MT3 for 90232 not found
MT  3 19 for 90232 not found
MT3 for 90232 not found
MT  3 20 for 90232 not found
Create input file for pfns for k= 64 and energy number 25 (out of 50)
MT3 for 90232 not found
MT  3 19 for 90232 not found
MT3 for 90232 not found
MT  3 20 for 90232 not found
Create input file for pfns for k= 65 and energy number 25 (out of 50)
MT3 for 90232 not found
MT  3 19 for 90232 not found
MT3 for 90232 not found
MT  3 20 for 90232 not found
Create input file for pfns for k= 66 and energy number 25 (out of 50)
MT3 for 90232 not found
MT  3 19 for 90232 not found
MT3 for 90232 not found
MT  3 20 for 90232 not found
Create input file for pfns for k= 67 and energy number 25 (out of 50)
MT3 for 90232 not found
MT  3 19 for 90232 not found
MT3 for 90232 not found
MT  3 20 for 90232 not found
Create input file for pfns for k= 68 and energy number 25 (out of 50)
MT3 for 90232 not found
MT  3 19 for 90232 not found
MT3 for 90232 not found
MT  3 20 for 90232 not found
Create input file for pfns for k= 69 and energy number 25 (out of 50)
MT3 for 90232 not found
MT  3 19 for 90232 not found
MT3 for 90232 not found
MT  3 20 for 90232 not found
Create input file for pfns for k= 70 and energy number 25 (out of 50)
MT3 for 90232 not found
MT  3 19 for 90232 not found
MT3 for 90232 not found
MT  3 20 for 90232 not found
Create input file for pfns for k= 71 and energy number 25 (out of 50)
MT3 for 90232 not found
MT  3 19 for 90232 not found
MT3 for 90232 not found
MT  3 20 for 90232 not found
Create input file for pfns for k= 72 and energy number 25 (out of 50)
MT3 for 90232 not found
MT  3 19 for 90232 not found
MT3 for 90232 not found
MT  3 20 for 90232 not found
Create input file for pfns for k= 73 and energy number 25 (out of 50)
MT3 for 90232 not found
MT  3 19 for 90232 not found
MT3 for 90232 not found
MT  3 20 for 90232 not found
Create input file for pfns for k= 74 and energy number 25 (out of 50)
MT3 for 90232 not found
MT  3 19 for 90232 not found
MT3 for 90232 not found
MT  3 20 for 90232 not found
Create input file for pfns for k= 75 and energy number 25 (out of 50)
MT3 for 90232 not found
MT  3 19 for 90232 not found
MT3 for 90232 not found
MT  3 20 for 90232 not found
Create input file for pfns for k= 76 and energy number 25 (out of 50)
MT3 for 90232 not found
MT  3 19 for 90232 not found
MT3 for 90232 not found
MT  3 20 for 90232 not found
Create input file for pfns for k= 77 and energy number 25 (out of 50)
MT3 for 90232 not found
MT  3 19 for 90232 not found
MT3 for 90232 not found
MT  3 20 for 90232 not found
Create input file for pfns for k= 78 and energy number 25 (out of 50)
MT3 for 90232 not found
MT  3 19 for 90232 not found
MT3 for 90232 not found
MT  3 20 for 90232 not found
Create input file for pfns for k= 79 and energy number 25 (out of 50)
MT3 for 90232 not found
MT  3 19 for 90232 not found
MT3 for 90232 not found
MT  3 20 for 90232 not found
Create input file for pfns for k= 80 and energy number 25 (out of 50)
MT3 for 90232 not found
MT  3 19 for 90232 not found
MT3 for 90232 not found
MT  3 20 for 90232 not found
Create input file for pfns for k= 81 and energy number 25 (out of 50)
MT3 for 90232 not found
MT  3 19 for 90232 not found
MT3 for 90232 not found
MT  3 20 for 90232 not found
Create input file for pfns for k= 82 and energy number 25 (out of 50)
MT3 for 90232 not found
MT  3 19 for 90232 not found
MT3 for 90232 not found
MT  3 20 for 90232 not found
Create input file for pfns for k= 83 and energy number 25 (out of 50)
MT3 for 90232 not found
MT  3 19 for 90232 not found
MT3 for 90232 not found
MT  3 20 for 90232 not found
Create input file for pfns for k= 84 and energy number 25 (out of 50)
MT3 for 90232 not found
MT  3 19 for 90232 not found
MT3 for 90232 not found
MT  3 20 for 90232 not found
Create input file for pfns for k= 85 and energy number 25 (out of 50)
MT3 for 90232 not found
MT  3 19 for 90232 not found
MT3 for 90232 not found
MT  3 20 for 90232 not found
Create input file for pfns for k= 86 and energy number 25 (out of 50)
MT3 for 90232 not found
MT  3 19 for 90232 not found
MT3 for 90232 not found
MT  3 20 for 90232 not found
Create input file for pfns for k= 87 and energy number 25 (out of 50)
MT3 for 90232 not found
MT  3 19 for 90232 not found
MT3 for 90232 not found
MT  3 20 for 90232 not found
Create input file for pfns for k= 88 and energy number 25 (out of 50)
MT3 for 90232 not found
MT  3 19 for 90232 not found
MT3 for 90232 not found
MT  3 20 for 90232 not found
Create input file for pfns for k= 89 and energy number 25 (out of 50)
MT3 for 90232 not found
MT  3 19 for 90232 not found
MT3 for 90232 not found
MT  3 20 for 90232 not found
Create input file for pfns for k= 90 and energy number 25 (out of 50)
MT3 for 90232 not found
MT  3 19 for 90232 not found
MT3 for 90232 not found
MT  3 20 for 90232 not found
Create input file for pfns for k= 91 and energy number 25 (out of 50)
MT3 for 90232 not found
MT  3 19 for 90232 not found
MT3 for 90232 not found
MT  3 20 for 90232 not found
Create input file for pfns for k= 92 and energy number 25 (out of 50)
MT3 for 90232 not found
MT  3 19 for 90232 not found
MT3 for 90232 not found
MT  3 20 for 90232 not found
Create input file for pfns for k= 93 and energy number 25 (out of 50)
MT3 for 90232 not found
MT  3 19 for 90232 not found
MT3 for 90232 not found
MT  3 20 for 90232 not found
Create input file for pfns for k= 94 and energy number 25 (out of 50)
MT3 for 90232 not found
MT  3 19 for 90232 not found
MT3 for 90232 not found
MT  3 20 for 90232 not found
Create input file for pfns for k= 95 and energy number 25 (out of 50)
MT3 for 90232 not found
MT  3 19 for 90232 not found
MT3 for 90232 not found
MT  3 20 for 90232 not found
Create input file for pfns for k= 96 and energy number 25 (out of 50)
MT3 for 90232 not found
MT  3 19 for 90232 not found
MT3 for 90232 not found
MT  3 20 for 90232 not found
Create input file for pfns for k= 97 and energy number 25 (out of 50)
MT3 for 90232 not found
MT  3 19 for 90232 not found
MT3 for 90232 not found
MT  3 20 for 90232 not found
Create input file for pfns for k= 98 and energy number 25 (out of 50)
MT3 for 90232 not found
MT  3 19 for 90232 not found
MT3 for 90232 not found
MT  3 20 for 90232 not found
Create input file for pfns for k= 99 and energy number 25 (out of 50)
MT3 for 90232 not found
MT  3 19 for 90232 not found
MT3 for 90232 not found
MT  3 20 for 90232 not found
Create input file for pfns for k= 100 and energy number 25 (out of 50)
MT3 for 90232 not found
MT  3 19 for 90232 not found
MT3 for 90232 not found
MT  3 20 for 90232 not found
Create input file for pfns for k= 0 and energy number 26 (out of 50)
MT3 for 90232 not found
MT  3 19 for 90232 not found
MT3 for 90232 not found
MT  3 20 for 90232 not found
Create input file for pfns for k= 1 and energy number 26 (out of 50)
MT3 for 90232 not found
MT  3 19 for 90232 not found
MT3 for 90232 not found
MT  3 20 for 90232 not found
Create input file for pfns for k= 2 and energy number 26 (out of 50)
MT3 for 90232 not found
MT  3 19 for 90232 not found
MT3 for 90232 not found
MT  3 20 for 90232 not found
Create input file for pfns for k= 3 and energy number 26 (out of 50)
MT3 for 90232 not found
MT  3 19 for 90232 not found
MT3 for 90232 not found
MT  3 20 for 90232 not found
Create input file for pfns for k= 4 and energy number 26 (out of 50)
MT3 for 90232 not found
MT  3 19 for 90232 not found
MT3 for 90232 not found
MT  3 20 for 90232 not found
Create input file for pfns for k= 5 and energy number 26 (out of 50)
MT3 for 90232 not found
MT  3 19 for 90232 not found
MT3 for 90232 not found
MT  3 20 for 90232 not found
Create input file for pfns for k= 6 and energy number 26 (out of 50)
MT3 for 90232 not found
MT  3 19 for 90232 not found
MT3 for 90232 not found
MT  3 20 for 90232 not found
Create input file for pfns for k= 7 and energy number 26 (out of 50)
MT3 for 90232 not found
MT  3 19 for 90232 not found
MT3 for 90232 not found
MT  3 20 for 90232 not found
Create input file for pfns for k= 8 and energy number 26 (out of 50)
MT3 for 90232 not found
MT  3 19 for 90232 not found
MT3 for 90232 not found
MT  3 20 for 90232 not found
Create input file for pfns for k= 9 and energy number 26 (out of 50)
MT3 for 90232 not found
MT  3 19 for 90232 not found
MT3 for 90232 not found
MT  3 20 for 90232 not found
Create input file for pfns for k= 10 and energy number 26 (out of 50)
MT3 for 90232 not found
MT  3 19 for 90232 not found
MT3 for 90232 not found
MT  3 20 for 90232 not found
Create input file for pfns for k= 11 and energy number 26 (out of 50)
MT3 for 90232 not found
MT  3 19 for 90232 not found
MT3 for 90232 not found
MT  3 20 for 90232 not found
Create input file for pfns for k= 12 and energy number 26 (out of 50)
MT3 for 90232 not found
MT  3 19 for 90232 not found
MT3 for 90232 not found
MT  3 20 for 90232 not found
Create input file for pfns for k= 13 and energy number 26 (out of 50)
MT3 for 90232 not found
MT  3 19 for 90232 not found
MT3 for 90232 not found
MT  3 20 for 90232 not found
Create input file for pfns for k= 14 and energy number 26 (out of 50)
MT3 for 90232 not found
MT  3 19 for 90232 not found
MT3 for 90232 not found
MT  3 20 for 90232 not found
Create input file for pfns for k= 15 and energy number 26 (out of 50)
MT3 for 90232 not found
MT  3 19 for 90232 not found
MT3 for 90232 not found
MT  3 20 for 90232 not found
Create input file for pfns for k= 16 and energy number 26 (out of 50)
MT3 for 90232 not found
MT  3 19 for 90232 not found
MT3 for 90232 not found
MT  3 20 for 90232 not found
Create input file for pfns for k= 17 and energy number 26 (out of 50)
MT3 for 90232 not found
MT  3 19 for 90232 not found
MT3 for 90232 not found
MT  3 20 for 90232 not found
Create input file for pfns for k= 18 and energy number 26 (out of 50)
MT3 for 90232 not found
MT  3 19 for 90232 not found
MT3 for 90232 not found
MT  3 20 for 90232 not found
Create input file for pfns for k= 19 and energy number 26 (out of 50)
MT3 for 90232 not found
MT  3 19 for 90232 not found
MT3 for 90232 not found
MT  3 20 for 90232 not found
Create input file for pfns for k= 20 and energy number 26 (out of 50)
MT3 for 90232 not found
MT  3 19 for 90232 not found
MT3 for 90232 not found
MT  3 20 for 90232 not found
Create input file for pfns for k= 21 and energy number 26 (out of 50)
MT3 for 90232 not found
MT  3 19 for 90232 not found
MT3 for 90232 not found
MT  3 20 for 90232 not found
Create input file for pfns for k= 22 and energy number 26 (out of 50)
MT3 for 90232 not found
MT  3 19 for 90232 not found
MT3 for 90232 not found
MT  3 20 for 90232 not found
Create input file for pfns for k= 23 and energy number 26 (out of 50)
MT3 for 90232 not found
MT  3 19 for 90232 not found
MT3 for 90232 not found
MT  3 20 for 90232 not found
Create input file for pfns for k= 24 and energy number 26 (out of 50)
MT3 for 90232 not found
MT  3 19 for 90232 not found
MT3 for 90232 not found
MT  3 20 for 90232 not found
Create input file for pfns for k= 25 and energy number 26 (out of 50)
MT3 for 90232 not found
MT  3 19 for 90232 not found
MT3 for 90232 not found
MT  3 20 for 90232 not found
Create input file for pfns for k= 26 and energy number 26 (out of 50)
MT3 for 90232 not found
MT  3 19 for 90232 not found
MT3 for 90232 not found
MT  3 20 for 90232 not found
Create input file for pfns for k= 27 and energy number 26 (out of 50)
MT3 for 90232 not found
MT  3 19 for 90232 not found
MT3 for 90232 not found
MT  3 20 for 90232 not found
Create input file for pfns for k= 28 and energy number 26 (out of 50)
MT3 for 90232 not found
MT  3 19 for 90232 not found
MT3 for 90232 not found
MT  3 20 for 90232 not found
Create input file for pfns for k= 29 and energy number 26 (out of 50)
MT3 for 90232 not found
MT  3 19 for 90232 not found
MT3 for 90232 not found
MT  3 20 for 90232 not found
Create input file for pfns for k= 30 and energy number 26 (out of 50)
MT3 for 90232 not found
MT  3 19 for 90232 not found
MT3 for 90232 not found
MT  3 20 for 90232 not found
Create input file for pfns for k= 31 and energy number 26 (out of 50)
MT3 for 90232 not found
MT  3 19 for 90232 not found
MT3 for 90232 not found
MT  3 20 for 90232 not found
Create input file for pfns for k= 32 and energy number 26 (out of 50)
MT3 for 90232 not found
MT  3 19 for 90232 not found
MT3 for 90232 not found
MT  3 20 for 90232 not found
Create input file for pfns for k= 33 and energy number 26 (out of 50)
MT3 for 90232 not found
MT  3 19 for 90232 not found
MT3 for 90232 not found
MT  3 20 for 90232 not found
Create input file for pfns for k= 34 and energy number 26 (out of 50)
MT3 for 90232 not found
MT  3 19 for 90232 not found
MT3 for 90232 not found
MT  3 20 for 90232 not found
Create input file for pfns for k= 35 and energy number 26 (out of 50)
MT3 for 90232 not found
MT  3 19 for 90232 not found
MT3 for 90232 not found
MT  3 20 for 90232 not found
Create input file for pfns for k= 36 and energy number 26 (out of 50)
MT3 for 90232 not found
MT  3 19 for 90232 not found
MT3 for 90232 not found
MT  3 20 for 90232 not found
Create input file for pfns for k= 37 and energy number 26 (out of 50)
MT3 for 90232 not found
MT  3 19 for 90232 not found
MT3 for 90232 not found
MT  3 20 for 90232 not found
Create input file for pfns for k= 38 and energy number 26 (out of 50)
MT3 for 90232 not found
MT  3 19 for 90232 not found
MT3 for 90232 not found
MT  3 20 for 90232 not found
Create input file for pfns for k= 39 and energy number 26 (out of 50)
MT3 for 90232 not found
MT  3 19 for 90232 not found
MT3 for 90232 not found
MT  3 20 for 90232 not found
Create input file for pfns for k= 40 and energy number 26 (out of 50)
MT3 for 90232 not found
MT  3 19 for 90232 not found
MT3 for 90232 not found
MT  3 20 for 90232 not found
Create input file for pfns for k= 41 and energy number 26 (out of 50)
MT3 for 90232 not found
MT  3 19 for 90232 not found
MT3 for 90232 not found
MT  3 20 for 90232 not found
Create input file for pfns for k= 42 and energy number 26 (out of 50)
MT3 for 90232 not found
MT  3 19 for 90232 not found
MT3 for 90232 not found
MT  3 20 for 90232 not found
Create input file for pfns for k= 43 and energy number 26 (out of 50)
MT3 for 90232 not found
MT  3 19 for 90232 not found
MT3 for 90232 not found
MT  3 20 for 90232 not found
Create input file for pfns for k= 44 and energy number 26 (out of 50)
MT3 for 90232 not found
MT  3 19 for 90232 not found
MT3 for 90232 not found
MT  3 20 for 90232 not found
Create input file for pfns for k= 45 and energy number 26 (out of 50)
MT3 for 90232 not found
MT  3 19 for 90232 not found
MT3 for 90232 not found
MT  3 20 for 90232 not found
Create input file for pfns for k= 46 and energy number 26 (out of 50)
MT3 for 90232 not found
MT  3 19 for 90232 not found
MT3 for 90232 not found
MT  3 20 for 90232 not found
Create input file for pfns for k= 47 and energy number 26 (out of 50)
MT3 for 90232 not found
MT  3 19 for 90232 not found
MT3 for 90232 not found
MT  3 20 for 90232 not found
Create input file for pfns for k= 48 and energy number 26 (out of 50)
MT3 for 90232 not found
MT  3 19 for 90232 not found
MT3 for 90232 not found
MT  3 20 for 90232 not found
Create input file for pfns for k= 49 and energy number 26 (out of 50)
MT3 for 90232 not found
MT  3 19 for 90232 not found
MT3 for 90232 not found
MT  3 20 for 90232 not found
Create input file for pfns for k= 50 and energy number 26 (out of 50)
MT3 for 90232 not found
MT  3 19 for 90232 not found
MT3 for 90232 not found
MT  3 20 for 90232 not found
Create input file for pfns for k= 51 and energy number 26 (out of 50)
MT3 for 90232 not found
MT  3 19 for 90232 not found
MT3 for 90232 not found
MT  3 20 for 90232 not found
Create input file for pfns for k= 52 and energy number 26 (out of 50)
MT3 for 90232 not found
MT  3 19 for 90232 not found
MT3 for 90232 not found
MT  3 20 for 90232 not found
Create input file for pfns for k= 53 and energy number 26 (out of 50)
MT3 for 90232 not found
MT  3 19 for 90232 not found
MT3 for 90232 not found
MT  3 20 for 90232 not found
Create input file for pfns for k= 54 and energy number 26 (out of 50)
MT3 for 90232 not found
MT  3 19 for 90232 not found
MT3 for 90232 not found
MT  3 20 for 90232 not found
Create input file for pfns for k= 55 and energy number 26 (out of 50)
MT3 for 90232 not found
MT  3 19 for 90232 not found
MT3 for 90232 not found
MT  3 20 for 90232 not found
Create input file for pfns for k= 56 and energy number 26 (out of 50)
MT3 for 90232 not found
MT  3 19 for 90232 not found
MT3 for 90232 not found
MT  3 20 for 90232 not found
Create input file for pfns for k= 57 and energy number 26 (out of 50)
MT3 for 90232 not found
MT  3 19 for 90232 not found
MT3 for 90232 not found
MT  3 20 for 90232 not found
Create input file for pfns for k= 58 and energy number 26 (out of 50)
MT3 for 90232 not found
MT  3 19 for 90232 not found
MT3 for 90232 not found
MT  3 20 for 90232 not found
Create input file for pfns for k= 59 and energy number 26 (out of 50)
MT3 for 90232 not found
MT  3 19 for 90232 not found
MT3 for 90232 not found
MT  3 20 for 90232 not found
Create input file for pfns for k= 60 and energy number 26 (out of 50)
MT3 for 90232 not found
MT  3 19 for 90232 not found
MT3 for 90232 not found
MT  3 20 for 90232 not found
Create input file for pfns for k= 61 and energy number 26 (out of 50)
MT3 for 90232 not found
MT  3 19 for 90232 not found
MT3 for 90232 not found
MT  3 20 for 90232 not found
Create input file for pfns for k= 62 and energy number 26 (out of 50)
MT3 for 90232 not found
MT  3 19 for 90232 not found
MT3 for 90232 not found
MT  3 20 for 90232 not found
Create input file for pfns for k= 63 and energy number 26 (out of 50)
MT3 for 90232 not found
MT  3 19 for 90232 not found
MT3 for 90232 not found
MT  3 20 for 90232 not found
Create input file for pfns for k= 64 and energy number 26 (out of 50)
MT3 for 90232 not found
MT  3 19 for 90232 not found
MT3 for 90232 not found
MT  3 20 for 90232 not found
Create input file for pfns for k= 65 and energy number 26 (out of 50)
MT3 for 90232 not found
MT  3 19 for 90232 not found
MT3 for 90232 not found
MT  3 20 for 90232 not found
Create input file for pfns for k= 66 and energy number 26 (out of 50)
MT3 for 90232 not found
MT  3 19 for 90232 not found
MT3 for 90232 not found
MT  3 20 for 90232 not found
Create input file for pfns for k= 67 and energy number 26 (out of 50)
MT3 for 90232 not found
MT  3 19 for 90232 not found
MT3 for 90232 not found
MT  3 20 for 90232 not found
Create input file for pfns for k= 68 and energy number 26 (out of 50)
MT3 for 90232 not found
MT  3 19 for 90232 not found
MT3 for 90232 not found
MT  3 20 for 90232 not found
Create input file for pfns for k= 69 and energy number 26 (out of 50)
MT3 for 90232 not found
MT  3 19 for 90232 not found
MT3 for 90232 not found
MT  3 20 for 90232 not found
Create input file for pfns for k= 70 and energy number 26 (out of 50)
MT3 for 90232 not found
MT  3 19 for 90232 not found
MT3 for 90232 not found
MT  3 20 for 90232 not found
Create input file for pfns for k= 71 and energy number 26 (out of 50)
MT3 for 90232 not found
MT  3 19 for 90232 not found
MT3 for 90232 not found
MT  3 20 for 90232 not found
Create input file for pfns for k= 72 and energy number 26 (out of 50)
MT3 for 90232 not found
MT  3 19 for 90232 not found
MT3 for 90232 not found
MT  3 20 for 90232 not found
Create input file for pfns for k= 73 and energy number 26 (out of 50)
MT3 for 90232 not found
MT  3 19 for 90232 not found
MT3 for 90232 not found
MT  3 20 for 90232 not found
Create input file for pfns for k= 74 and energy number 26 (out of 50)
MT3 for 90232 not found
MT  3 19 for 90232 not found
MT3 for 90232 not found
MT  3 20 for 90232 not found
Create input file for pfns for k= 75 and energy number 26 (out of 50)
MT3 for 90232 not found
MT  3 19 for 90232 not found
MT3 for 90232 not found
MT  3 20 for 90232 not found
Create input file for pfns for k= 76 and energy number 26 (out of 50)
MT3 for 90232 not found
MT  3 19 for 90232 not found
MT3 for 90232 not found
MT  3 20 for 90232 not found
Create input file for pfns for k= 77 and energy number 26 (out of 50)
MT3 for 90232 not found
MT  3 19 for 90232 not found
MT3 for 90232 not found
MT  3 20 for 90232 not found
Create input file for pfns for k= 78 and energy number 26 (out of 50)
MT3 for 90232 not found
MT  3 19 for 90232 not found
MT3 for 90232 not found
MT  3 20 for 90232 not found
Create input file for pfns for k= 79 and energy number 26 (out of 50)
MT3 for 90232 not found
MT  3 19 for 90232 not found
MT3 for 90232 not found
MT  3 20 for 90232 not found
Create input file for pfns for k= 80 and energy number 26 (out of 50)
MT3 for 90232 not found
MT  3 19 for 90232 not found
MT3 for 90232 not found
MT  3 20 for 90232 not found
Create input file for pfns for k= 81 and energy number 26 (out of 50)
MT3 for 90232 not found
MT  3 19 for 90232 not found
MT3 for 90232 not found
MT  3 20 for 90232 not found
Create input file for pfns for k= 82 and energy number 26 (out of 50)
MT3 for 90232 not found
MT  3 19 for 90232 not found
MT3 for 90232 not found
MT  3 20 for 90232 not found
Create input file for pfns for k= 83 and energy number 26 (out of 50)
MT3 for 90232 not found
MT  3 19 for 90232 not found
MT3 for 90232 not found
MT  3 20 for 90232 not found
Create input file for pfns for k= 84 and energy number 26 (out of 50)
MT3 for 90232 not found
MT  3 19 for 90232 not found
MT3 for 90232 not found
MT  3 20 for 90232 not found
Create input file for pfns for k= 85 and energy number 26 (out of 50)
MT3 for 90232 not found
MT  3 19 for 90232 not found
MT3 for 90232 not found
MT  3 20 for 90232 not found
Create input file for pfns for k= 86 and energy number 26 (out of 50)
MT3 for 90232 not found
MT  3 19 for 90232 not found
MT3 for 90232 not found
MT  3 20 for 90232 not found
Create input file for pfns for k= 87 and energy number 26 (out of 50)
MT3 for 90232 not found
MT  3 19 for 90232 not found
MT3 for 90232 not found
MT  3 20 for 90232 not found
Create input file for pfns for k= 88 and energy number 26 (out of 50)
MT3 for 90232 not found
MT  3 19 for 90232 not found
MT3 for 90232 not found
MT  3 20 for 90232 not found
Create input file for pfns for k= 89 and energy number 26 (out of 50)
MT3 for 90232 not found
MT  3 19 for 90232 not found
MT3 for 90232 not found
MT  3 20 for 90232 not found
Create input file for pfns for k= 90 and energy number 26 (out of 50)
MT3 for 90232 not found
MT  3 19 for 90232 not found
MT3 for 90232 not found
MT  3 20 for 90232 not found
Create input file for pfns for k= 91 and energy number 26 (out of 50)
MT3 for 90232 not found
MT  3 19 for 90232 not found
MT3 for 90232 not found
MT  3 20 for 90232 not found
Create input file for pfns for k= 92 and energy number 26 (out of 50)
MT3 for 90232 not found
MT  3 19 for 90232 not found
MT3 for 90232 not found
MT  3 20 for 90232 not found
Create input file for pfns for k= 93 and energy number 26 (out of 50)
MT3 for 90232 not found
MT  3 19 for 90232 not found
MT3 for 90232 not found
MT  3 20 for 90232 not found
Create input file for pfns for k= 94 and energy number 26 (out of 50)
MT3 for 90232 not found
MT  3 19 for 90232 not found
MT3 for 90232 not found
MT  3 20 for 90232 not found
Create input file for pfns for k= 95 and energy number 26 (out of 50)
MT3 for 90232 not found
MT  3 19 for 90232 not found
MT3 for 90232 not found
MT  3 20 for 90232 not found
Create input file for pfns for k= 96 and energy number 26 (out of 50)
MT3 for 90232 not found
MT  3 19 for 90232 not found
MT3 for 90232 not found
MT  3 20 for 90232 not found
Create input file for pfns for k= 97 and energy number 26 (out of 50)
MT3 for 90232 not found
MT  3 19 for 90232 not found
MT3 for 90232 not found
MT  3 20 for 90232 not found
Create input file for pfns for k= 98 and energy number 26 (out of 50)
MT3 for 90232 not found
MT  3 19 for 90232 not found
MT3 for 90232 not found
MT  3 20 for 90232 not found
Create input file for pfns for k= 99 and energy number 26 (out of 50)
MT3 for 90232 not found
MT  3 19 for 90232 not found
MT3 for 90232 not found
MT  3 20 for 90232 not found
Create input file for pfns for k= 100 and energy number 26 (out of 50)
MT3 for 90232 not found
MT  3 19 for 90232 not found
MT3 for 90232 not found
MT  3 20 for 90232 not found
Create input file for pfns for k= 0 and energy number 27 (out of 50)
MT3 for 90232 not found
MT  3 19 for 90232 not found
MT3 for 90232 not found
MT  3 20 for 90232 not found
Create input file for pfns for k= 1 and energy number 27 (out of 50)
MT3 for 90232 not found
MT  3 19 for 90232 not found
MT3 for 90232 not found
MT  3 20 for 90232 not found
Create input file for pfns for k= 2 and energy number 27 (out of 50)
MT3 for 90232 not found
MT  3 19 for 90232 not found
MT3 for 90232 not found
MT  3 20 for 90232 not found
Create input file for pfns for k= 3 and energy number 27 (out of 50)
MT3 for 90232 not found
MT  3 19 for 90232 not found
MT3 for 90232 not found
MT  3 20 for 90232 not found
Create input file for pfns for k= 4 and energy number 27 (out of 50)
MT3 for 90232 not found
MT  3 19 for 90232 not found
MT3 for 90232 not found
MT  3 20 for 90232 not found
Create input file for pfns for k= 5 and energy number 27 (out of 50)
MT3 for 90232 not found
MT  3 19 for 90232 not found
MT3 for 90232 not found
MT  3 20 for 90232 not found
Create input file for pfns for k= 6 and energy number 27 (out of 50)
MT3 for 90232 not found
MT  3 19 for 90232 not found
MT3 for 90232 not found
MT  3 20 for 90232 not found
Create input file for pfns for k= 7 and energy number 27 (out of 50)
MT3 for 90232 not found
MT  3 19 for 90232 not found
MT3 for 90232 not found
MT  3 20 for 90232 not found
Create input file for pfns for k= 8 and energy number 27 (out of 50)
MT3 for 90232 not found
MT  3 19 for 90232 not found
MT3 for 90232 not found
MT  3 20 for 90232 not found
Create input file for pfns for k= 9 and energy number 27 (out of 50)
MT3 for 90232 not found
MT  3 19 for 90232 not found
MT3 for 90232 not found
MT  3 20 for 90232 not found
Create input file for pfns for k= 10 and energy number 27 (out of 50)
MT3 for 90232 not found
MT  3 19 for 90232 not found
MT3 for 90232 not found
MT  3 20 for 90232 not found
Create input file for pfns for k= 11 and energy number 27 (out of 50)
MT3 for 90232 not found
MT  3 19 for 90232 not found
MT3 for 90232 not found
MT  3 20 for 90232 not found
Create input file for pfns for k= 12 and energy number 27 (out of 50)
MT3 for 90232 not found
MT  3 19 for 90232 not found
MT3 for 90232 not found
MT  3 20 for 90232 not found
Create input file for pfns for k= 13 and energy number 27 (out of 50)
MT3 for 90232 not found
MT  3 19 for 90232 not found
MT3 for 90232 not found
MT  3 20 for 90232 not found
Create input file for pfns for k= 14 and energy number 27 (out of 50)
MT3 for 90232 not found
MT  3 19 for 90232 not found
MT3 for 90232 not found
MT  3 20 for 90232 not found
Create input file for pfns for k= 15 and energy number 27 (out of 50)
MT3 for 90232 not found
MT  3 19 for 90232 not found
MT3 for 90232 not found
MT  3 20 for 90232 not found
Create input file for pfns for k= 16 and energy number 27 (out of 50)
MT3 for 90232 not found
MT  3 19 for 90232 not found
MT3 for 90232 not found
MT  3 20 for 90232 not found
Create input file for pfns for k= 17 and energy number 27 (out of 50)
MT3 for 90232 not found
MT  3 19 for 90232 not found
MT3 for 90232 not found
MT  3 20 for 90232 not found
Create input file for pfns for k= 18 and energy number 27 (out of 50)
MT3 for 90232 not found
MT  3 19 for 90232 not found
MT3 for 90232 not found
MT  3 20 for 90232 not found
Create input file for pfns for k= 19 and energy number 27 (out of 50)
MT3 for 90232 not found
MT  3 19 for 90232 not found
MT3 for 90232 not found
MT  3 20 for 90232 not found
Create input file for pfns for k= 20 and energy number 27 (out of 50)
MT3 for 90232 not found
MT  3 19 for 90232 not found
MT3 for 90232 not found
MT  3 20 for 90232 not found
Create input file for pfns for k= 21 and energy number 27 (out of 50)
MT3 for 90232 not found
MT  3 19 for 90232 not found
MT3 for 90232 not found
MT  3 20 for 90232 not found
Create input file for pfns for k= 22 and energy number 27 (out of 50)
MT3 for 90232 not found
MT  3 19 for 90232 not found
MT3 for 90232 not found
MT  3 20 for 90232 not found
Create input file for pfns for k= 23 and energy number 27 (out of 50)
MT3 for 90232 not found
MT  3 19 for 90232 not found
MT3 for 90232 not found
MT  3 20 for 90232 not found
Create input file for pfns for k= 24 and energy number 27 (out of 50)
MT3 for 90232 not found
MT  3 19 for 90232 not found
MT3 for 90232 not found
MT  3 20 for 90232 not found
Create input file for pfns for k= 25 and energy number 27 (out of 50)
MT3 for 90232 not found
MT  3 19 for 90232 not found
MT3 for 90232 not found
MT  3 20 for 90232 not found
Create input file for pfns for k= 26 and energy number 27 (out of 50)
MT3 for 90232 not found
MT  3 19 for 90232 not found
MT3 for 90232 not found
MT  3 20 for 90232 not found
Create input file for pfns for k= 27 and energy number 27 (out of 50)
MT3 for 90232 not found
MT  3 19 for 90232 not found
MT3 for 90232 not found
MT  3 20 for 90232 not found
Create input file for pfns for k= 28 and energy number 27 (out of 50)
MT3 for 90232 not found
MT  3 19 for 90232 not found
MT3 for 90232 not found
MT  3 20 for 90232 not found
Create input file for pfns for k= 29 and energy number 27 (out of 50)
MT3 for 90232 not found
MT  3 19 for 90232 not found
MT3 for 90232 not found
MT  3 20 for 90232 not found
Create input file for pfns for k= 30 and energy number 27 (out of 50)
MT3 for 90232 not found
MT  3 19 for 90232 not found
MT3 for 90232 not found
MT  3 20 for 90232 not found
Create input file for pfns for k= 31 and energy number 27 (out of 50)
MT3 for 90232 not found
MT  3 19 for 90232 not found
MT3 for 90232 not found
MT  3 20 for 90232 not found
Create input file for pfns for k= 32 and energy number 27 (out of 50)
MT3 for 90232 not found
MT  3 19 for 90232 not found
MT3 for 90232 not found
MT  3 20 for 90232 not found
Create input file for pfns for k= 33 and energy number 27 (out of 50)
MT3 for 90232 not found
MT  3 19 for 90232 not found
MT3 for 90232 not found
MT  3 20 for 90232 not found
Create input file for pfns for k= 34 and energy number 27 (out of 50)
MT3 for 90232 not found
MT  3 19 for 90232 not found
MT3 for 90232 not found
MT  3 20 for 90232 not found
Create input file for pfns for k= 35 and energy number 27 (out of 50)
MT3 for 90232 not found
MT  3 19 for 90232 not found
MT3 for 90232 not found
MT  3 20 for 90232 not found
Create input file for pfns for k= 36 and energy number 27 (out of 50)
MT3 for 90232 not found
MT  3 19 for 90232 not found
MT3 for 90232 not found
MT  3 20 for 90232 not found
Create input file for pfns for k= 37 and energy number 27 (out of 50)
MT3 for 90232 not found
MT  3 19 for 90232 not found
MT3 for 90232 not found
MT  3 20 for 90232 not found
Create input file for pfns for k= 38 and energy number 27 (out of 50)
MT3 for 90232 not found
MT  3 19 for 90232 not found
MT3 for 90232 not found
MT  3 20 for 90232 not found
Create input file for pfns for k= 39 and energy number 27 (out of 50)
MT3 for 90232 not found
MT  3 19 for 90232 not found
MT3 for 90232 not found
MT  3 20 for 90232 not found
Create input file for pfns for k= 40 and energy number 27 (out of 50)
MT3 for 90232 not found
MT  3 19 for 90232 not found
MT3 for 90232 not found
MT  3 20 for 90232 not found
Create input file for pfns for k= 41 and energy number 27 (out of 50)
MT3 for 90232 not found
MT  3 19 for 90232 not found
MT3 for 90232 not found
MT  3 20 for 90232 not found
Create input file for pfns for k= 42 and energy number 27 (out of 50)
MT3 for 90232 not found
MT  3 19 for 90232 not found
MT3 for 90232 not found
MT  3 20 for 90232 not found
Create input file for pfns for k= 43 and energy number 27 (out of 50)
MT3 for 90232 not found
MT  3 19 for 90232 not found
MT3 for 90232 not found
MT  3 20 for 90232 not found
Create input file for pfns for k= 44 and energy number 27 (out of 50)
MT3 for 90232 not found
MT  3 19 for 90232 not found
MT3 for 90232 not found
MT  3 20 for 90232 not found
Create input file for pfns for k= 45 and energy number 27 (out of 50)
MT3 for 90232 not found
MT  3 19 for 90232 not found
MT3 for 90232 not found
MT  3 20 for 90232 not found
Create input file for pfns for k= 46 and energy number 27 (out of 50)
MT3 for 90232 not found
MT  3 19 for 90232 not found
MT3 for 90232 not found
MT  3 20 for 90232 not found
Create input file for pfns for k= 47 and energy number 27 (out of 50)
MT3 for 90232 not found
MT  3 19 for 90232 not found
MT3 for 90232 not found
MT  3 20 for 90232 not found
Create input file for pfns for k= 48 and energy number 27 (out of 50)
MT3 for 90232 not found
MT  3 19 for 90232 not found
MT3 for 90232 not found
MT  3 20 for 90232 not found
Create input file for pfns for k= 49 and energy number 27 (out of 50)
MT3 for 90232 not found
MT  3 19 for 90232 not found
MT3 for 90232 not found
MT  3 20 for 90232 not found
Create input file for pfns for k= 50 and energy number 27 (out of 50)
MT3 for 90232 not found
MT  3 19 for 90232 not found
MT3 for 90232 not found
MT  3 20 for 90232 not found
Create input file for pfns for k= 51 and energy number 27 (out of 50)
MT3 for 90232 not found
MT  3 19 for 90232 not found
MT3 for 90232 not found
MT  3 20 for 90232 not found
Create input file for pfns for k= 52 and energy number 27 (out of 50)
MT3 for 90232 not found
MT  3 19 for 90232 not found
MT3 for 90232 not found
MT  3 20 for 90232 not found
Create input file for pfns for k= 53 and energy number 27 (out of 50)
MT3 for 90232 not found
MT  3 19 for 90232 not found
MT3 for 90232 not found
MT  3 20 for 90232 not found
Create input file for pfns for k= 54 and energy number 27 (out of 50)
MT3 for 90232 not found
MT  3 19 for 90232 not found
MT3 for 90232 not found
MT  3 20 for 90232 not found
Create input file for pfns for k= 55 and energy number 27 (out of 50)
MT3 for 90232 not found
MT  3 19 for 90232 not found
MT3 for 90232 not found
MT  3 20 for 90232 not found
Create input file for pfns for k= 56 and energy number 27 (out of 50)
MT3 for 90232 not found
MT  3 19 for 90232 not found
MT3 for 90232 not found
MT  3 20 for 90232 not found
Create input file for pfns for k= 57 and energy number 27 (out of 50)
MT3 for 90232 not found
MT  3 19 for 90232 not found
MT3 for 90232 not found
MT  3 20 for 90232 not found
Create input file for pfns for k= 58 and energy number 27 (out of 50)
MT3 for 90232 not found
MT  3 19 for 90232 not found
MT3 for 90232 not found
MT  3 20 for 90232 not found
Create input file for pfns for k= 59 and energy number 27 (out of 50)
MT3 for 90232 not found
MT  3 19 for 90232 not found
MT3 for 90232 not found
MT  3 20 for 90232 not found
Create input file for pfns for k= 60 and energy number 27 (out of 50)
MT3 for 90232 not found
MT  3 19 for 90232 not found
MT3 for 90232 not found
MT  3 20 for 90232 not found
Create input file for pfns for k= 61 and energy number 27 (out of 50)
MT3 for 90232 not found
MT  3 19 for 90232 not found
MT3 for 90232 not found
MT  3 20 for 90232 not found
Create input file for pfns for k= 62 and energy number 27 (out of 50)
MT3 for 90232 not found
MT  3 19 for 90232 not found
MT3 for 90232 not found
MT  3 20 for 90232 not found
Create input file for pfns for k= 63 and energy number 27 (out of 50)
MT3 for 90232 not found
MT  3 19 for 90232 not found
MT3 for 90232 not found
MT  3 20 for 90232 not found
Create input file for pfns for k= 64 and energy number 27 (out of 50)
MT3 for 90232 not found
MT  3 19 for 90232 not found
MT3 for 90232 not found
MT  3 20 for 90232 not found
Create input file for pfns for k= 65 and energy number 27 (out of 50)
MT3 for 90232 not found
MT  3 19 for 90232 not found
MT3 for 90232 not found
MT  3 20 for 90232 not found
Create input file for pfns for k= 66 and energy number 27 (out of 50)
MT3 for 90232 not found
MT  3 19 for 90232 not found
MT3 for 90232 not found
MT  3 20 for 90232 not found
Create input file for pfns for k= 67 and energy number 27 (out of 50)
MT3 for 90232 not found
MT  3 19 for 90232 not found
MT3 for 90232 not found
MT  3 20 for 90232 not found
Create input file for pfns for k= 68 and energy number 27 (out of 50)
MT3 for 90232 not found
MT  3 19 for 90232 not found
MT3 for 90232 not found
MT  3 20 for 90232 not found
Create input file for pfns for k= 69 and energy number 27 (out of 50)
MT3 for 90232 not found
MT  3 19 for 90232 not found
MT3 for 90232 not found
MT  3 20 for 90232 not found
Create input file for pfns for k= 70 and energy number 27 (out of 50)
MT3 for 90232 not found
MT  3 19 for 90232 not found
MT3 for 90232 not found
MT  3 20 for 90232 not found
Create input file for pfns for k= 71 and energy number 27 (out of 50)
MT3 for 90232 not found
MT  3 19 for 90232 not found
MT3 for 90232 not found
MT  3 20 for 90232 not found
Create input file for pfns for k= 72 and energy number 27 (out of 50)
MT3 for 90232 not found
MT  3 19 for 90232 not found
MT3 for 90232 not found
MT  3 20 for 90232 not found
Create input file for pfns for k= 73 and energy number 27 (out of 50)
MT3 for 90232 not found
MT  3 19 for 90232 not found
MT3 for 90232 not found
MT  3 20 for 90232 not found
Create input file for pfns for k= 74 and energy number 27 (out of 50)
MT3 for 90232 not found
MT  3 19 for 90232 not found
MT3 for 90232 not found
MT  3 20 for 90232 not found
Create input file for pfns for k= 75 and energy number 27 (out of 50)
MT3 for 90232 not found
MT  3 19 for 90232 not found
MT3 for 90232 not found
MT  3 20 for 90232 not found
Create input file for pfns for k= 76 and energy number 27 (out of 50)
MT3 for 90232 not found
MT  3 19 for 90232 not found
MT3 for 90232 not found
MT  3 20 for 90232 not found
Create input file for pfns for k= 77 and energy number 27 (out of 50)
MT3 for 90232 not found
MT  3 19 for 90232 not found
MT3 for 90232 not found
MT  3 20 for 90232 not found
Create input file for pfns for k= 78 and energy number 27 (out of 50)
MT3 for 90232 not found
MT  3 19 for 90232 not found
MT3 for 90232 not found
MT  3 20 for 90232 not found
Create input file for pfns for k= 79 and energy number 27 (out of 50)
MT3 for 90232 not found
MT  3 19 for 90232 not found
MT3 for 90232 not found
MT  3 20 for 90232 not found
Create input file for pfns for k= 80 and energy number 27 (out of 50)
MT3 for 90232 not found
MT  3 19 for 90232 not found
MT3 for 90232 not found
MT  3 20 for 90232 not found
Create input file for pfns for k= 81 and energy number 27 (out of 50)
MT3 for 90232 not found
MT  3 19 for 90232 not found
MT3 for 90232 not found
MT  3 20 for 90232 not found
Create input file for pfns for k= 82 and energy number 27 (out of 50)
MT3 for 90232 not found
MT  3 19 for 90232 not found
MT3 for 90232 not found
MT  3 20 for 90232 not found
Create input file for pfns for k= 83 and energy number 27 (out of 50)
MT3 for 90232 not found
MT  3 19 for 90232 not found
MT3 for 90232 not found
MT  3 20 for 90232 not found
Create input file for pfns for k= 84 and energy number 27 (out of 50)
MT3 for 90232 not found
MT  3 19 for 90232 not found
MT3 for 90232 not found
MT  3 20 for 90232 not found
Create input file for pfns for k= 85 and energy number 27 (out of 50)
MT3 for 90232 not found
MT  3 19 for 90232 not found
MT3 for 90232 not found
MT  3 20 for 90232 not found
Create input file for pfns for k= 86 and energy number 27 (out of 50)
MT3 for 90232 not found
MT  3 19 for 90232 not found
MT3 for 90232 not found
MT  3 20 for 90232 not found
Create input file for pfns for k= 87 and energy number 27 (out of 50)
MT3 for 90232 not found
MT  3 19 for 90232 not found
MT3 for 90232 not found
MT  3 20 for 90232 not found
Create input file for pfns for k= 88 and energy number 27 (out of 50)
MT3 for 90232 not found
MT  3 19 for 90232 not found
MT3 for 90232 not found
MT  3 20 for 90232 not found
Create input file for pfns for k= 89 and energy number 27 (out of 50)
MT3 for 90232 not found
MT  3 19 for 90232 not found
MT3 for 90232 not found
MT  3 20 for 90232 not found
Create input file for pfns for k= 90 and energy number 27 (out of 50)
MT3 for 90232 not found
MT  3 19 for 90232 not found
MT3 for 90232 not found
MT  3 20 for 90232 not found
Create input file for pfns for k= 91 and energy number 27 (out of 50)
MT3 for 90232 not found
MT  3 19 for 90232 not found
MT3 for 90232 not found
MT  3 20 for 90232 not found
Create input file for pfns for k= 92 and energy number 27 (out of 50)
MT3 for 90232 not found
MT  3 19 for 90232 not found
MT3 for 90232 not found
MT  3 20 for 90232 not found
Create input file for pfns for k= 93 and energy number 27 (out of 50)
MT3 for 90232 not found
MT  3 19 for 90232 not found
MT3 for 90232 not found
MT  3 20 for 90232 not found
Create input file for pfns for k= 94 and energy number 27 (out of 50)
MT3 for 90232 not found
MT  3 19 for 90232 not found
MT3 for 90232 not found
MT  3 20 for 90232 not found
Create input file for pfns for k= 95 and energy number 27 (out of 50)
MT3 for 90232 not found
MT  3 19 for 90232 not found
MT3 for 90232 not found
MT  3 20 for 90232 not found
Create input file for pfns for k= 96 and energy number 27 (out of 50)
MT3 for 90232 not found
MT  3 19 for 90232 not found
MT3 for 90232 not found
MT  3 20 for 90232 not found
Create input file for pfns for k= 97 and energy number 27 (out of 50)
MT3 for 90232 not found
MT  3 19 for 90232 not found
MT3 for 90232 not found
MT  3 20 for 90232 not found
Create input file for pfns for k= 98 and energy number 27 (out of 50)
MT3 for 90232 not found
MT  3 19 for 90232 not found
MT3 for 90232 not found
MT  3 20 for 90232 not found
Create input file for pfns for k= 99 and energy number 27 (out of 50)
MT3 for 90232 not found
MT  3 19 for 90232 not found
MT3 for 90232 not found
MT  3 20 for 90232 not found
Create input file for pfns for k= 100 and energy number 27 (out of 50)
MT3 for 90232 not found
MT  3 19 for 90232 not found
MT3 for 90232 not found
MT  3 20 for 90232 not found
Create input file for pfns for k= 0 and energy number 28 (out of 50)
MT3 for 90232 not found
MT  3 19 for 90232 not found
MT3 for 90232 not found
MT  3 20 for 90232 not found
Create input file for pfns for k= 1 and energy number 28 (out of 50)
MT3 for 90232 not found
MT  3 19 for 90232 not found
MT3 for 90232 not found
MT  3 20 for 90232 not found
Create input file for pfns for k= 2 and energy number 28 (out of 50)
MT3 for 90232 not found
MT  3 19 for 90232 not found
MT3 for 90232 not found
MT  3 20 for 90232 not found
Create input file for pfns for k= 3 and energy number 28 (out of 50)
MT3 for 90232 not found
MT  3 19 for 90232 not found
MT3 for 90232 not found
MT  3 20 for 90232 not found
Create input file for pfns for k= 4 and energy number 28 (out of 50)
MT3 for 90232 not found
MT  3 19 for 90232 not found
MT3 for 90232 not found
MT  3 20 for 90232 not found
Create input file for pfns for k= 5 and energy number 28 (out of 50)
MT3 for 90232 not found
MT  3 19 for 90232 not found
MT3 for 90232 not found
MT  3 20 for 90232 not found
Create input file for pfns for k= 6 and energy number 28 (out of 50)
MT3 for 90232 not found
MT  3 19 for 90232 not found
MT3 for 90232 not found
MT  3 20 for 90232 not found
Create input file for pfns for k= 7 and energy number 28 (out of 50)
MT3 for 90232 not found
MT  3 19 for 90232 not found
MT3 for 90232 not found
MT  3 20 for 90232 not found
Create input file for pfns for k= 8 and energy number 28 (out of 50)
MT3 for 90232 not found
MT  3 19 for 90232 not found
MT3 for 90232 not found
MT  3 20 for 90232 not found
Create input file for pfns for k= 9 and energy number 28 (out of 50)
MT3 for 90232 not found
MT  3 19 for 90232 not found
MT3 for 90232 not found
MT  3 20 for 90232 not found
Create input file for pfns for k= 10 and energy number 28 (out of 50)
MT3 for 90232 not found
MT  3 19 for 90232 not found
MT3 for 90232 not found
MT  3 20 for 90232 not found
Create input file for pfns for k= 11 and energy number 28 (out of 50)
MT3 for 90232 not found
MT  3 19 for 90232 not found
MT3 for 90232 not found
MT  3 20 for 90232 not found
Create input file for pfns for k= 12 and energy number 28 (out of 50)
MT3 for 90232 not found
MT  3 19 for 90232 not found
MT3 for 90232 not found
MT  3 20 for 90232 not found
Create input file for pfns for k= 13 and energy number 28 (out of 50)
MT3 for 90232 not found
MT  3 19 for 90232 not found
MT3 for 90232 not found
MT  3 20 for 90232 not found
Create input file for pfns for k= 14 and energy number 28 (out of 50)
MT3 for 90232 not found
MT  3 19 for 90232 not found
MT3 for 90232 not found
MT  3 20 for 90232 not found
Create input file for pfns for k= 15 and energy number 28 (out of 50)
MT3 for 90232 not found
MT  3 19 for 90232 not found
MT3 for 90232 not found
MT  3 20 for 90232 not found
Create input file for pfns for k= 16 and energy number 28 (out of 50)
MT3 for 90232 not found
MT  3 19 for 90232 not found
MT3 for 90232 not found
MT  3 20 for 90232 not found
Create input file for pfns for k= 17 and energy number 28 (out of 50)
MT3 for 90232 not found
MT  3 19 for 90232 not found
MT3 for 90232 not found
MT  3 20 for 90232 not found
Create input file for pfns for k= 18 and energy number 28 (out of 50)
MT3 for 90232 not found
MT  3 19 for 90232 not found
MT3 for 90232 not found
MT  3 20 for 90232 not found
Create input file for pfns for k= 19 and energy number 28 (out of 50)
MT3 for 90232 not found
MT  3 19 for 90232 not found
MT3 for 90232 not found
MT  3 20 for 90232 not found
Create input file for pfns for k= 20 and energy number 28 (out of 50)
MT3 for 90232 not found
MT  3 19 for 90232 not found
MT3 for 90232 not found
MT  3 20 for 90232 not found
Create input file for pfns for k= 21 and energy number 28 (out of 50)
MT3 for 90232 not found
MT  3 19 for 90232 not found
MT3 for 90232 not found
MT  3 20 for 90232 not found
Create input file for pfns for k= 22 and energy number 28 (out of 50)
MT3 for 90232 not found
MT  3 19 for 90232 not found
MT3 for 90232 not found
MT  3 20 for 90232 not found
Create input file for pfns for k= 23 and energy number 28 (out of 50)
MT3 for 90232 not found
MT  3 19 for 90232 not found
MT3 for 90232 not found
MT  3 20 for 90232 not found
Create input file for pfns for k= 24 and energy number 28 (out of 50)
MT3 for 90232 not found
MT  3 19 for 90232 not found
MT3 for 90232 not found
MT  3 20 for 90232 not found
Create input file for pfns for k= 25 and energy number 28 (out of 50)
MT3 for 90232 not found
MT  3 19 for 90232 not found
MT3 for 90232 not found
MT  3 20 for 90232 not found
Create input file for pfns for k= 26 and energy number 28 (out of 50)
MT3 for 90232 not found
MT  3 19 for 90232 not found
MT3 for 90232 not found
MT  3 20 for 90232 not found
Create input file for pfns for k= 27 and energy number 28 (out of 50)
MT3 for 90232 not found
MT  3 19 for 90232 not found
MT3 for 90232 not found
MT  3 20 for 90232 not found
Create input file for pfns for k= 28 and energy number 28 (out of 50)
MT3 for 90232 not found
MT  3 19 for 90232 not found
MT3 for 90232 not found
MT  3 20 for 90232 not found
Create input file for pfns for k= 29 and energy number 28 (out of 50)
MT3 for 90232 not found
MT  3 19 for 90232 not found
MT3 for 90232 not found
MT  3 20 for 90232 not found
Create input file for pfns for k= 30 and energy number 28 (out of 50)
MT3 for 90232 not found
MT  3 19 for 90232 not found
MT3 for 90232 not found
MT  3 20 for 90232 not found
Create input file for pfns for k= 31 and energy number 28 (out of 50)
MT3 for 90232 not found
MT  3 19 for 90232 not found
MT3 for 90232 not found
MT  3 20 for 90232 not found
Create input file for pfns for k= 32 and energy number 28 (out of 50)
MT3 for 90232 not found
MT  3 19 for 90232 not found
MT3 for 90232 not found
MT  3 20 for 90232 not found
Create input file for pfns for k= 33 and energy number 28 (out of 50)
MT3 for 90232 not found
MT  3 19 for 90232 not found
MT3 for 90232 not found
MT  3 20 for 90232 not found
Create input file for pfns for k= 34 and energy number 28 (out of 50)
MT3 for 90232 not found
MT  3 19 for 90232 not found
MT3 for 90232 not found
MT  3 20 for 90232 not found
Create input file for pfns for k= 35 and energy number 28 (out of 50)
MT3 for 90232 not found
MT  3 19 for 90232 not found
MT3 for 90232 not found
MT  3 20 for 90232 not found
Create input file for pfns for k= 36 and energy number 28 (out of 50)
MT3 for 90232 not found
MT  3 19 for 90232 not found
MT3 for 90232 not found
MT  3 20 for 90232 not found
Create input file for pfns for k= 37 and energy number 28 (out of 50)
MT3 for 90232 not found
MT  3 19 for 90232 not found
MT3 for 90232 not found
MT  3 20 for 90232 not found
Create input file for pfns for k= 38 and energy number 28 (out of 50)
MT3 for 90232 not found
MT  3 19 for 90232 not found
MT3 for 90232 not found
MT  3 20 for 90232 not found
Create input file for pfns for k= 39 and energy number 28 (out of 50)
MT3 for 90232 not found
MT  3 19 for 90232 not found
MT3 for 90232 not found
MT  3 20 for 90232 not found
Create input file for pfns for k= 40 and energy number 28 (out of 50)
MT3 for 90232 not found
MT  3 19 for 90232 not found
MT3 for 90232 not found
MT  3 20 for 90232 not found
Create input file for pfns for k= 41 and energy number 28 (out of 50)
MT3 for 90232 not found
MT  3 19 for 90232 not found
MT3 for 90232 not found
MT  3 20 for 90232 not found
Create input file for pfns for k= 42 and energy number 28 (out of 50)
MT3 for 90232 not found
MT  3 19 for 90232 not found
MT3 for 90232 not found
MT  3 20 for 90232 not found
Create input file for pfns for k= 43 and energy number 28 (out of 50)
MT3 for 90232 not found
MT  3 19 for 90232 not found
MT3 for 90232 not found
MT  3 20 for 90232 not found
Create input file for pfns for k= 44 and energy number 28 (out of 50)
MT3 for 90232 not found
MT  3 19 for 90232 not found
MT3 for 90232 not found
MT  3 20 for 90232 not found
Create input file for pfns for k= 45 and energy number 28 (out of 50)
MT3 for 90232 not found
MT  3 19 for 90232 not found
MT3 for 90232 not found
MT  3 20 for 90232 not found
Create input file for pfns for k= 46 and energy number 28 (out of 50)
MT3 for 90232 not found
MT  3 19 for 90232 not found
MT3 for 90232 not found
MT  3 20 for 90232 not found
Create input file for pfns for k= 47 and energy number 28 (out of 50)
MT3 for 90232 not found
MT  3 19 for 90232 not found
MT3 for 90232 not found
MT  3 20 for 90232 not found
Create input file for pfns for k= 48 and energy number 28 (out of 50)
MT3 for 90232 not found
MT  3 19 for 90232 not found
MT3 for 90232 not found
MT  3 20 for 90232 not found
Create input file for pfns for k= 49 and energy number 28 (out of 50)
MT3 for 90232 not found
MT  3 19 for 90232 not found
MT3 for 90232 not found
MT  3 20 for 90232 not found
Create input file for pfns for k= 50 and energy number 28 (out of 50)
MT3 for 90232 not found
MT  3 19 for 90232 not found
MT3 for 90232 not found
MT  3 20 for 90232 not found
Create input file for pfns for k= 51 and energy number 28 (out of 50)
MT3 for 90232 not found
MT  3 19 for 90232 not found
MT3 for 90232 not found
MT  3 20 for 90232 not found
Create input file for pfns for k= 52 and energy number 28 (out of 50)
MT3 for 90232 not found
MT  3 19 for 90232 not found
MT3 for 90232 not found
MT  3 20 for 90232 not found
Create input file for pfns for k= 53 and energy number 28 (out of 50)
MT3 for 90232 not found
MT  3 19 for 90232 not found
MT3 for 90232 not found
MT  3 20 for 90232 not found
Create input file for pfns for k= 54 and energy number 28 (out of 50)
MT3 for 90232 not found
MT  3 19 for 90232 not found
MT3 for 90232 not found
MT  3 20 for 90232 not found
Create input file for pfns for k= 55 and energy number 28 (out of 50)
MT3 for 90232 not found
MT  3 19 for 90232 not found
MT3 for 90232 not found
MT  3 20 for 90232 not found
Create input file for pfns for k= 56 and energy number 28 (out of 50)
MT3 for 90232 not found
MT  3 19 for 90232 not found
MT3 for 90232 not found
MT  3 20 for 90232 not found
Create input file for pfns for k= 57 and energy number 28 (out of 50)
MT3 for 90232 not found
MT  3 19 for 90232 not found
MT3 for 90232 not found
MT  3 20 for 90232 not found
Create input file for pfns for k= 58 and energy number 28 (out of 50)
MT3 for 90232 not found
MT  3 19 for 90232 not found
MT3 for 90232 not found
MT  3 20 for 90232 not found
Create input file for pfns for k= 59 and energy number 28 (out of 50)
MT3 for 90232 not found
MT  3 19 for 90232 not found
MT3 for 90232 not found
MT  3 20 for 90232 not found
Create input file for pfns for k= 60 and energy number 28 (out of 50)
MT3 for 90232 not found
MT  3 19 for 90232 not found
MT3 for 90232 not found
MT  3 20 for 90232 not found
Create input file for pfns for k= 61 and energy number 28 (out of 50)
MT3 for 90232 not found
MT  3 19 for 90232 not found
MT3 for 90232 not found
MT  3 20 for 90232 not found
Create input file for pfns for k= 62 and energy number 28 (out of 50)
MT3 for 90232 not found
MT  3 19 for 90232 not found
MT3 for 90232 not found
MT  3 20 for 90232 not found
Create input file for pfns for k= 63 and energy number 28 (out of 50)
MT3 for 90232 not found
MT  3 19 for 90232 not found
MT3 for 90232 not found
MT  3 20 for 90232 not found
Create input file for pfns for k= 64 and energy number 28 (out of 50)
MT3 for 90232 not found
MT  3 19 for 90232 not found
MT3 for 90232 not found
MT  3 20 for 90232 not found
Create input file for pfns for k= 65 and energy number 28 (out of 50)
MT3 for 90232 not found
MT  3 19 for 90232 not found
MT3 for 90232 not found
MT  3 20 for 90232 not found
Create input file for pfns for k= 66 and energy number 28 (out of 50)
MT3 for 90232 not found
MT  3 19 for 90232 not found
MT3 for 90232 not found
MT  3 20 for 90232 not found
Create input file for pfns for k= 67 and energy number 28 (out of 50)
MT3 for 90232 not found
MT  3 19 for 90232 not found
MT3 for 90232 not found
MT  3 20 for 90232 not found
Create input file for pfns for k= 68 and energy number 28 (out of 50)
MT3 for 90232 not found
MT  3 19 for 90232 not found
MT3 for 90232 not found
MT  3 20 for 90232 not found
Create input file for pfns for k= 69 and energy number 28 (out of 50)
MT3 for 90232 not found
MT  3 19 for 90232 not found
MT3 for 90232 not found
MT  3 20 for 90232 not found
Create input file for pfns for k= 70 and energy number 28 (out of 50)
MT3 for 90232 not found
MT  3 19 for 90232 not found
MT3 for 90232 not found
MT  3 20 for 90232 not found
Create input file for pfns for k= 71 and energy number 28 (out of 50)
MT3 for 90232 not found
MT  3 19 for 90232 not found
MT3 for 90232 not found
MT  3 20 for 90232 not found
Create input file for pfns for k= 72 and energy number 28 (out of 50)
MT3 for 90232 not found
MT  3 19 for 90232 not found
MT3 for 90232 not found
MT  3 20 for 90232 not found
Create input file for pfns for k= 73 and energy number 28 (out of 50)
MT3 for 90232 not found
MT  3 19 for 90232 not found
MT3 for 90232 not found
MT  3 20 for 90232 not found
Create input file for pfns for k= 74 and energy number 28 (out of 50)
MT3 for 90232 not found
MT  3 19 for 90232 not found
MT3 for 90232 not found
MT  3 20 for 90232 not found
Create input file for pfns for k= 75 and energy number 28 (out of 50)
MT3 for 90232 not found
MT  3 19 for 90232 not found
MT3 for 90232 not found
MT  3 20 for 90232 not found
Create input file for pfns for k= 76 and energy number 28 (out of 50)
MT3 for 90232 not found
MT  3 19 for 90232 not found
MT3 for 90232 not found
MT  3 20 for 90232 not found
Create input file for pfns for k= 77 and energy number 28 (out of 50)
MT3 for 90232 not found
MT  3 19 for 90232 not found
MT3 for 90232 not found
MT  3 20 for 90232 not found
Create input file for pfns for k= 78 and energy number 28 (out of 50)
MT3 for 90232 not found
MT  3 19 for 90232 not found
MT3 for 90232 not found
MT  3 20 for 90232 not found
Create input file for pfns for k= 79 and energy number 28 (out of 50)
MT3 for 90232 not found
MT  3 19 for 90232 not found
MT3 for 90232 not found
MT  3 20 for 90232 not found
Create input file for pfns for k= 80 and energy number 28 (out of 50)
MT3 for 90232 not found
MT  3 19 for 90232 not found
MT3 for 90232 not found
MT  3 20 for 90232 not found
Create input file for pfns for k= 81 and energy number 28 (out of 50)
MT3 for 90232 not found
MT  3 19 for 90232 not found
MT3 for 90232 not found
MT  3 20 for 90232 not found
Create input file for pfns for k= 82 and energy number 28 (out of 50)
MT3 for 90232 not found
MT  3 19 for 90232 not found
MT3 for 90232 not found
MT  3 20 for 90232 not found
Create input file for pfns for k= 83 and energy number 28 (out of 50)
MT3 for 90232 not found
MT  3 19 for 90232 not found
MT3 for 90232 not found
MT  3 20 for 90232 not found
Create input file for pfns for k= 84 and energy number 28 (out of 50)
MT3 for 90232 not found
MT  3 19 for 90232 not found
MT3 for 90232 not found
MT  3 20 for 90232 not found
Create input file for pfns for k= 85 and energy number 28 (out of 50)
MT3 for 90232 not found
MT  3 19 for 90232 not found
MT3 for 90232 not found
MT  3 20 for 90232 not found
Create input file for pfns for k= 86 and energy number 28 (out of 50)
MT3 for 90232 not found
MT  3 19 for 90232 not found
MT3 for 90232 not found
MT  3 20 for 90232 not found
Create input file for pfns for k= 87 and energy number 28 (out of 50)
MT3 for 90232 not found
MT  3 19 for 90232 not found
MT3 for 90232 not found
MT  3 20 for 90232 not found
Create input file for pfns for k= 88 and energy number 28 (out of 50)
MT3 for 90232 not found
MT  3 19 for 90232 not found
MT3 for 90232 not found
MT  3 20 for 90232 not found
Create input file for pfns for k= 89 and energy number 28 (out of 50)
MT3 for 90232 not found
MT  3 19 for 90232 not found
MT3 for 90232 not found
MT  3 20 for 90232 not found
Create input file for pfns for k= 90 and energy number 28 (out of 50)
MT3 for 90232 not found
MT  3 19 for 90232 not found
MT3 for 90232 not found
MT  3 20 for 90232 not found
Create input file for pfns for k= 91 and energy number 28 (out of 50)
MT3 for 90232 not found
MT  3 19 for 90232 not found
MT3 for 90232 not found
MT  3 20 for 90232 not found
Create input file for pfns for k= 92 and energy number 28 (out of 50)
MT3 for 90232 not found
MT  3 19 for 90232 not found
MT3 for 90232 not found
MT  3 20 for 90232 not found
Create input file for pfns for k= 93 and energy number 28 (out of 50)
MT3 for 90232 not found
MT  3 19 for 90232 not found
MT3 for 90232 not found
MT  3 20 for 90232 not found
Create input file for pfns for k= 94 and energy number 28 (out of 50)
MT3 for 90232 not found
MT  3 19 for 90232 not found
MT3 for 90232 not found
MT  3 20 for 90232 not found
Create input file for pfns for k= 95 and energy number 28 (out of 50)
MT3 for 90232 not found
MT  3 19 for 90232 not found
MT3 for 90232 not found
MT  3 20 for 90232 not found
Create input file for pfns for k= 96 and energy number 28 (out of 50)
MT3 for 90232 not found
MT  3 19 for 90232 not found
MT3 for 90232 not found
MT  3 20 for 90232 not found
Create input file for pfns for k= 97 and energy number 28 (out of 50)
MT3 for 90232 not found
MT  3 19 for 90232 not found
MT3 for 90232 not found
MT  3 20 for 90232 not found
Create input file for pfns for k= 98 and energy number 28 (out of 50)
MT3 for 90232 not found
MT  3 19 for 90232 not found
MT3 for 90232 not found
MT  3 20 for 90232 not found
Create input file for pfns for k= 99 and energy number 28 (out of 50)
MT3 for 90232 not found
MT  3 19 for 90232 not found
MT3 for 90232 not found
MT  3 20 for 90232 not found
Create input file for pfns for k= 100 and energy number 28 (out of 50)
MT3 for 90232 not found
MT  3 19 for 90232 not found
MT3 for 90232 not found
MT  3 20 for 90232 not found
Create input file for pfns for k= 0 and energy number 29 (out of 50)
MT3 for 90232 not found
MT  3 19 for 90232 not found
MT3 for 90232 not found
MT  3 20 for 90232 not found
Create input file for pfns for k= 1 and energy number 29 (out of 50)
MT3 for 90232 not found
MT  3 19 for 90232 not found
MT3 for 90232 not found
MT  3 20 for 90232 not found
Create input file for pfns for k= 2 and energy number 29 (out of 50)
MT3 for 90232 not found
MT  3 19 for 90232 not found
MT3 for 90232 not found
MT  3 20 for 90232 not found
Create input file for pfns for k= 3 and energy number 29 (out of 50)
MT3 for 90232 not found
MT  3 19 for 90232 not found
MT3 for 90232 not found
MT  3 20 for 90232 not found
Create input file for pfns for k= 4 and energy number 29 (out of 50)
MT3 for 90232 not found
MT  3 19 for 90232 not found
MT3 for 90232 not found
MT  3 20 for 90232 not found
Create input file for pfns for k= 5 and energy number 29 (out of 50)
MT3 for 90232 not found
MT  3 19 for 90232 not found
MT3 for 90232 not found
MT  3 20 for 90232 not found
Create input file for pfns for k= 6 and energy number 29 (out of 50)
MT3 for 90232 not found
MT  3 19 for 90232 not found
MT3 for 90232 not found
MT  3 20 for 90232 not found
Create input file for pfns for k= 7 and energy number 29 (out of 50)
MT3 for 90232 not found
MT  3 19 for 90232 not found
MT3 for 90232 not found
MT  3 20 for 90232 not found
Create input file for pfns for k= 8 and energy number 29 (out of 50)
MT3 for 90232 not found
MT  3 19 for 90232 not found
MT3 for 90232 not found
MT  3 20 for 90232 not found
Create input file for pfns for k= 9 and energy number 29 (out of 50)
MT3 for 90232 not found
MT  3 19 for 90232 not found
MT3 for 90232 not found
MT  3 20 for 90232 not found
Create input file for pfns for k= 10 and energy number 29 (out of 50)
MT3 for 90232 not found
MT  3 19 for 90232 not found
MT3 for 90232 not found
MT  3 20 for 90232 not found
Create input file for pfns for k= 11 and energy number 29 (out of 50)
MT3 for 90232 not found
MT  3 19 for 90232 not found
MT3 for 90232 not found
MT  3 20 for 90232 not found
Create input file for pfns for k= 12 and energy number 29 (out of 50)
MT3 for 90232 not found
MT  3 19 for 90232 not found
MT3 for 90232 not found
MT  3 20 for 90232 not found
Create input file for pfns for k= 13 and energy number 29 (out of 50)
MT3 for 90232 not found
MT  3 19 for 90232 not found
MT3 for 90232 not found
MT  3 20 for 90232 not found
Create input file for pfns for k= 14 and energy number 29 (out of 50)
MT3 for 90232 not found
MT  3 19 for 90232 not found
MT3 for 90232 not found
MT  3 20 for 90232 not found
Create input file for pfns for k= 15 and energy number 29 (out of 50)
MT3 for 90232 not found
MT  3 19 for 90232 not found
MT3 for 90232 not found
MT  3 20 for 90232 not found
Create input file for pfns for k= 16 and energy number 29 (out of 50)
MT3 for 90232 not found
MT  3 19 for 90232 not found
MT3 for 90232 not found
MT  3 20 for 90232 not found
Create input file for pfns for k= 17 and energy number 29 (out of 50)
MT3 for 90232 not found
MT  3 19 for 90232 not found
MT3 for 90232 not found
MT  3 20 for 90232 not found
Create input file for pfns for k= 18 and energy number 29 (out of 50)
MT3 for 90232 not found
MT  3 19 for 90232 not found
MT3 for 90232 not found
MT  3 20 for 90232 not found
Create input file for pfns for k= 19 and energy number 29 (out of 50)
MT3 for 90232 not found
MT  3 19 for 90232 not found
MT3 for 90232 not found
MT  3 20 for 90232 not found
Create input file for pfns for k= 20 and energy number 29 (out of 50)
MT3 for 90232 not found
MT  3 19 for 90232 not found
MT3 for 90232 not found
MT  3 20 for 90232 not found
Create input file for pfns for k= 21 and energy number 29 (out of 50)
MT3 for 90232 not found
MT  3 19 for 90232 not found
MT3 for 90232 not found
MT  3 20 for 90232 not found
Create input file for pfns for k= 22 and energy number 29 (out of 50)
MT3 for 90232 not found
MT  3 19 for 90232 not found
MT3 for 90232 not found
MT  3 20 for 90232 not found
Create input file for pfns for k= 23 and energy number 29 (out of 50)
MT3 for 90232 not found
MT  3 19 for 90232 not found
MT3 for 90232 not found
MT  3 20 for 90232 not found
Create input file for pfns for k= 24 and energy number 29 (out of 50)
MT3 for 90232 not found
MT  3 19 for 90232 not found
MT3 for 90232 not found
MT  3 20 for 90232 not found
Create input file for pfns for k= 25 and energy number 29 (out of 50)
MT3 for 90232 not found
MT  3 19 for 90232 not found
MT3 for 90232 not found
MT  3 20 for 90232 not found
Create input file for pfns for k= 26 and energy number 29 (out of 50)
MT3 for 90232 not found
MT  3 19 for 90232 not found
MT3 for 90232 not found
MT  3 20 for 90232 not found
Create input file for pfns for k= 27 and energy number 29 (out of 50)
MT3 for 90232 not found
MT  3 19 for 90232 not found
MT3 for 90232 not found
MT  3 20 for 90232 not found
Create input file for pfns for k= 28 and energy number 29 (out of 50)
MT3 for 90232 not found
MT  3 19 for 90232 not found
MT3 for 90232 not found
MT  3 20 for 90232 not found
Create input file for pfns for k= 29 and energy number 29 (out of 50)
MT3 for 90232 not found
MT  3 19 for 90232 not found
MT3 for 90232 not found
MT  3 20 for 90232 not found
Create input file for pfns for k= 30 and energy number 29 (out of 50)
MT3 for 90232 not found
MT  3 19 for 90232 not found
MT3 for 90232 not found
MT  3 20 for 90232 not found
Create input file for pfns for k= 31 and energy number 29 (out of 50)
MT3 for 90232 not found
MT  3 19 for 90232 not found
MT3 for 90232 not found
MT  3 20 for 90232 not found
Create input file for pfns for k= 32 and energy number 29 (out of 50)
MT3 for 90232 not found
MT  3 19 for 90232 not found
MT3 for 90232 not found
MT  3 20 for 90232 not found
Create input file for pfns for k= 33 and energy number 29 (out of 50)
MT3 for 90232 not found
MT  3 19 for 90232 not found
MT3 for 90232 not found
MT  3 20 for 90232 not found
Create input file for pfns for k= 34 and energy number 29 (out of 50)
MT3 for 90232 not found
MT  3 19 for 90232 not found
MT3 for 90232 not found
MT  3 20 for 90232 not found
Create input file for pfns for k= 35 and energy number 29 (out of 50)
MT3 for 90232 not found
MT  3 19 for 90232 not found
MT3 for 90232 not found
MT  3 20 for 90232 not found
Create input file for pfns for k= 36 and energy number 29 (out of 50)
MT3 for 90232 not found
MT  3 19 for 90232 not found
MT3 for 90232 not found
MT  3 20 for 90232 not found
Create input file for pfns for k= 37 and energy number 29 (out of 50)
MT3 for 90232 not found
MT  3 19 for 90232 not found
MT3 for 90232 not found
MT  3 20 for 90232 not found
Create input file for pfns for k= 38 and energy number 29 (out of 50)
MT3 for 90232 not found
MT  3 19 for 90232 not found
MT3 for 90232 not found
MT  3 20 for 90232 not found
Create input file for pfns for k= 39 and energy number 29 (out of 50)
MT3 for 90232 not found
MT  3 19 for 90232 not found
MT3 for 90232 not found
MT  3 20 for 90232 not found
Create input file for pfns for k= 40 and energy number 29 (out of 50)
MT3 for 90232 not found
MT  3 19 for 90232 not found
MT3 for 90232 not found
MT  3 20 for 90232 not found
Create input file for pfns for k= 41 and energy number 29 (out of 50)
MT3 for 90232 not found
MT  3 19 for 90232 not found
MT3 for 90232 not found
MT  3 20 for 90232 not found
Create input file for pfns for k= 42 and energy number 29 (out of 50)
MT3 for 90232 not found
MT  3 19 for 90232 not found
MT3 for 90232 not found
MT  3 20 for 90232 not found
Create input file for pfns for k= 43 and energy number 29 (out of 50)
MT3 for 90232 not found
MT  3 19 for 90232 not found
MT3 for 90232 not found
MT  3 20 for 90232 not found
Create input file for pfns for k= 44 and energy number 29 (out of 50)
MT3 for 90232 not found
MT  3 19 for 90232 not found
MT3 for 90232 not found
MT  3 20 for 90232 not found
Create input file for pfns for k= 45 and energy number 29 (out of 50)
MT3 for 90232 not found
MT  3 19 for 90232 not found
MT3 for 90232 not found
MT  3 20 for 90232 not found
Create input file for pfns for k= 46 and energy number 29 (out of 50)
MT3 for 90232 not found
MT  3 19 for 90232 not found
MT3 for 90232 not found
MT  3 20 for 90232 not found
Create input file for pfns for k= 47 and energy number 29 (out of 50)
MT3 for 90232 not found
MT  3 19 for 90232 not found
MT3 for 90232 not found
MT  3 20 for 90232 not found
Create input file for pfns for k= 48 and energy number 29 (out of 50)
MT3 for 90232 not found
MT  3 19 for 90232 not found
MT3 for 90232 not found
MT  3 20 for 90232 not found
Create input file for pfns for k= 49 and energy number 29 (out of 50)
MT3 for 90232 not found
MT  3 19 for 90232 not found
MT3 for 90232 not found
MT  3 20 for 90232 not found
Create input file for pfns for k= 50 and energy number 29 (out of 50)
MT3 for 90232 not found
MT  3 19 for 90232 not found
MT3 for 90232 not found
MT  3 20 for 90232 not found
Create input file for pfns for k= 51 and energy number 29 (out of 50)
MT3 for 90232 not found
MT  3 19 for 90232 not found
MT3 for 90232 not found
MT  3 20 for 90232 not found
Create input file for pfns for k= 52 and energy number 29 (out of 50)
MT3 for 90232 not found
MT  3 19 for 90232 not found
MT3 for 90232 not found
MT  3 20 for 90232 not found
Create input file for pfns for k= 53 and energy number 29 (out of 50)
MT3 for 90232 not found
MT  3 19 for 90232 not found
MT3 for 90232 not found
MT  3 20 for 90232 not found
Create input file for pfns for k= 54 and energy number 29 (out of 50)
MT3 for 90232 not found
MT  3 19 for 90232 not found
MT3 for 90232 not found
MT  3 20 for 90232 not found
Create input file for pfns for k= 55 and energy number 29 (out of 50)
MT3 for 90232 not found
MT  3 19 for 90232 not found
MT3 for 90232 not found
MT  3 20 for 90232 not found
Create input file for pfns for k= 56 and energy number 29 (out of 50)
MT3 for 90232 not found
MT  3 19 for 90232 not found
MT3 for 90232 not found
MT  3 20 for 90232 not found
Create input file for pfns for k= 57 and energy number 29 (out of 50)
MT3 for 90232 not found
MT  3 19 for 90232 not found
MT3 for 90232 not found
MT  3 20 for 90232 not found
Create input file for pfns for k= 58 and energy number 29 (out of 50)
MT3 for 90232 not found
MT  3 19 for 90232 not found
MT3 for 90232 not found
MT  3 20 for 90232 not found
Create input file for pfns for k= 59 and energy number 29 (out of 50)
MT3 for 90232 not found
MT  3 19 for 90232 not found
MT3 for 90232 not found
MT  3 20 for 90232 not found
Create input file for pfns for k= 60 and energy number 29 (out of 50)
MT3 for 90232 not found
MT  3 19 for 90232 not found
MT3 for 90232 not found
MT  3 20 for 90232 not found
Create input file for pfns for k= 61 and energy number 29 (out of 50)
MT3 for 90232 not found
MT  3 19 for 90232 not found
MT3 for 90232 not found
MT  3 20 for 90232 not found
Create input file for pfns for k= 62 and energy number 29 (out of 50)
MT3 for 90232 not found
MT  3 19 for 90232 not found
MT3 for 90232 not found
MT  3 20 for 90232 not found
Create input file for pfns for k= 63 and energy number 29 (out of 50)
MT3 for 90232 not found
MT  3 19 for 90232 not found
MT3 for 90232 not found
MT  3 20 for 90232 not found
Create input file for pfns for k= 64 and energy number 29 (out of 50)
MT3 for 90232 not found
MT  3 19 for 90232 not found
MT3 for 90232 not found
MT  3 20 for 90232 not found
Create input file for pfns for k= 65 and energy number 29 (out of 50)
MT3 for 90232 not found
MT  3 19 for 90232 not found
MT3 for 90232 not found
MT  3 20 for 90232 not found
Create input file for pfns for k= 66 and energy number 29 (out of 50)
MT3 for 90232 not found
MT  3 19 for 90232 not found
MT3 for 90232 not found
MT  3 20 for 90232 not found
Create input file for pfns for k= 67 and energy number 29 (out of 50)
MT3 for 90232 not found
MT  3 19 for 90232 not found
MT3 for 90232 not found
MT  3 20 for 90232 not found
Create input file for pfns for k= 68 and energy number 29 (out of 50)
MT3 for 90232 not found
MT  3 19 for 90232 not found
MT3 for 90232 not found
MT  3 20 for 90232 not found
Create input file for pfns for k= 69 and energy number 29 (out of 50)
MT3 for 90232 not found
MT  3 19 for 90232 not found
MT3 for 90232 not found
MT  3 20 for 90232 not found
Create input file for pfns for k= 70 and energy number 29 (out of 50)
MT3 for 90232 not found
MT  3 19 for 90232 not found
MT3 for 90232 not found
MT  3 20 for 90232 not found
Create input file for pfns for k= 71 and energy number 29 (out of 50)
MT3 for 90232 not found
MT  3 19 for 90232 not found
MT3 for 90232 not found
MT  3 20 for 90232 not found
Create input file for pfns for k= 72 and energy number 29 (out of 50)
MT3 for 90232 not found
MT  3 19 for 90232 not found
MT3 for 90232 not found
MT  3 20 for 90232 not found
Create input file for pfns for k= 73 and energy number 29 (out of 50)
MT3 for 90232 not found
MT  3 19 for 90232 not found
MT3 for 90232 not found
MT  3 20 for 90232 not found
Create input file for pfns for k= 74 and energy number 29 (out of 50)
MT3 for 90232 not found
MT  3 19 for 90232 not found
MT3 for 90232 not found
MT  3 20 for 90232 not found
Create input file for pfns for k= 75 and energy number 29 (out of 50)
MT3 for 90232 not found
MT  3 19 for 90232 not found
MT3 for 90232 not found
MT  3 20 for 90232 not found
Create input file for pfns for k= 76 and energy number 29 (out of 50)
MT3 for 90232 not found
MT  3 19 for 90232 not found
MT3 for 90232 not found
MT  3 20 for 90232 not found
Create input file for pfns for k= 77 and energy number 29 (out of 50)
MT3 for 90232 not found
MT  3 19 for 90232 not found
MT3 for 90232 not found
MT  3 20 for 90232 not found
Create input file for pfns for k= 78 and energy number 29 (out of 50)
MT3 for 90232 not found
MT  3 19 for 90232 not found
MT3 for 90232 not found
MT  3 20 for 90232 not found
Create input file for pfns for k= 79 and energy number 29 (out of 50)
MT3 for 90232 not found
MT  3 19 for 90232 not found
MT3 for 90232 not found
MT  3 20 for 90232 not found
Create input file for pfns for k= 80 and energy number 29 (out of 50)
MT3 for 90232 not found
MT  3 19 for 90232 not found
MT3 for 90232 not found
MT  3 20 for 90232 not found
Create input file for pfns for k= 81 and energy number 29 (out of 50)
MT3 for 90232 not found
MT  3 19 for 90232 not found
MT3 for 90232 not found
MT  3 20 for 90232 not found
Create input file for pfns for k= 82 and energy number 29 (out of 50)
MT3 for 90232 not found
MT  3 19 for 90232 not found
MT3 for 90232 not found
MT  3 20 for 90232 not found
Create input file for pfns for k= 83 and energy number 29 (out of 50)
MT3 for 90232 not found
MT  3 19 for 90232 not found
MT3 for 90232 not found
MT  3 20 for 90232 not found
Create input file for pfns for k= 84 and energy number 29 (out of 50)
MT3 for 90232 not found
MT  3 19 for 90232 not found
MT3 for 90232 not found
MT  3 20 for 90232 not found
Create input file for pfns for k= 85 and energy number 29 (out of 50)
MT3 for 90232 not found
MT  3 19 for 90232 not found
MT3 for 90232 not found
MT  3 20 for 90232 not found
Create input file for pfns for k= 86 and energy number 29 (out of 50)
MT3 for 90232 not found
MT  3 19 for 90232 not found
MT3 for 90232 not found
MT  3 20 for 90232 not found
Create input file for pfns for k= 87 and energy number 29 (out of 50)
MT3 for 90232 not found
MT  3 19 for 90232 not found
MT3 for 90232 not found
MT  3 20 for 90232 not found
Create input file for pfns for k= 88 and energy number 29 (out of 50)
MT3 for 90232 not found
MT  3 19 for 90232 not found
MT3 for 90232 not found
MT  3 20 for 90232 not found
Create input file for pfns for k= 89 and energy number 29 (out of 50)
MT3 for 90232 not found
MT  3 19 for 90232 not found
MT3 for 90232 not found
MT  3 20 for 90232 not found
Create input file for pfns for k= 90 and energy number 29 (out of 50)
MT3 for 90232 not found
MT  3 19 for 90232 not found
MT3 for 90232 not found
MT  3 20 for 90232 not found
Create input file for pfns for k= 91 and energy number 29 (out of 50)
MT3 for 90232 not found
MT  3 19 for 90232 not found
MT3 for 90232 not found
MT  3 20 for 90232 not found
Create input file for pfns for k= 92 and energy number 29 (out of 50)
MT3 for 90232 not found
MT  3 19 for 90232 not found
MT3 for 90232 not found
MT  3 20 for 90232 not found
Create input file for pfns for k= 93 and energy number 29 (out of 50)
MT3 for 90232 not found
MT  3 19 for 90232 not found
MT3 for 90232 not found
MT  3 20 for 90232 not found
Create input file for pfns for k= 94 and energy number 29 (out of 50)
MT3 for 90232 not found
MT  3 19 for 90232 not found
MT3 for 90232 not found
MT  3 20 for 90232 not found
Create input file for pfns for k= 95 and energy number 29 (out of 50)
MT3 for 90232 not found
MT  3 19 for 90232 not found
MT3 for 90232 not found
MT  3 20 for 90232 not found
Create input file for pfns for k= 96 and energy number 29 (out of 50)
MT3 for 90232 not found
MT  3 19 for 90232 not found
MT3 for 90232 not found
MT  3 20 for 90232 not found
Create input file for pfns for k= 97 and energy number 29 (out of 50)
MT3 for 90232 not found
MT  3 19 for 90232 not found
MT3 for 90232 not found
MT  3 20 for 90232 not found
Create input file for pfns for k= 98 and energy number 29 (out of 50)
MT3 for 90232 not found
MT  3 19 for 90232 not found
MT3 for 90232 not found
MT  3 20 for 90232 not found
Create input file for pfns for k= 99 and energy number 29 (out of 50)
MT3 for 90232 not found
MT  3 19 for 90232 not found
MT3 for 90232 not found
MT  3 20 for 90232 not found
Create input file for pfns for k= 100 and energy number 29 (out of 50)
MT3 for 90232 not found
MT  3 19 for 90232 not found
MT3 for 90232 not found
MT  3 20 for 90232 not found
Create input file for pfns for k= 0 and energy number 30 (out of 50)
MT3 for 90232 not found
MT  3 19 for 90232 not found
MT3 for 90232 not found
MT  3 20 for 90232 not found
Create input file for pfns for k= 1 and energy number 30 (out of 50)
MT3 for 90232 not found
MT  3 19 for 90232 not found
MT3 for 90232 not found
MT  3 20 for 90232 not found
Create input file for pfns for k= 2 and energy number 30 (out of 50)
MT3 for 90232 not found
MT  3 19 for 90232 not found
MT3 for 90232 not found
MT  3 20 for 90232 not found
Create input file for pfns for k= 3 and energy number 30 (out of 50)
MT3 for 90232 not found
MT  3 19 for 90232 not found
MT3 for 90232 not found
MT  3 20 for 90232 not found
Create input file for pfns for k= 4 and energy number 30 (out of 50)
MT3 for 90232 not found
MT  3 19 for 90232 not found
MT3 for 90232 not found
MT  3 20 for 90232 not found
Create input file for pfns for k= 5 and energy number 30 (out of 50)
MT3 for 90232 not found
MT  3 19 for 90232 not found
MT3 for 90232 not found
MT  3 20 for 90232 not found
Create input file for pfns for k= 6 and energy number 30 (out of 50)
MT3 for 90232 not found
MT  3 19 for 90232 not found
MT3 for 90232 not found
MT  3 20 for 90232 not found
Create input file for pfns for k= 7 and energy number 30 (out of 50)
MT3 for 90232 not found
MT  3 19 for 90232 not found
MT3 for 90232 not found
MT  3 20 for 90232 not found
Create input file for pfns for k= 8 and energy number 30 (out of 50)
MT3 for 90232 not found
MT  3 19 for 90232 not found
MT3 for 90232 not found
MT  3 20 for 90232 not found
Create input file for pfns for k= 9 and energy number 30 (out of 50)
MT3 for 90232 not found
MT  3 19 for 90232 not found
MT3 for 90232 not found
MT  3 20 for 90232 not found
Create input file for pfns for k= 10 and energy number 30 (out of 50)
MT3 for 90232 not found
MT  3 19 for 90232 not found
MT3 for 90232 not found
MT  3 20 for 90232 not found
Create input file for pfns for k= 11 and energy number 30 (out of 50)
MT3 for 90232 not found
MT  3 19 for 90232 not found
MT3 for 90232 not found
MT  3 20 for 90232 not found
Create input file for pfns for k= 12 and energy number 30 (out of 50)
MT3 for 90232 not found
MT  3 19 for 90232 not found
MT3 for 90232 not found
MT  3 20 for 90232 not found
Create input file for pfns for k= 13 and energy number 30 (out of 50)
MT3 for 90232 not found
MT  3 19 for 90232 not found
MT3 for 90232 not found
MT  3 20 for 90232 not found
Create input file for pfns for k= 14 and energy number 30 (out of 50)
MT3 for 90232 not found
MT  3 19 for 90232 not found
MT3 for 90232 not found
MT  3 20 for 90232 not found
Create input file for pfns for k= 15 and energy number 30 (out of 50)
MT3 for 90232 not found
MT  3 19 for 90232 not found
MT3 for 90232 not found
MT  3 20 for 90232 not found
Create input file for pfns for k= 16 and energy number 30 (out of 50)
MT3 for 90232 not found
MT  3 19 for 90232 not found
MT3 for 90232 not found
MT  3 20 for 90232 not found
Create input file for pfns for k= 17 and energy number 30 (out of 50)
MT3 for 90232 not found
MT  3 19 for 90232 not found
MT3 for 90232 not found
MT  3 20 for 90232 not found
Create input file for pfns for k= 18 and energy number 30 (out of 50)
MT3 for 90232 not found
MT  3 19 for 90232 not found
MT3 for 90232 not found
MT  3 20 for 90232 not found
Create input file for pfns for k= 19 and energy number 30 (out of 50)
MT3 for 90232 not found
MT  3 19 for 90232 not found
MT3 for 90232 not found
MT  3 20 for 90232 not found
Create input file for pfns for k= 20 and energy number 30 (out of 50)
MT3 for 90232 not found
MT  3 19 for 90232 not found
MT3 for 90232 not found
MT  3 20 for 90232 not found
Create input file for pfns for k= 21 and energy number 30 (out of 50)
MT3 for 90232 not found
MT  3 19 for 90232 not found
MT3 for 90232 not found
MT  3 20 for 90232 not found
Create input file for pfns for k= 22 and energy number 30 (out of 50)
MT3 for 90232 not found
MT  3 19 for 90232 not found
MT3 for 90232 not found
MT  3 20 for 90232 not found
Create input file for pfns for k= 23 and energy number 30 (out of 50)
MT3 for 90232 not found
MT  3 19 for 90232 not found
MT3 for 90232 not found
MT  3 20 for 90232 not found
Create input file for pfns for k= 24 and energy number 30 (out of 50)
MT3 for 90232 not found
MT  3 19 for 90232 not found
MT3 for 90232 not found
MT  3 20 for 90232 not found
Create input file for pfns for k= 25 and energy number 30 (out of 50)
MT3 for 90232 not found
MT  3 19 for 90232 not found
MT3 for 90232 not found
MT  3 20 for 90232 not found
Create input file for pfns for k= 26 and energy number 30 (out of 50)
MT3 for 90232 not found
MT  3 19 for 90232 not found
MT3 for 90232 not found
MT  3 20 for 90232 not found
Create input file for pfns for k= 27 and energy number 30 (out of 50)
MT3 for 90232 not found
MT  3 19 for 90232 not found
MT3 for 90232 not found
MT  3 20 for 90232 not found
Create input file for pfns for k= 28 and energy number 30 (out of 50)
MT3 for 90232 not found
MT  3 19 for 90232 not found
MT3 for 90232 not found
MT  3 20 for 90232 not found
Create input file for pfns for k= 29 and energy number 30 (out of 50)
MT3 for 90232 not found
MT  3 19 for 90232 not found
MT3 for 90232 not found
MT  3 20 for 90232 not found
Create input file for pfns for k= 30 and energy number 30 (out of 50)
MT3 for 90232 not found
MT  3 19 for 90232 not found
MT3 for 90232 not found
MT  3 20 for 90232 not found
Create input file for pfns for k= 31 and energy number 30 (out of 50)
MT3 for 90232 not found
MT  3 19 for 90232 not found
MT3 for 90232 not found
MT  3 20 for 90232 not found
Create input file for pfns for k= 32 and energy number 30 (out of 50)
MT3 for 90232 not found
MT  3 19 for 90232 not found
MT3 for 90232 not found
MT  3 20 for 90232 not found
Create input file for pfns for k= 33 and energy number 30 (out of 50)
MT3 for 90232 not found
MT  3 19 for 90232 not found
MT3 for 90232 not found
MT  3 20 for 90232 not found
Create input file for pfns for k= 34 and energy number 30 (out of 50)
MT3 for 90232 not found
MT  3 19 for 90232 not found
MT3 for 90232 not found
MT  3 20 for 90232 not found
Create input file for pfns for k= 35 and energy number 30 (out of 50)
MT3 for 90232 not found
MT  3 19 for 90232 not found
MT3 for 90232 not found
MT  3 20 for 90232 not found
Create input file for pfns for k= 36 and energy number 30 (out of 50)
MT3 for 90232 not found
MT  3 19 for 90232 not found
MT3 for 90232 not found
MT  3 20 for 90232 not found
Create input file for pfns for k= 37 and energy number 30 (out of 50)
MT3 for 90232 not found
MT  3 19 for 90232 not found
MT3 for 90232 not found
MT  3 20 for 90232 not found
Create input file for pfns for k= 38 and energy number 30 (out of 50)
MT3 for 90232 not found
MT  3 19 for 90232 not found
MT3 for 90232 not found
MT  3 20 for 90232 not found
Create input file for pfns for k= 39 and energy number 30 (out of 50)
MT3 for 90232 not found
MT  3 19 for 90232 not found
MT3 for 90232 not found
MT  3 20 for 90232 not found
Create input file for pfns for k= 40 and energy number 30 (out of 50)
MT3 for 90232 not found
MT  3 19 for 90232 not found
MT3 for 90232 not found
MT  3 20 for 90232 not found
Create input file for pfns for k= 41 and energy number 30 (out of 50)
MT3 for 90232 not found
MT  3 19 for 90232 not found
MT3 for 90232 not found
MT  3 20 for 90232 not found
Create input file for pfns for k= 42 and energy number 30 (out of 50)
MT3 for 90232 not found
MT  3 19 for 90232 not found
MT3 for 90232 not found
MT  3 20 for 90232 not found
Create input file for pfns for k= 43 and energy number 30 (out of 50)
MT3 for 90232 not found
MT  3 19 for 90232 not found
MT3 for 90232 not found
MT  3 20 for 90232 not found
Create input file for pfns for k= 44 and energy number 30 (out of 50)
MT3 for 90232 not found
MT  3 19 for 90232 not found
MT3 for 90232 not found
MT  3 20 for 90232 not found
Create input file for pfns for k= 45 and energy number 30 (out of 50)
MT3 for 90232 not found
MT  3 19 for 90232 not found
MT3 for 90232 not found
MT  3 20 for 90232 not found
Create input file for pfns for k= 46 and energy number 30 (out of 50)
MT3 for 90232 not found
MT  3 19 for 90232 not found
MT3 for 90232 not found
MT  3 20 for 90232 not found
Create input file for pfns for k= 47 and energy number 30 (out of 50)
MT3 for 90232 not found
MT  3 19 for 90232 not found
MT3 for 90232 not found
MT  3 20 for 90232 not found
Create input file for pfns for k= 48 and energy number 30 (out of 50)
MT3 for 90232 not found
MT  3 19 for 90232 not found
MT3 for 90232 not found
MT  3 20 for 90232 not found
Create input file for pfns for k= 49 and energy number 30 (out of 50)
MT3 for 90232 not found
MT  3 19 for 90232 not found
MT3 for 90232 not found
MT  3 20 for 90232 not found
Create input file for pfns for k= 50 and energy number 30 (out of 50)
MT3 for 90232 not found
MT  3 19 for 90232 not found
MT3 for 90232 not found
MT  3 20 for 90232 not found
Create input file for pfns for k= 51 and energy number 30 (out of 50)
MT3 for 90232 not found
MT  3 19 for 90232 not found
MT3 for 90232 not found
MT  3 20 for 90232 not found
Create input file for pfns for k= 52 and energy number 30 (out of 50)
MT3 for 90232 not found
MT  3 19 for 90232 not found
MT3 for 90232 not found
MT  3 20 for 90232 not found
Create input file for pfns for k= 53 and energy number 30 (out of 50)
MT3 for 90232 not found
MT  3 19 for 90232 not found
MT3 for 90232 not found
MT  3 20 for 90232 not found
Create input file for pfns for k= 54 and energy number 30 (out of 50)
MT3 for 90232 not found
MT  3 19 for 90232 not found
MT3 for 90232 not found
MT  3 20 for 90232 not found
Create input file for pfns for k= 55 and energy number 30 (out of 50)
MT3 for 90232 not found
MT  3 19 for 90232 not found
MT3 for 90232 not found
MT  3 20 for 90232 not found
Create input file for pfns for k= 56 and energy number 30 (out of 50)
MT3 for 90232 not found
MT  3 19 for 90232 not found
MT3 for 90232 not found
MT  3 20 for 90232 not found
Create input file for pfns for k= 57 and energy number 30 (out of 50)
MT3 for 90232 not found
MT  3 19 for 90232 not found
MT3 for 90232 not found
MT  3 20 for 90232 not found
Create input file for pfns for k= 58 and energy number 30 (out of 50)
MT3 for 90232 not found
MT  3 19 for 90232 not found
MT3 for 90232 not found
MT  3 20 for 90232 not found
Create input file for pfns for k= 59 and energy number 30 (out of 50)
MT3 for 90232 not found
MT  3 19 for 90232 not found
MT3 for 90232 not found
MT  3 20 for 90232 not found
Create input file for pfns for k= 60 and energy number 30 (out of 50)
MT3 for 90232 not found
MT  3 19 for 90232 not found
MT3 for 90232 not found
MT  3 20 for 90232 not found
Create input file for pfns for k= 61 and energy number 30 (out of 50)
MT3 for 90232 not found
MT  3 19 for 90232 not found
MT3 for 90232 not found
MT  3 20 for 90232 not found
Create input file for pfns for k= 62 and energy number 30 (out of 50)
MT3 for 90232 not found
MT  3 19 for 90232 not found
MT3 for 90232 not found
MT  3 20 for 90232 not found
Create input file for pfns for k= 63 and energy number 30 (out of 50)
MT3 for 90232 not found
MT  3 19 for 90232 not found
MT3 for 90232 not found
MT  3 20 for 90232 not found
Create input file for pfns for k= 64 and energy number 30 (out of 50)
MT3 for 90232 not found
MT  3 19 for 90232 not found
MT3 for 90232 not found
MT  3 20 for 90232 not found
Create input file for pfns for k= 65 and energy number 30 (out of 50)
MT3 for 90232 not found
MT  3 19 for 90232 not found
MT3 for 90232 not found
MT  3 20 for 90232 not found
Create input file for pfns for k= 66 and energy number 30 (out of 50)
MT3 for 90232 not found
MT  3 19 for 90232 not found
MT3 for 90232 not found
MT  3 20 for 90232 not found
Create input file for pfns for k= 67 and energy number 30 (out of 50)
MT3 for 90232 not found
MT  3 19 for 90232 not found
MT3 for 90232 not found
MT  3 20 for 90232 not found
Create input file for pfns for k= 68 and energy number 30 (out of 50)
MT3 for 90232 not found
MT  3 19 for 90232 not found
MT3 for 90232 not found
MT  3 20 for 90232 not found
Create input file for pfns for k= 69 and energy number 30 (out of 50)
MT3 for 90232 not found
MT  3 19 for 90232 not found
MT3 for 90232 not found
MT  3 20 for 90232 not found
Create input file for pfns for k= 70 and energy number 30 (out of 50)
MT3 for 90232 not found
MT  3 19 for 90232 not found
MT3 for 90232 not found
MT  3 20 for 90232 not found
Create input file for pfns for k= 71 and energy number 30 (out of 50)
MT3 for 90232 not found
MT  3 19 for 90232 not found
MT3 for 90232 not found
MT  3 20 for 90232 not found
Create input file for pfns for k= 72 and energy number 30 (out of 50)
MT3 for 90232 not found
MT  3 19 for 90232 not found
MT3 for 90232 not found
MT  3 20 for 90232 not found
Create input file for pfns for k= 73 and energy number 30 (out of 50)
MT3 for 90232 not found
MT  3 19 for 90232 not found
MT3 for 90232 not found
MT  3 20 for 90232 not found
Create input file for pfns for k= 74 and energy number 30 (out of 50)
MT3 for 90232 not found
MT  3 19 for 90232 not found
MT3 for 90232 not found
MT  3 20 for 90232 not found
Create input file for pfns for k= 75 and energy number 30 (out of 50)
MT3 for 90232 not found
MT  3 19 for 90232 not found
MT3 for 90232 not found
MT  3 20 for 90232 not found
Create input file for pfns for k= 76 and energy number 30 (out of 50)
MT3 for 90232 not found
MT  3 19 for 90232 not found
MT3 for 90232 not found
MT  3 20 for 90232 not found
Create input file for pfns for k= 77 and energy number 30 (out of 50)
MT3 for 90232 not found
MT  3 19 for 90232 not found
MT3 for 90232 not found
MT  3 20 for 90232 not found
Create input file for pfns for k= 78 and energy number 30 (out of 50)
MT3 for 90232 not found
MT  3 19 for 90232 not found
MT3 for 90232 not found
MT  3 20 for 90232 not found
Create input file for pfns for k= 79 and energy number 30 (out of 50)
MT3 for 90232 not found
MT  3 19 for 90232 not found
MT3 for 90232 not found
MT  3 20 for 90232 not found
Create input file for pfns for k= 80 and energy number 30 (out of 50)
MT3 for 90232 not found
MT  3 19 for 90232 not found
MT3 for 90232 not found
MT  3 20 for 90232 not found
Create input file for pfns for k= 81 and energy number 30 (out of 50)
MT3 for 90232 not found
MT  3 19 for 90232 not found
MT3 for 90232 not found
MT  3 20 for 90232 not found
Create input file for pfns for k= 82 and energy number 30 (out of 50)
MT3 for 90232 not found
MT  3 19 for 90232 not found
MT3 for 90232 not found
MT  3 20 for 90232 not found
Create input file for pfns for k= 83 and energy number 30 (out of 50)
MT3 for 90232 not found
MT  3 19 for 90232 not found
MT3 for 90232 not found
MT  3 20 for 90232 not found
Create input file for pfns for k= 84 and energy number 30 (out of 50)
MT3 for 90232 not found
MT  3 19 for 90232 not found
MT3 for 90232 not found
MT  3 20 for 90232 not found
Create input file for pfns for k= 85 and energy number 30 (out of 50)
MT3 for 90232 not found
MT  3 19 for 90232 not found
MT3 for 90232 not found
MT  3 20 for 90232 not found
Create input file for pfns for k= 86 and energy number 30 (out of 50)
MT3 for 90232 not found
MT  3 19 for 90232 not found
MT3 for 90232 not found
MT  3 20 for 90232 not found
Create input file for pfns for k= 87 and energy number 30 (out of 50)
MT3 for 90232 not found
MT  3 19 for 90232 not found
MT3 for 90232 not found
MT  3 20 for 90232 not found
Create input file for pfns for k= 88 and energy number 30 (out of 50)
MT3 for 90232 not found
MT  3 19 for 90232 not found
MT3 for 90232 not found
MT  3 20 for 90232 not found
Create input file for pfns for k= 89 and energy number 30 (out of 50)
MT3 for 90232 not found
MT  3 19 for 90232 not found
MT3 for 90232 not found
MT  3 20 for 90232 not found
Create input file for pfns for k= 90 and energy number 30 (out of 50)
MT3 for 90232 not found
MT  3 19 for 90232 not found
MT3 for 90232 not found
MT  3 20 for 90232 not found
Create input file for pfns for k= 91 and energy number 30 (out of 50)
MT3 for 90232 not found
MT  3 19 for 90232 not found
MT3 for 90232 not found
MT  3 20 for 90232 not found
Create input file for pfns for k= 92 and energy number 30 (out of 50)
MT3 for 90232 not found
MT  3 19 for 90232 not found
MT3 for 90232 not found
MT  3 20 for 90232 not found
Create input file for pfns for k= 93 and energy number 30 (out of 50)
MT3 for 90232 not found
MT  3 19 for 90232 not found
MT3 for 90232 not found
MT  3 20 for 90232 not found
Create input file for pfns for k= 94 and energy number 30 (out of 50)
MT3 for 90232 not found
MT  3 19 for 90232 not found
MT3 for 90232 not found
MT  3 20 for 90232 not found
Create input file for pfns for k= 95 and energy number 30 (out of 50)
MT3 for 90232 not found
MT  3 19 for 90232 not found
MT3 for 90232 not found
MT  3 20 for 90232 not found
Create input file for pfns for k= 96 and energy number 30 (out of 50)
MT3 for 90232 not found
MT  3 19 for 90232 not found
MT3 for 90232 not found
MT  3 20 for 90232 not found
Create input file for pfns for k= 97 and energy number 30 (out of 50)
MT3 for 90232 not found
MT  3 19 for 90232 not found
MT3 for 90232 not found
MT  3 20 for 90232 not found
Create input file for pfns for k= 98 and energy number 30 (out of 50)
MT3 for 90232 not found
MT  3 19 for 90232 not found
MT3 for 90232 not found
MT  3 20 for 90232 not found
Create input file for pfns for k= 99 and energy number 30 (out of 50)
MT3 for 90232 not found
MT  3 19 for 90232 not found
MT3 for 90232 not found
MT  3 20 for 90232 not found
Create input file for pfns for k= 100 and energy number 30 (out of 50)
MT3 for 90232 not found
MT  3 19 for 90232 not found
MT3 for 90232 not found
MT  3 20 for 90232 not found
Create input file for pfns for k= 0 and energy number 31 (out of 50)
MT3 for 90232 not found
MT  3 19 for 90232 not found
MT3 for 90232 not found
MT  3 20 for 90232 not found
Create input file for pfns for k= 1 and energy number 31 (out of 50)
MT3 for 90232 not found
MT  3 19 for 90232 not found
MT3 for 90232 not found
MT  3 20 for 90232 not found
Create input file for pfns for k= 2 and energy number 31 (out of 50)
MT3 for 90232 not found
MT  3 19 for 90232 not found
MT3 for 90232 not found
MT  3 20 for 90232 not found
Create input file for pfns for k= 3 and energy number 31 (out of 50)
MT3 for 90232 not found
MT  3 19 for 90232 not found
MT3 for 90232 not found
MT  3 20 for 90232 not found
Create input file for pfns for k= 4 and energy number 31 (out of 50)
MT3 for 90232 not found
MT  3 19 for 90232 not found
MT3 for 90232 not found
MT  3 20 for 90232 not found
Create input file for pfns for k= 5 and energy number 31 (out of 50)
MT3 for 90232 not found
MT  3 19 for 90232 not found
MT3 for 90232 not found
MT  3 20 for 90232 not found
Create input file for pfns for k= 6 and energy number 31 (out of 50)
MT3 for 90232 not found
MT  3 19 for 90232 not found
MT3 for 90232 not found
MT  3 20 for 90232 not found
Create input file for pfns for k= 7 and energy number 31 (out of 50)
MT3 for 90232 not found
MT  3 19 for 90232 not found
MT3 for 90232 not found
MT  3 20 for 90232 not found
Create input file for pfns for k= 8 and energy number 31 (out of 50)
MT3 for 90232 not found
MT  3 19 for 90232 not found
MT3 for 90232 not found
MT  3 20 for 90232 not found
Create input file for pfns for k= 9 and energy number 31 (out of 50)
MT3 for 90232 not found
MT  3 19 for 90232 not found
MT3 for 90232 not found
MT  3 20 for 90232 not found
Create input file for pfns for k= 10 and energy number 31 (out of 50)
MT3 for 90232 not found
MT  3 19 for 90232 not found
MT3 for 90232 not found
MT  3 20 for 90232 not found
Create input file for pfns for k= 11 and energy number 31 (out of 50)
MT3 for 90232 not found
MT  3 19 for 90232 not found
MT3 for 90232 not found
MT  3 20 for 90232 not found
Create input file for pfns for k= 12 and energy number 31 (out of 50)
MT3 for 90232 not found
MT  3 19 for 90232 not found
MT3 for 90232 not found
MT  3 20 for 90232 not found
Create input file for pfns for k= 13 and energy number 31 (out of 50)
MT3 for 90232 not found
MT  3 19 for 90232 not found
MT3 for 90232 not found
MT  3 20 for 90232 not found
Create input file for pfns for k= 14 and energy number 31 (out of 50)
MT3 for 90232 not found
MT  3 19 for 90232 not found
MT3 for 90232 not found
MT  3 20 for 90232 not found
Create input file for pfns for k= 15 and energy number 31 (out of 50)
MT3 for 90232 not found
MT  3 19 for 90232 not found
MT3 for 90232 not found
MT  3 20 for 90232 not found
Create input file for pfns for k= 16 and energy number 31 (out of 50)
MT3 for 90232 not found
MT  3 19 for 90232 not found
MT3 for 90232 not found
MT  3 20 for 90232 not found
Create input file for pfns for k= 17 and energy number 31 (out of 50)
MT3 for 90232 not found
MT  3 19 for 90232 not found
MT3 for 90232 not found
MT  3 20 for 90232 not found
Create input file for pfns for k= 18 and energy number 31 (out of 50)
MT3 for 90232 not found
MT  3 19 for 90232 not found
MT3 for 90232 not found
MT  3 20 for 90232 not found
Create input file for pfns for k= 19 and energy number 31 (out of 50)
MT3 for 90232 not found
MT  3 19 for 90232 not found
MT3 for 90232 not found
MT  3 20 for 90232 not found
Create input file for pfns for k= 20 and energy number 31 (out of 50)
MT3 for 90232 not found
MT  3 19 for 90232 not found
MT3 for 90232 not found
MT  3 20 for 90232 not found
Create input file for pfns for k= 21 and energy number 31 (out of 50)
MT3 for 90232 not found
MT  3 19 for 90232 not found
MT3 for 90232 not found
MT  3 20 for 90232 not found
Create input file for pfns for k= 22 and energy number 31 (out of 50)
MT3 for 90232 not found
MT  3 19 for 90232 not found
MT3 for 90232 not found
MT  3 20 for 90232 not found
Create input file for pfns for k= 23 and energy number 31 (out of 50)
MT3 for 90232 not found
MT  3 19 for 90232 not found
MT3 for 90232 not found
MT  3 20 for 90232 not found
Create input file for pfns for k= 24 and energy number 31 (out of 50)
MT3 for 90232 not found
MT  3 19 for 90232 not found
MT3 for 90232 not found
MT  3 20 for 90232 not found
Create input file for pfns for k= 25 and energy number 31 (out of 50)
MT3 for 90232 not found
MT  3 19 for 90232 not found
MT3 for 90232 not found
MT  3 20 for 90232 not found
Create input file for pfns for k= 26 and energy number 31 (out of 50)
MT3 for 90232 not found
MT  3 19 for 90232 not found
MT3 for 90232 not found
MT  3 20 for 90232 not found
Create input file for pfns for k= 27 and energy number 31 (out of 50)
MT3 for 90232 not found
MT  3 19 for 90232 not found
MT3 for 90232 not found
MT  3 20 for 90232 not found
Create input file for pfns for k= 28 and energy number 31 (out of 50)
MT3 for 90232 not found
MT  3 19 for 90232 not found
MT3 for 90232 not found
MT  3 20 for 90232 not found
Create input file for pfns for k= 29 and energy number 31 (out of 50)
MT3 for 90232 not found
MT  3 19 for 90232 not found
MT3 for 90232 not found
MT  3 20 for 90232 not found
Create input file for pfns for k= 30 and energy number 31 (out of 50)
MT3 for 90232 not found
MT  3 19 for 90232 not found
MT3 for 90232 not found
MT  3 20 for 90232 not found
Create input file for pfns for k= 31 and energy number 31 (out of 50)
MT3 for 90232 not found
MT  3 19 for 90232 not found
MT3 for 90232 not found
MT  3 20 for 90232 not found
Create input file for pfns for k= 32 and energy number 31 (out of 50)
MT3 for 90232 not found
MT  3 19 for 90232 not found
MT3 for 90232 not found
MT  3 20 for 90232 not found
Create input file for pfns for k= 33 and energy number 31 (out of 50)
MT3 for 90232 not found
MT  3 19 for 90232 not found
MT3 for 90232 not found
MT  3 20 for 90232 not found
Create input file for pfns for k= 34 and energy number 31 (out of 50)
MT3 for 90232 not found
MT  3 19 for 90232 not found
MT3 for 90232 not found
MT  3 20 for 90232 not found
Create input file for pfns for k= 35 and energy number 31 (out of 50)
MT3 for 90232 not found
MT  3 19 for 90232 not found
MT3 for 90232 not found
MT  3 20 for 90232 not found
Create input file for pfns for k= 36 and energy number 31 (out of 50)
MT3 for 90232 not found
MT  3 19 for 90232 not found
MT3 for 90232 not found
MT  3 20 for 90232 not found
Create input file for pfns for k= 37 and energy number 31 (out of 50)
MT3 for 90232 not found
MT  3 19 for 90232 not found
MT3 for 90232 not found
MT  3 20 for 90232 not found
Create input file for pfns for k= 38 and energy number 31 (out of 50)
MT3 for 90232 not found
MT  3 19 for 90232 not found
MT3 for 90232 not found
MT  3 20 for 90232 not found
Create input file for pfns for k= 39 and energy number 31 (out of 50)
MT3 for 90232 not found
MT  3 19 for 90232 not found
MT3 for 90232 not found
MT  3 20 for 90232 not found
Create input file for pfns for k= 40 and energy number 31 (out of 50)
MT3 for 90232 not found
MT  3 19 for 90232 not found
MT3 for 90232 not found
MT  3 20 for 90232 not found
Create input file for pfns for k= 41 and energy number 31 (out of 50)
MT3 for 90232 not found
MT  3 19 for 90232 not found
MT3 for 90232 not found
MT  3 20 for 90232 not found
Create input file for pfns for k= 42 and energy number 31 (out of 50)
MT3 for 90232 not found
MT  3 19 for 90232 not found
MT3 for 90232 not found
MT  3 20 for 90232 not found
Create input file for pfns for k= 43 and energy number 31 (out of 50)
MT3 for 90232 not found
MT  3 19 for 90232 not found
MT3 for 90232 not found
MT  3 20 for 90232 not found
Create input file for pfns for k= 44 and energy number 31 (out of 50)
MT3 for 90232 not found
MT  3 19 for 90232 not found
MT3 for 90232 not found
MT  3 20 for 90232 not found
Create input file for pfns for k= 45 and energy number 31 (out of 50)
MT3 for 90232 not found
MT  3 19 for 90232 not found
MT3 for 90232 not found
MT  3 20 for 90232 not found
Create input file for pfns for k= 46 and energy number 31 (out of 50)
MT3 for 90232 not found
MT  3 19 for 90232 not found
MT3 for 90232 not found
MT  3 20 for 90232 not found
Create input file for pfns for k= 47 and energy number 31 (out of 50)
MT3 for 90232 not found
MT  3 19 for 90232 not found
MT3 for 90232 not found
MT  3 20 for 90232 not found
Create input file for pfns for k= 48 and energy number 31 (out of 50)
MT3 for 90232 not found
MT  3 19 for 90232 not found
MT3 for 90232 not found
MT  3 20 for 90232 not found
Create input file for pfns for k= 49 and energy number 31 (out of 50)
MT3 for 90232 not found
MT  3 19 for 90232 not found
MT3 for 90232 not found
MT  3 20 for 90232 not found
Create input file for pfns for k= 50 and energy number 31 (out of 50)
MT3 for 90232 not found
MT  3 19 for 90232 not found
MT3 for 90232 not found
MT  3 20 for 90232 not found
Create input file for pfns for k= 51 and energy number 31 (out of 50)
MT3 for 90232 not found
MT  3 19 for 90232 not found
MT3 for 90232 not found
MT  3 20 for 90232 not found
Create input file for pfns for k= 52 and energy number 31 (out of 50)
MT3 for 90232 not found
MT  3 19 for 90232 not found
MT3 for 90232 not found
MT  3 20 for 90232 not found
Create input file for pfns for k= 53 and energy number 31 (out of 50)
MT3 for 90232 not found
MT  3 19 for 90232 not found
MT3 for 90232 not found
MT  3 20 for 90232 not found
Create input file for pfns for k= 54 and energy number 31 (out of 50)
MT3 for 90232 not found
MT  3 19 for 90232 not found
MT3 for 90232 not found
MT  3 20 for 90232 not found
Create input file for pfns for k= 55 and energy number 31 (out of 50)
MT3 for 90232 not found
MT  3 19 for 90232 not found
MT3 for 90232 not found
MT  3 20 for 90232 not found
Create input file for pfns for k= 56 and energy number 31 (out of 50)
MT3 for 90232 not found
MT  3 19 for 90232 not found
MT3 for 90232 not found
MT  3 20 for 90232 not found
Create input file for pfns for k= 57 and energy number 31 (out of 50)
MT3 for 90232 not found
MT  3 19 for 90232 not found
MT3 for 90232 not found
MT  3 20 for 90232 not found
Create input file for pfns for k= 58 and energy number 31 (out of 50)
MT3 for 90232 not found
MT  3 19 for 90232 not found
MT3 for 90232 not found
MT  3 20 for 90232 not found
Create input file for pfns for k= 59 and energy number 31 (out of 50)
MT3 for 90232 not found
MT  3 19 for 90232 not found
MT3 for 90232 not found
MT  3 20 for 90232 not found
Create input file for pfns for k= 60 and energy number 31 (out of 50)
MT3 for 90232 not found
MT  3 19 for 90232 not found
MT3 for 90232 not found
MT  3 20 for 90232 not found
Create input file for pfns for k= 61 and energy number 31 (out of 50)
MT3 for 90232 not found
MT  3 19 for 90232 not found
MT3 for 90232 not found
MT  3 20 for 90232 not found
Create input file for pfns for k= 62 and energy number 31 (out of 50)
MT3 for 90232 not found
MT  3 19 for 90232 not found
MT3 for 90232 not found
MT  3 20 for 90232 not found
Create input file for pfns for k= 63 and energy number 31 (out of 50)
MT3 for 90232 not found
MT  3 19 for 90232 not found
MT3 for 90232 not found
MT  3 20 for 90232 not found
Create input file for pfns for k= 64 and energy number 31 (out of 50)
MT3 for 90232 not found
MT  3 19 for 90232 not found
MT3 for 90232 not found
MT  3 20 for 90232 not found
Create input file for pfns for k= 65 and energy number 31 (out of 50)
MT3 for 90232 not found
MT  3 19 for 90232 not found
MT3 for 90232 not found
MT  3 20 for 90232 not found
Create input file for pfns for k= 66 and energy number 31 (out of 50)
MT3 for 90232 not found
MT  3 19 for 90232 not found
MT3 for 90232 not found
MT  3 20 for 90232 not found
Create input file for pfns for k= 67 and energy number 31 (out of 50)
MT3 for 90232 not found
MT  3 19 for 90232 not found
MT3 for 90232 not found
MT  3 20 for 90232 not found
Create input file for pfns for k= 68 and energy number 31 (out of 50)
MT3 for 90232 not found
MT  3 19 for 90232 not found
MT3 for 90232 not found
MT  3 20 for 90232 not found
Create input file for pfns for k= 69 and energy number 31 (out of 50)
MT3 for 90232 not found
MT  3 19 for 90232 not found
MT3 for 90232 not found
MT  3 20 for 90232 not found
Create input file for pfns for k= 70 and energy number 31 (out of 50)
MT3 for 90232 not found
MT  3 19 for 90232 not found
MT3 for 90232 not found
MT  3 20 for 90232 not found
Create input file for pfns for k= 71 and energy number 31 (out of 50)
MT3 for 90232 not found
MT  3 19 for 90232 not found
MT3 for 90232 not found
MT  3 20 for 90232 not found
Create input file for pfns for k= 72 and energy number 31 (out of 50)
MT3 for 90232 not found
MT  3 19 for 90232 not found
MT3 for 90232 not found
MT  3 20 for 90232 not found
Create input file for pfns for k= 73 and energy number 31 (out of 50)
MT3 for 90232 not found
MT  3 19 for 90232 not found
MT3 for 90232 not found
MT  3 20 for 90232 not found
Create input file for pfns for k= 74 and energy number 31 (out of 50)
MT3 for 90232 not found
MT  3 19 for 90232 not found
MT3 for 90232 not found
MT  3 20 for 90232 not found
Create input file for pfns for k= 75 and energy number 31 (out of 50)
MT3 for 90232 not found
MT  3 19 for 90232 not found
MT3 for 90232 not found
MT  3 20 for 90232 not found
Create input file for pfns for k= 76 and energy number 31 (out of 50)
MT3 for 90232 not found
MT  3 19 for 90232 not found
MT3 for 90232 not found
MT  3 20 for 90232 not found
Create input file for pfns for k= 77 and energy number 31 (out of 50)
MT3 for 90232 not found
MT  3 19 for 90232 not found
MT3 for 90232 not found
MT  3 20 for 90232 not found
Create input file for pfns for k= 78 and energy number 31 (out of 50)
MT3 for 90232 not found
MT  3 19 for 90232 not found
MT3 for 90232 not found
MT  3 20 for 90232 not found
Create input file for pfns for k= 79 and energy number 31 (out of 50)
MT3 for 90232 not found
MT  3 19 for 90232 not found
MT3 for 90232 not found
MT  3 20 for 90232 not found
Create input file for pfns for k= 80 and energy number 31 (out of 50)
MT3 for 90232 not found
MT  3 19 for 90232 not found
MT3 for 90232 not found
MT  3 20 for 90232 not found
Create input file for pfns for k= 81 and energy number 31 (out of 50)
MT3 for 90232 not found
MT  3 19 for 90232 not found
MT3 for 90232 not found
MT  3 20 for 90232 not found
Create input file for pfns for k= 82 and energy number 31 (out of 50)
MT3 for 90232 not found
MT  3 19 for 90232 not found
MT3 for 90232 not found
MT  3 20 for 90232 not found
Create input file for pfns for k= 83 and energy number 31 (out of 50)
MT3 for 90232 not found
MT  3 19 for 90232 not found
MT3 for 90232 not found
MT  3 20 for 90232 not found
Create input file for pfns for k= 84 and energy number 31 (out of 50)
MT3 for 90232 not found
MT  3 19 for 90232 not found
MT3 for 90232 not found
MT  3 20 for 90232 not found
Create input file for pfns for k= 85 and energy number 31 (out of 50)
MT3 for 90232 not found
MT  3 19 for 90232 not found
MT3 for 90232 not found
MT  3 20 for 90232 not found
Create input file for pfns for k= 86 and energy number 31 (out of 50)
MT3 for 90232 not found
MT  3 19 for 90232 not found
MT3 for 90232 not found
MT  3 20 for 90232 not found
Create input file for pfns for k= 87 and energy number 31 (out of 50)
MT3 for 90232 not found
MT  3 19 for 90232 not found
MT3 for 90232 not found
MT  3 20 for 90232 not found
Create input file for pfns for k= 88 and energy number 31 (out of 50)
MT3 for 90232 not found
MT  3 19 for 90232 not found
MT3 for 90232 not found
MT  3 20 for 90232 not found
Create input file for pfns for k= 89 and energy number 31 (out of 50)
MT3 for 90232 not found
MT  3 19 for 90232 not found
MT3 for 90232 not found
MT  3 20 for 90232 not found
Create input file for pfns for k= 90 and energy number 31 (out of 50)
MT3 for 90232 not found
MT  3 19 for 90232 not found
MT3 for 90232 not found
MT  3 20 for 90232 not found
Create input file for pfns for k= 91 and energy number 31 (out of 50)
MT3 for 90232 not found
MT  3 19 for 90232 not found
MT3 for 90232 not found
MT  3 20 for 90232 not found
Create input file for pfns for k= 92 and energy number 31 (out of 50)
MT3 for 90232 not found
MT  3 19 for 90232 not found
MT3 for 90232 not found
MT  3 20 for 90232 not found
Create input file for pfns for k= 93 and energy number 31 (out of 50)
MT3 for 90232 not found
MT  3 19 for 90232 not found
MT3 for 90232 not found
MT  3 20 for 90232 not found
Create input file for pfns for k= 94 and energy number 31 (out of 50)
MT3 for 90232 not found
MT  3 19 for 90232 not found
MT3 for 90232 not found
MT  3 20 for 90232 not found
Create input file for pfns for k= 95 and energy number 31 (out of 50)
MT3 for 90232 not found
MT  3 19 for 90232 not found
MT3 for 90232 not found
MT  3 20 for 90232 not found
Create input file for pfns for k= 96 and energy number 31 (out of 50)
MT3 for 90232 not found
MT  3 19 for 90232 not found
MT3 for 90232 not found
MT  3 20 for 90232 not found
Create input file for pfns for k= 97 and energy number 31 (out of 50)
MT3 for 90232 not found
MT  3 19 for 90232 not found
MT3 for 90232 not found
MT  3 20 for 90232 not found
Create input file for pfns for k= 98 and energy number 31 (out of 50)
MT3 for 90232 not found
MT  3 19 for 90232 not found
MT3 for 90232 not found
MT  3 20 for 90232 not found
Create input file for pfns for k= 99 and energy number 31 (out of 50)
MT3 for 90232 not found
MT  3 19 for 90232 not found
MT3 for 90232 not found
MT  3 20 for 90232 not found
Create input file for pfns for k= 100 and energy number 31 (out of 50)
MT3 for 90232 not found
MT  3 19 for 90232 not found
MT3 for 90232 not found
MT  3 20 for 90232 not found
Create input file for pfns for k= 0 and energy number 32 (out of 50)
MT3 for 90232 not found
MT  3 19 for 90232 not found
MT3 for 90232 not found
MT  3 20 for 90232 not found
Create input file for pfns for k= 1 and energy number 32 (out of 50)
MT3 for 90232 not found
MT  3 19 for 90232 not found
MT3 for 90232 not found
MT  3 20 for 90232 not found
Create input file for pfns for k= 2 and energy number 32 (out of 50)
MT3 for 90232 not found
MT  3 19 for 90232 not found
MT3 for 90232 not found
MT  3 20 for 90232 not found
Create input file for pfns for k= 3 and energy number 32 (out of 50)
MT3 for 90232 not found
MT  3 19 for 90232 not found
MT3 for 90232 not found
MT  3 20 for 90232 not found
Create input file for pfns for k= 4 and energy number 32 (out of 50)
MT3 for 90232 not found
MT  3 19 for 90232 not found
MT3 for 90232 not found
MT  3 20 for 90232 not found
Create input file for pfns for k= 5 and energy number 32 (out of 50)
MT3 for 90232 not found
MT  3 19 for 90232 not found
MT3 for 90232 not found
MT  3 20 for 90232 not found
Create input file for pfns for k= 6 and energy number 32 (out of 50)
MT3 for 90232 not found
MT  3 19 for 90232 not found
MT3 for 90232 not found
MT  3 20 for 90232 not found
Create input file for pfns for k= 7 and energy number 32 (out of 50)
MT3 for 90232 not found
MT  3 19 for 90232 not found
MT3 for 90232 not found
MT  3 20 for 90232 not found
Create input file for pfns for k= 8 and energy number 32 (out of 50)
MT3 for 90232 not found
MT  3 19 for 90232 not found
MT3 for 90232 not found
MT  3 20 for 90232 not found
Create input file for pfns for k= 9 and energy number 32 (out of 50)
MT3 for 90232 not found
MT  3 19 for 90232 not found
MT3 for 90232 not found
MT  3 20 for 90232 not found
Create input file for pfns for k= 10 and energy number 32 (out of 50)
MT3 for 90232 not found
MT  3 19 for 90232 not found
MT3 for 90232 not found
MT  3 20 for 90232 not found
Create input file for pfns for k= 11 and energy number 32 (out of 50)
MT3 for 90232 not found
MT  3 19 for 90232 not found
MT3 for 90232 not found
MT  3 20 for 90232 not found
Create input file for pfns for k= 12 and energy number 32 (out of 50)
MT3 for 90232 not found
MT  3 19 for 90232 not found
MT3 for 90232 not found
MT  3 20 for 90232 not found
Create input file for pfns for k= 13 and energy number 32 (out of 50)
MT3 for 90232 not found
MT  3 19 for 90232 not found
MT3 for 90232 not found
MT  3 20 for 90232 not found
Create input file for pfns for k= 14 and energy number 32 (out of 50)
MT3 for 90232 not found
MT  3 19 for 90232 not found
MT3 for 90232 not found
MT  3 20 for 90232 not found
Create input file for pfns for k= 15 and energy number 32 (out of 50)
MT3 for 90232 not found
MT  3 19 for 90232 not found
MT3 for 90232 not found
MT  3 20 for 90232 not found
Create input file for pfns for k= 16 and energy number 32 (out of 50)
MT3 for 90232 not found
MT  3 19 for 90232 not found
MT3 for 90232 not found
MT  3 20 for 90232 not found
Create input file for pfns for k= 17 and energy number 32 (out of 50)
MT3 for 90232 not found
MT  3 19 for 90232 not found
MT3 for 90232 not found
MT  3 20 for 90232 not found
Create input file for pfns for k= 18 and energy number 32 (out of 50)
MT3 for 90232 not found
MT  3 19 for 90232 not found
MT3 for 90232 not found
MT  3 20 for 90232 not found
Create input file for pfns for k= 19 and energy number 32 (out of 50)
MT3 for 90232 not found
MT  3 19 for 90232 not found
MT3 for 90232 not found
MT  3 20 for 90232 not found
Create input file for pfns for k= 20 and energy number 32 (out of 50)
MT3 for 90232 not found
MT  3 19 for 90232 not found
MT3 for 90232 not found
MT  3 20 for 90232 not found
Create input file for pfns for k= 21 and energy number 32 (out of 50)
MT3 for 90232 not found
MT  3 19 for 90232 not found
MT3 for 90232 not found
MT  3 20 for 90232 not found
Create input file for pfns for k= 22 and energy number 32 (out of 50)
MT3 for 90232 not found
MT  3 19 for 90232 not found
MT3 for 90232 not found
MT  3 20 for 90232 not found
Create input file for pfns for k= 23 and energy number 32 (out of 50)
MT3 for 90232 not found
MT  3 19 for 90232 not found
MT3 for 90232 not found
MT  3 20 for 90232 not found
Create input file for pfns for k= 24 and energy number 32 (out of 50)
MT3 for 90232 not found
MT  3 19 for 90232 not found
MT3 for 90232 not found
MT  3 20 for 90232 not found
Create input file for pfns for k= 25 and energy number 32 (out of 50)
MT3 for 90232 not found
MT  3 19 for 90232 not found
MT3 for 90232 not found
MT  3 20 for 90232 not found
Create input file for pfns for k= 26 and energy number 32 (out of 50)
MT3 for 90232 not found
MT  3 19 for 90232 not found
MT3 for 90232 not found
MT  3 20 for 90232 not found
Create input file for pfns for k= 27 and energy number 32 (out of 50)
MT3 for 90232 not found
MT  3 19 for 90232 not found
MT3 for 90232 not found
MT  3 20 for 90232 not found
Create input file for pfns for k= 28 and energy number 32 (out of 50)
MT3 for 90232 not found
MT  3 19 for 90232 not found
MT3 for 90232 not found
MT  3 20 for 90232 not found
Create input file for pfns for k= 29 and energy number 32 (out of 50)
MT3 for 90232 not found
MT  3 19 for 90232 not found
MT3 for 90232 not found
MT  3 20 for 90232 not found
Create input file for pfns for k= 30 and energy number 32 (out of 50)
MT3 for 90232 not found
MT  3 19 for 90232 not found
MT3 for 90232 not found
MT  3 20 for 90232 not found
Create input file for pfns for k= 31 and energy number 32 (out of 50)
MT3 for 90232 not found
MT  3 19 for 90232 not found
MT3 for 90232 not found
MT  3 20 for 90232 not found
Create input file for pfns for k= 32 and energy number 32 (out of 50)
MT3 for 90232 not found
MT  3 19 for 90232 not found
MT3 for 90232 not found
MT  3 20 for 90232 not found
Create input file for pfns for k= 33 and energy number 32 (out of 50)
MT3 for 90232 not found
MT  3 19 for 90232 not found
MT3 for 90232 not found
MT  3 20 for 90232 not found
Create input file for pfns for k= 34 and energy number 32 (out of 50)
MT3 for 90232 not found
MT  3 19 for 90232 not found
MT3 for 90232 not found
MT  3 20 for 90232 not found
Create input file for pfns for k= 35 and energy number 32 (out of 50)
MT3 for 90232 not found
MT  3 19 for 90232 not found
MT3 for 90232 not found
MT  3 20 for 90232 not found
Create input file for pfns for k= 36 and energy number 32 (out of 50)
MT3 for 90232 not found
MT  3 19 for 90232 not found
MT3 for 90232 not found
MT  3 20 for 90232 not found
Create input file for pfns for k= 37 and energy number 32 (out of 50)
MT3 for 90232 not found
MT  3 19 for 90232 not found
MT3 for 90232 not found
MT  3 20 for 90232 not found
Create input file for pfns for k= 38 and energy number 32 (out of 50)
MT3 for 90232 not found
MT  3 19 for 90232 not found
MT3 for 90232 not found
MT  3 20 for 90232 not found
Create input file for pfns for k= 39 and energy number 32 (out of 50)
MT3 for 90232 not found
MT  3 19 for 90232 not found
MT3 for 90232 not found
MT  3 20 for 90232 not found
Create input file for pfns for k= 40 and energy number 32 (out of 50)
MT3 for 90232 not found
MT  3 19 for 90232 not found
MT3 for 90232 not found
MT  3 20 for 90232 not found
Create input file for pfns for k= 41 and energy number 32 (out of 50)
MT3 for 90232 not found
MT  3 19 for 90232 not found
MT3 for 90232 not found
MT  3 20 for 90232 not found
Create input file for pfns for k= 42 and energy number 32 (out of 50)
MT3 for 90232 not found
MT  3 19 for 90232 not found
MT3 for 90232 not found
MT  3 20 for 90232 not found
Create input file for pfns for k= 43 and energy number 32 (out of 50)
MT3 for 90232 not found
MT  3 19 for 90232 not found
MT3 for 90232 not found
MT  3 20 for 90232 not found
Create input file for pfns for k= 44 and energy number 32 (out of 50)
MT3 for 90232 not found
MT  3 19 for 90232 not found
MT3 for 90232 not found
MT  3 20 for 90232 not found
Create input file for pfns for k= 45 and energy number 32 (out of 50)
MT3 for 90232 not found
MT  3 19 for 90232 not found
MT3 for 90232 not found
MT  3 20 for 90232 not found
Create input file for pfns for k= 46 and energy number 32 (out of 50)
MT3 for 90232 not found
MT  3 19 for 90232 not found
MT3 for 90232 not found
MT  3 20 for 90232 not found
Create input file for pfns for k= 47 and energy number 32 (out of 50)
MT3 for 90232 not found
MT  3 19 for 90232 not found
MT3 for 90232 not found
MT  3 20 for 90232 not found
Create input file for pfns for k= 48 and energy number 32 (out of 50)
MT3 for 90232 not found
MT  3 19 for 90232 not found
MT3 for 90232 not found
MT  3 20 for 90232 not found
Create input file for pfns for k= 49 and energy number 32 (out of 50)
MT3 for 90232 not found
MT  3 19 for 90232 not found
MT3 for 90232 not found
MT  3 20 for 90232 not found
Create input file for pfns for k= 50 and energy number 32 (out of 50)
MT3 for 90232 not found
MT  3 19 for 90232 not found
MT3 for 90232 not found
MT  3 20 for 90232 not found
Create input file for pfns for k= 51 and energy number 32 (out of 50)
MT3 for 90232 not found
MT  3 19 for 90232 not found
MT3 for 90232 not found
MT  3 20 for 90232 not found
Create input file for pfns for k= 52 and energy number 32 (out of 50)
MT3 for 90232 not found
MT  3 19 for 90232 not found
MT3 for 90232 not found
MT  3 20 for 90232 not found
Create input file for pfns for k= 53 and energy number 32 (out of 50)
MT3 for 90232 not found
MT  3 19 for 90232 not found
MT3 for 90232 not found
MT  3 20 for 90232 not found
Create input file for pfns for k= 54 and energy number 32 (out of 50)
MT3 for 90232 not found
MT  3 19 for 90232 not found
MT3 for 90232 not found
MT  3 20 for 90232 not found
Create input file for pfns for k= 55 and energy number 32 (out of 50)
MT3 for 90232 not found
MT  3 19 for 90232 not found
MT3 for 90232 not found
MT  3 20 for 90232 not found
Create input file for pfns for k= 56 and energy number 32 (out of 50)
MT3 for 90232 not found
MT  3 19 for 90232 not found
MT3 for 90232 not found
MT  3 20 for 90232 not found
Create input file for pfns for k= 57 and energy number 32 (out of 50)
MT3 for 90232 not found
MT  3 19 for 90232 not found
MT3 for 90232 not found
MT  3 20 for 90232 not found
Create input file for pfns for k= 58 and energy number 32 (out of 50)
MT3 for 90232 not found
MT  3 19 for 90232 not found
MT3 for 90232 not found
MT  3 20 for 90232 not found
Create input file for pfns for k= 59 and energy number 32 (out of 50)
MT3 for 90232 not found
MT  3 19 for 90232 not found
MT3 for 90232 not found
MT  3 20 for 90232 not found
Create input file for pfns for k= 60 and energy number 32 (out of 50)
MT3 for 90232 not found
MT  3 19 for 90232 not found
MT3 for 90232 not found
MT  3 20 for 90232 not found
Create input file for pfns for k= 61 and energy number 32 (out of 50)
MT3 for 90232 not found
MT  3 19 for 90232 not found
MT3 for 90232 not found
MT  3 20 for 90232 not found
Create input file for pfns for k= 62 and energy number 32 (out of 50)
MT3 for 90232 not found
MT  3 19 for 90232 not found
MT3 for 90232 not found
MT  3 20 for 90232 not found
Create input file for pfns for k= 63 and energy number 32 (out of 50)
MT3 for 90232 not found
MT  3 19 for 90232 not found
MT3 for 90232 not found
MT  3 20 for 90232 not found
Create input file for pfns for k= 64 and energy number 32 (out of 50)
MT3 for 90232 not found
MT  3 19 for 90232 not found
MT3 for 90232 not found
MT  3 20 for 90232 not found
Create input file for pfns for k= 65 and energy number 32 (out of 50)
MT3 for 90232 not found
MT  3 19 for 90232 not found
MT3 for 90232 not found
MT  3 20 for 90232 not found
Create input file for pfns for k= 66 and energy number 32 (out of 50)
MT3 for 90232 not found
MT  3 19 for 90232 not found
MT3 for 90232 not found
MT  3 20 for 90232 not found
Create input file for pfns for k= 67 and energy number 32 (out of 50)
MT3 for 90232 not found
MT  3 19 for 90232 not found
MT3 for 90232 not found
MT  3 20 for 90232 not found
Create input file for pfns for k= 68 and energy number 32 (out of 50)
MT3 for 90232 not found
MT  3 19 for 90232 not found
MT3 for 90232 not found
MT  3 20 for 90232 not found
Create input file for pfns for k= 69 and energy number 32 (out of 50)
MT3 for 90232 not found
MT  3 19 for 90232 not found
MT3 for 90232 not found
MT  3 20 for 90232 not found
Create input file for pfns for k= 70 and energy number 32 (out of 50)
MT3 for 90232 not found
MT  3 19 for 90232 not found
MT3 for 90232 not found
MT  3 20 for 90232 not found
Create input file for pfns for k= 71 and energy number 32 (out of 50)
MT3 for 90232 not found
MT  3 19 for 90232 not found
MT3 for 90232 not found
MT  3 20 for 90232 not found
Create input file for pfns for k= 72 and energy number 32 (out of 50)
MT3 for 90232 not found
MT  3 19 for 90232 not found
MT3 for 90232 not found
MT  3 20 for 90232 not found
Create input file for pfns for k= 73 and energy number 32 (out of 50)
MT3 for 90232 not found
MT  3 19 for 90232 not found
MT3 for 90232 not found
MT  3 20 for 90232 not found
Create input file for pfns for k= 74 and energy number 32 (out of 50)
MT3 for 90232 not found
MT  3 19 for 90232 not found
MT3 for 90232 not found
MT  3 20 for 90232 not found
Create input file for pfns for k= 75 and energy number 32 (out of 50)
MT3 for 90232 not found
MT  3 19 for 90232 not found
MT3 for 90232 not found
MT  3 20 for 90232 not found
Create input file for pfns for k= 76 and energy number 32 (out of 50)
MT3 for 90232 not found
MT  3 19 for 90232 not found
MT3 for 90232 not found
MT  3 20 for 90232 not found
Create input file for pfns for k= 77 and energy number 32 (out of 50)
MT3 for 90232 not found
MT  3 19 for 90232 not found
MT3 for 90232 not found
MT  3 20 for 90232 not found
Create input file for pfns for k= 78 and energy number 32 (out of 50)
MT3 for 90232 not found
MT  3 19 for 90232 not found
MT3 for 90232 not found
MT  3 20 for 90232 not found
Create input file for pfns for k= 79 and energy number 32 (out of 50)
MT3 for 90232 not found
MT  3 19 for 90232 not found
MT3 for 90232 not found
MT  3 20 for 90232 not found
Create input file for pfns for k= 80 and energy number 32 (out of 50)
MT3 for 90232 not found
MT  3 19 for 90232 not found
MT3 for 90232 not found
MT  3 20 for 90232 not found
Create input file for pfns for k= 81 and energy number 32 (out of 50)
MT3 for 90232 not found
MT  3 19 for 90232 not found
MT3 for 90232 not found
MT  3 20 for 90232 not found
Create input file for pfns for k= 82 and energy number 32 (out of 50)
MT3 for 90232 not found
MT  3 19 for 90232 not found
MT3 for 90232 not found
MT  3 20 for 90232 not found
Create input file for pfns for k= 83 and energy number 32 (out of 50)
MT3 for 90232 not found
MT  3 19 for 90232 not found
MT3 for 90232 not found
MT  3 20 for 90232 not found
Create input file for pfns for k= 84 and energy number 32 (out of 50)
MT3 for 90232 not found
MT  3 19 for 90232 not found
MT3 for 90232 not found
MT  3 20 for 90232 not found
Create input file for pfns for k= 85 and energy number 32 (out of 50)
MT3 for 90232 not found
MT  3 19 for 90232 not found
MT3 for 90232 not found
MT  3 20 for 90232 not found
Create input file for pfns for k= 86 and energy number 32 (out of 50)
MT3 for 90232 not found
MT  3 19 for 90232 not found
MT3 for 90232 not found
MT  3 20 for 90232 not found
Create input file for pfns for k= 87 and energy number 32 (out of 50)
MT3 for 90232 not found
MT  3 19 for 90232 not found
MT3 for 90232 not found
MT  3 20 for 90232 not found
Create input file for pfns for k= 88 and energy number 32 (out of 50)
MT3 for 90232 not found
MT  3 19 for 90232 not found
MT3 for 90232 not found
MT  3 20 for 90232 not found
Create input file for pfns for k= 89 and energy number 32 (out of 50)
MT3 for 90232 not found
MT  3 19 for 90232 not found
MT3 for 90232 not found
MT  3 20 for 90232 not found
Create input file for pfns for k= 90 and energy number 32 (out of 50)
MT3 for 90232 not found
MT  3 19 for 90232 not found
MT3 for 90232 not found
MT  3 20 for 90232 not found
Create input file for pfns for k= 91 and energy number 32 (out of 50)
MT3 for 90232 not found
MT  3 19 for 90232 not found
MT3 for 90232 not found
MT  3 20 for 90232 not found
Create input file for pfns for k= 92 and energy number 32 (out of 50)
MT3 for 90232 not found
MT  3 19 for 90232 not found
MT3 for 90232 not found
MT  3 20 for 90232 not found
Create input file for pfns for k= 93 and energy number 32 (out of 50)
MT3 for 90232 not found
MT  3 19 for 90232 not found
MT3 for 90232 not found
MT  3 20 for 90232 not found
Create input file for pfns for k= 94 and energy number 32 (out of 50)
MT3 for 90232 not found
MT  3 19 for 90232 not found
MT3 for 90232 not found
MT  3 20 for 90232 not found
Create input file for pfns for k= 95 and energy number 32 (out of 50)
MT3 for 90232 not found
MT  3 19 for 90232 not found
MT3 for 90232 not found
MT  3 20 for 90232 not found
Create input file for pfns for k= 96 and energy number 32 (out of 50)
MT3 for 90232 not found
MT  3 19 for 90232 not found
MT3 for 90232 not found
MT  3 20 for 90232 not found
Create input file for pfns for k= 97 and energy number 32 (out of 50)
MT3 for 90232 not found
MT  3 19 for 90232 not found
MT3 for 90232 not found
MT  3 20 for 90232 not found
Create input file for pfns for k= 98 and energy number 32 (out of 50)
MT3 for 90232 not found
MT  3 19 for 90232 not found
MT3 for 90232 not found
MT  3 20 for 90232 not found
Create input file for pfns for k= 99 and energy number 32 (out of 50)
MT3 for 90232 not found
MT  3 19 for 90232 not found
MT3 for 90232 not found
MT  3 20 for 90232 not found
Create input file for pfns for k= 100 and energy number 32 (out of 50)
MT3 for 90232 not found
MT  3 19 for 90232 not found
MT3 for 90232 not found
MT  3 20 for 90232 not found
Create input file for pfns for k= 0 and energy number 33 (out of 50)
MT3 for 90232 not found
MT  3 19 for 90232 not found
MT3 for 90232 not found
MT  3 20 for 90232 not found
Create input file for pfns for k= 1 and energy number 33 (out of 50)
MT3 for 90232 not found
MT  3 19 for 90232 not found
MT3 for 90232 not found
MT  3 20 for 90232 not found
Create input file for pfns for k= 2 and energy number 33 (out of 50)
MT3 for 90232 not found
MT  3 19 for 90232 not found
MT3 for 90232 not found
MT  3 20 for 90232 not found
Create input file for pfns for k= 3 and energy number 33 (out of 50)
MT3 for 90232 not found
MT  3 19 for 90232 not found
MT3 for 90232 not found
MT  3 20 for 90232 not found
Create input file for pfns for k= 4 and energy number 33 (out of 50)
MT3 for 90232 not found
MT  3 19 for 90232 not found
MT3 for 90232 not found
MT  3 20 for 90232 not found
Create input file for pfns for k= 5 and energy number 33 (out of 50)
MT3 for 90232 not found
MT  3 19 for 90232 not found
MT3 for 90232 not found
MT  3 20 for 90232 not found
Create input file for pfns for k= 6 and energy number 33 (out of 50)
MT3 for 90232 not found
MT  3 19 for 90232 not found
MT3 for 90232 not found
MT  3 20 for 90232 not found
Create input file for pfns for k= 7 and energy number 33 (out of 50)
MT3 for 90232 not found
MT  3 19 for 90232 not found
MT3 for 90232 not found
MT  3 20 for 90232 not found
Create input file for pfns for k= 8 and energy number 33 (out of 50)
MT3 for 90232 not found
MT  3 19 for 90232 not found
MT3 for 90232 not found
MT  3 20 for 90232 not found
Create input file for pfns for k= 9 and energy number 33 (out of 50)
MT3 for 90232 not found
MT  3 19 for 90232 not found
MT3 for 90232 not found
MT  3 20 for 90232 not found
Create input file for pfns for k= 10 and energy number 33 (out of 50)
MT3 for 90232 not found
MT  3 19 for 90232 not found
MT3 for 90232 not found
MT  3 20 for 90232 not found
Create input file for pfns for k= 11 and energy number 33 (out of 50)
MT3 for 90232 not found
MT  3 19 for 90232 not found
MT3 for 90232 not found
MT  3 20 for 90232 not found
Create input file for pfns for k= 12 and energy number 33 (out of 50)
MT3 for 90232 not found
MT  3 19 for 90232 not found
MT3 for 90232 not found
MT  3 20 for 90232 not found
Create input file for pfns for k= 13 and energy number 33 (out of 50)
MT3 for 90232 not found
MT  3 19 for 90232 not found
MT3 for 90232 not found
MT  3 20 for 90232 not found
Create input file for pfns for k= 14 and energy number 33 (out of 50)
MT3 for 90232 not found
MT  3 19 for 90232 not found
MT3 for 90232 not found
MT  3 20 for 90232 not found
Create input file for pfns for k= 15 and energy number 33 (out of 50)
MT3 for 90232 not found
MT  3 19 for 90232 not found
MT3 for 90232 not found
MT  3 20 for 90232 not found
Create input file for pfns for k= 16 and energy number 33 (out of 50)
MT3 for 90232 not found
MT  3 19 for 90232 not found
MT3 for 90232 not found
MT  3 20 for 90232 not found
Create input file for pfns for k= 17 and energy number 33 (out of 50)
MT3 for 90232 not found
MT  3 19 for 90232 not found
MT3 for 90232 not found
MT  3 20 for 90232 not found
Create input file for pfns for k= 18 and energy number 33 (out of 50)
MT3 for 90232 not found
MT  3 19 for 90232 not found
MT3 for 90232 not found
MT  3 20 for 90232 not found
Create input file for pfns for k= 19 and energy number 33 (out of 50)
MT3 for 90232 not found
MT  3 19 for 90232 not found
MT3 for 90232 not found
MT  3 20 for 90232 not found
Create input file for pfns for k= 20 and energy number 33 (out of 50)
MT3 for 90232 not found
MT  3 19 for 90232 not found
MT3 for 90232 not found
MT  3 20 for 90232 not found
Create input file for pfns for k= 21 and energy number 33 (out of 50)
MT3 for 90232 not found
MT  3 19 for 90232 not found
MT3 for 90232 not found
MT  3 20 for 90232 not found
Create input file for pfns for k= 22 and energy number 33 (out of 50)
MT3 for 90232 not found
MT  3 19 for 90232 not found
MT3 for 90232 not found
MT  3 20 for 90232 not found
Create input file for pfns for k= 23 and energy number 33 (out of 50)
MT3 for 90232 not found
MT  3 19 for 90232 not found
MT3 for 90232 not found
MT  3 20 for 90232 not found
Create input file for pfns for k= 24 and energy number 33 (out of 50)
MT3 for 90232 not found
MT  3 19 for 90232 not found
MT3 for 90232 not found
MT  3 20 for 90232 not found
Create input file for pfns for k= 25 and energy number 33 (out of 50)
MT3 for 90232 not found
MT  3 19 for 90232 not found
MT3 for 90232 not found
MT  3 20 for 90232 not found
Create input file for pfns for k= 26 and energy number 33 (out of 50)
MT3 for 90232 not found
MT  3 19 for 90232 not found
MT3 for 90232 not found
MT  3 20 for 90232 not found
Create input file for pfns for k= 27 and energy number 33 (out of 50)
MT3 for 90232 not found
MT  3 19 for 90232 not found
MT3 for 90232 not found
MT  3 20 for 90232 not found
Create input file for pfns for k= 28 and energy number 33 (out of 50)
MT3 for 90232 not found
MT  3 19 for 90232 not found
MT3 for 90232 not found
MT  3 20 for 90232 not found
Create input file for pfns for k= 29 and energy number 33 (out of 50)
MT3 for 90232 not found
MT  3 19 for 90232 not found
MT3 for 90232 not found
MT  3 20 for 90232 not found
Create input file for pfns for k= 30 and energy number 33 (out of 50)
MT3 for 90232 not found
MT  3 19 for 90232 not found
MT3 for 90232 not found
MT  3 20 for 90232 not found
Create input file for pfns for k= 31 and energy number 33 (out of 50)
MT3 for 90232 not found
MT  3 19 for 90232 not found
MT3 for 90232 not found
MT  3 20 for 90232 not found
Create input file for pfns for k= 32 and energy number 33 (out of 50)
MT3 for 90232 not found
MT  3 19 for 90232 not found
MT3 for 90232 not found
MT  3 20 for 90232 not found
Create input file for pfns for k= 33 and energy number 33 (out of 50)
MT3 for 90232 not found
MT  3 19 for 90232 not found
MT3 for 90232 not found
MT  3 20 for 90232 not found
Create input file for pfns for k= 34 and energy number 33 (out of 50)
MT3 for 90232 not found
MT  3 19 for 90232 not found
MT3 for 90232 not found
MT  3 20 for 90232 not found
Create input file for pfns for k= 35 and energy number 33 (out of 50)
MT3 for 90232 not found
MT  3 19 for 90232 not found
MT3 for 90232 not found
MT  3 20 for 90232 not found
Create input file for pfns for k= 36 and energy number 33 (out of 50)
MT3 for 90232 not found
MT  3 19 for 90232 not found
MT3 for 90232 not found
MT  3 20 for 90232 not found
Create input file for pfns for k= 37 and energy number 33 (out of 50)
MT3 for 90232 not found
MT  3 19 for 90232 not found
MT3 for 90232 not found
MT  3 20 for 90232 not found
Create input file for pfns for k= 38 and energy number 33 (out of 50)
MT3 for 90232 not found
MT  3 19 for 90232 not found
MT3 for 90232 not found
MT  3 20 for 90232 not found
Create input file for pfns for k= 39 and energy number 33 (out of 50)
MT3 for 90232 not found
MT  3 19 for 90232 not found
MT3 for 90232 not found
MT  3 20 for 90232 not found
Create input file for pfns for k= 40 and energy number 33 (out of 50)
MT3 for 90232 not found
MT  3 19 for 90232 not found
MT3 for 90232 not found
MT  3 20 for 90232 not found
Create input file for pfns for k= 41 and energy number 33 (out of 50)
MT3 for 90232 not found
MT  3 19 for 90232 not found
MT3 for 90232 not found
MT  3 20 for 90232 not found
Create input file for pfns for k= 42 and energy number 33 (out of 50)
MT3 for 90232 not found
MT  3 19 for 90232 not found
MT3 for 90232 not found
MT  3 20 for 90232 not found
Create input file for pfns for k= 43 and energy number 33 (out of 50)
MT3 for 90232 not found
MT  3 19 for 90232 not found
MT3 for 90232 not found
MT  3 20 for 90232 not found
Create input file for pfns for k= 44 and energy number 33 (out of 50)
MT3 for 90232 not found
MT  3 19 for 90232 not found
MT3 for 90232 not found
MT  3 20 for 90232 not found
Create input file for pfns for k= 45 and energy number 33 (out of 50)
MT3 for 90232 not found
MT  3 19 for 90232 not found
MT3 for 90232 not found
MT  3 20 for 90232 not found
Create input file for pfns for k= 46 and energy number 33 (out of 50)
MT3 for 90232 not found
MT  3 19 for 90232 not found
MT3 for 90232 not found
MT  3 20 for 90232 not found
Create input file for pfns for k= 47 and energy number 33 (out of 50)
MT3 for 90232 not found
MT  3 19 for 90232 not found
MT3 for 90232 not found
MT  3 20 for 90232 not found
Create input file for pfns for k= 48 and energy number 33 (out of 50)
MT3 for 90232 not found
MT  3 19 for 90232 not found
MT3 for 90232 not found
MT  3 20 for 90232 not found
Create input file for pfns for k= 49 and energy number 33 (out of 50)
MT3 for 90232 not found
MT  3 19 for 90232 not found
MT3 for 90232 not found
MT  3 20 for 90232 not found
Create input file for pfns for k= 50 and energy number 33 (out of 50)
MT3 for 90232 not found
MT  3 19 for 90232 not found
MT3 for 90232 not found
MT  3 20 for 90232 not found
Create input file for pfns for k= 51 and energy number 33 (out of 50)
MT3 for 90232 not found
MT  3 19 for 90232 not found
MT3 for 90232 not found
MT  3 20 for 90232 not found
Create input file for pfns for k= 52 and energy number 33 (out of 50)
MT3 for 90232 not found
MT  3 19 for 90232 not found
MT3 for 90232 not found
MT  3 20 for 90232 not found
Create input file for pfns for k= 53 and energy number 33 (out of 50)
MT3 for 90232 not found
MT  3 19 for 90232 not found
MT3 for 90232 not found
MT  3 20 for 90232 not found
Create input file for pfns for k= 54 and energy number 33 (out of 50)
MT3 for 90232 not found
MT  3 19 for 90232 not found
MT3 for 90232 not found
MT  3 20 for 90232 not found
Create input file for pfns for k= 55 and energy number 33 (out of 50)
MT3 for 90232 not found
MT  3 19 for 90232 not found
MT3 for 90232 not found
MT  3 20 for 90232 not found
Create input file for pfns for k= 56 and energy number 33 (out of 50)
MT3 for 90232 not found
MT  3 19 for 90232 not found
MT3 for 90232 not found
MT  3 20 for 90232 not found
Create input file for pfns for k= 57 and energy number 33 (out of 50)
MT3 for 90232 not found
MT  3 19 for 90232 not found
MT3 for 90232 not found
MT  3 20 for 90232 not found
Create input file for pfns for k= 58 and energy number 33 (out of 50)
MT3 for 90232 not found
MT  3 19 for 90232 not found
MT3 for 90232 not found
MT  3 20 for 90232 not found
Create input file for pfns for k= 59 and energy number 33 (out of 50)
MT3 for 90232 not found
MT  3 19 for 90232 not found
MT3 for 90232 not found
MT  3 20 for 90232 not found
Create input file for pfns for k= 60 and energy number 33 (out of 50)
MT3 for 90232 not found
MT  3 19 for 90232 not found
MT3 for 90232 not found
MT  3 20 for 90232 not found
Create input file for pfns for k= 61 and energy number 33 (out of 50)
MT3 for 90232 not found
MT  3 19 for 90232 not found
MT3 for 90232 not found
MT  3 20 for 90232 not found
Create input file for pfns for k= 62 and energy number 33 (out of 50)
MT3 for 90232 not found
MT  3 19 for 90232 not found
MT3 for 90232 not found
MT  3 20 for 90232 not found
Create input file for pfns for k= 63 and energy number 33 (out of 50)
MT3 for 90232 not found
MT  3 19 for 90232 not found
MT3 for 90232 not found
MT  3 20 for 90232 not found
Create input file for pfns for k= 64 and energy number 33 (out of 50)
MT3 for 90232 not found
MT  3 19 for 90232 not found
MT3 for 90232 not found
MT  3 20 for 90232 not found
Create input file for pfns for k= 65 and energy number 33 (out of 50)
MT3 for 90232 not found
MT  3 19 for 90232 not found
MT3 for 90232 not found
MT  3 20 for 90232 not found
Create input file for pfns for k= 66 and energy number 33 (out of 50)
MT3 for 90232 not found
MT  3 19 for 90232 not found
MT3 for 90232 not found
MT  3 20 for 90232 not found
Create input file for pfns for k= 67 and energy number 33 (out of 50)
MT3 for 90232 not found
MT  3 19 for 90232 not found
MT3 for 90232 not found
MT  3 20 for 90232 not found
Create input file for pfns for k= 68 and energy number 33 (out of 50)
MT3 for 90232 not found
MT  3 19 for 90232 not found
MT3 for 90232 not found
MT  3 20 for 90232 not found
Create input file for pfns for k= 69 and energy number 33 (out of 50)
MT3 for 90232 not found
MT  3 19 for 90232 not found
MT3 for 90232 not found
MT  3 20 for 90232 not found
Create input file for pfns for k= 70 and energy number 33 (out of 50)
MT3 for 90232 not found
MT  3 19 for 90232 not found
MT3 for 90232 not found
MT  3 20 for 90232 not found
Create input file for pfns for k= 71 and energy number 33 (out of 50)
MT3 for 90232 not found
MT  3 19 for 90232 not found
MT3 for 90232 not found
MT  3 20 for 90232 not found
Create input file for pfns for k= 72 and energy number 33 (out of 50)
MT3 for 90232 not found
MT  3 19 for 90232 not found
MT3 for 90232 not found
MT  3 20 for 90232 not found
Create input file for pfns for k= 73 and energy number 33 (out of 50)
MT3 for 90232 not found
MT  3 19 for 90232 not found
MT3 for 90232 not found
MT  3 20 for 90232 not found
Create input file for pfns for k= 74 and energy number 33 (out of 50)
MT3 for 90232 not found
MT  3 19 for 90232 not found
MT3 for 90232 not found
MT  3 20 for 90232 not found
Create input file for pfns for k= 75 and energy number 33 (out of 50)
MT3 for 90232 not found
MT  3 19 for 90232 not found
MT3 for 90232 not found
MT  3 20 for 90232 not found
Create input file for pfns for k= 76 and energy number 33 (out of 50)
MT3 for 90232 not found
MT  3 19 for 90232 not found
MT3 for 90232 not found
MT  3 20 for 90232 not found
Create input file for pfns for k= 77 and energy number 33 (out of 50)
MT3 for 90232 not found
MT  3 19 for 90232 not found
MT3 for 90232 not found
MT  3 20 for 90232 not found
Create input file for pfns for k= 78 and energy number 33 (out of 50)
MT3 for 90232 not found
MT  3 19 for 90232 not found
MT3 for 90232 not found
MT  3 20 for 90232 not found
Create input file for pfns for k= 79 and energy number 33 (out of 50)
MT3 for 90232 not found
MT  3 19 for 90232 not found
MT3 for 90232 not found
MT  3 20 for 90232 not found
Create input file for pfns for k= 80 and energy number 33 (out of 50)
MT3 for 90232 not found
MT  3 19 for 90232 not found
MT3 for 90232 not found
MT  3 20 for 90232 not found
Create input file for pfns for k= 81 and energy number 33 (out of 50)
MT3 for 90232 not found
MT  3 19 for 90232 not found
MT3 for 90232 not found
MT  3 20 for 90232 not found
Create input file for pfns for k= 82 and energy number 33 (out of 50)
MT3 for 90232 not found
MT  3 19 for 90232 not found
MT3 for 90232 not found
MT  3 20 for 90232 not found
Create input file for pfns for k= 83 and energy number 33 (out of 50)
MT3 for 90232 not found
MT  3 19 for 90232 not found
MT3 for 90232 not found
MT  3 20 for 90232 not found
Create input file for pfns for k= 84 and energy number 33 (out of 50)
MT3 for 90232 not found
MT  3 19 for 90232 not found
MT3 for 90232 not found
MT  3 20 for 90232 not found
Create input file for pfns for k= 85 and energy number 33 (out of 50)
MT3 for 90232 not found
MT  3 19 for 90232 not found
MT3 for 90232 not found
MT  3 20 for 90232 not found
Create input file for pfns for k= 86 and energy number 33 (out of 50)
MT3 for 90232 not found
MT  3 19 for 90232 not found
MT3 for 90232 not found
MT  3 20 for 90232 not found
Create input file for pfns for k= 87 and energy number 33 (out of 50)
MT3 for 90232 not found
MT  3 19 for 90232 not found
MT3 for 90232 not found
MT  3 20 for 90232 not found
Create input file for pfns for k= 88 and energy number 33 (out of 50)
MT3 for 90232 not found
MT  3 19 for 90232 not found
MT3 for 90232 not found
MT  3 20 for 90232 not found
Create input file for pfns for k= 89 and energy number 33 (out of 50)
MT3 for 90232 not found
MT  3 19 for 90232 not found
MT3 for 90232 not found
MT  3 20 for 90232 not found
Create input file for pfns for k= 90 and energy number 33 (out of 50)
MT3 for 90232 not found
MT  3 19 for 90232 not found
MT3 for 90232 not found
MT  3 20 for 90232 not found
Create input file for pfns for k= 91 and energy number 33 (out of 50)
MT3 for 90232 not found
MT  3 19 for 90232 not found
MT3 for 90232 not found
MT  3 20 for 90232 not found
Create input file for pfns for k= 92 and energy number 33 (out of 50)
MT3 for 90232 not found
MT  3 19 for 90232 not found
MT3 for 90232 not found
MT  3 20 for 90232 not found
Create input file for pfns for k= 93 and energy number 33 (out of 50)
MT3 for 90232 not found
MT  3 19 for 90232 not found
MT3 for 90232 not found
MT  3 20 for 90232 not found
Create input file for pfns for k= 94 and energy number 33 (out of 50)
MT3 for 90232 not found
MT  3 19 for 90232 not found
MT3 for 90232 not found
MT  3 20 for 90232 not found
Create input file for pfns for k= 95 and energy number 33 (out of 50)
MT3 for 90232 not found
MT  3 19 for 90232 not found
MT3 for 90232 not found
MT  3 20 for 90232 not found
Create input file for pfns for k= 96 and energy number 33 (out of 50)
MT3 for 90232 not found
MT  3 19 for 90232 not found
MT3 for 90232 not found
MT  3 20 for 90232 not found
Create input file for pfns for k= 97 and energy number 33 (out of 50)
MT3 for 90232 not found
MT  3 19 for 90232 not found
MT3 for 90232 not found
MT  3 20 for 90232 not found
Create input file for pfns for k= 98 and energy number 33 (out of 50)
MT3 for 90232 not found
MT  3 19 for 90232 not found
MT3 for 90232 not found
MT  3 20 for 90232 not found
Create input file for pfns for k= 99 and energy number 33 (out of 50)
MT3 for 90232 not found
MT  3 19 for 90232 not found
MT3 for 90232 not found
MT  3 20 for 90232 not found
Create input file for pfns for k= 100 and energy number 33 (out of 50)
MT3 for 90232 not found
MT  3 19 for 90232 not found
MT3 for 90232 not found
MT  3 20 for 90232 not found
Create input file for pfns for k= 0 and energy number 34 (out of 50)
MT3 for 90232 not found
MT  3 19 for 90232 not found
MT3 for 90232 not found
MT  3 20 for 90232 not found
Create input file for pfns for k= 1 and energy number 34 (out of 50)
MT3 for 90232 not found
MT  3 19 for 90232 not found
MT3 for 90232 not found
MT  3 20 for 90232 not found
Create input file for pfns for k= 2 and energy number 34 (out of 50)
MT3 for 90232 not found
MT  3 19 for 90232 not found
MT3 for 90232 not found
MT  3 20 for 90232 not found
Create input file for pfns for k= 3 and energy number 34 (out of 50)
MT3 for 90232 not found
MT  3 19 for 90232 not found
MT3 for 90232 not found
MT  3 20 for 90232 not found
Create input file for pfns for k= 4 and energy number 34 (out of 50)
MT3 for 90232 not found
MT  3 19 for 90232 not found
MT3 for 90232 not found
MT  3 20 for 90232 not found
Create input file for pfns for k= 5 and energy number 34 (out of 50)
MT3 for 90232 not found
MT  3 19 for 90232 not found
MT3 for 90232 not found
MT  3 20 for 90232 not found
Create input file for pfns for k= 6 and energy number 34 (out of 50)
MT3 for 90232 not found
MT  3 19 for 90232 not found
MT3 for 90232 not found
MT  3 20 for 90232 not found
Create input file for pfns for k= 7 and energy number 34 (out of 50)
MT3 for 90232 not found
MT  3 19 for 90232 not found
MT3 for 90232 not found
MT  3 20 for 90232 not found
Create input file for pfns for k= 8 and energy number 34 (out of 50)
MT3 for 90232 not found
MT  3 19 for 90232 not found
MT3 for 90232 not found
MT  3 20 for 90232 not found
Create input file for pfns for k= 9 and energy number 34 (out of 50)
MT3 for 90232 not found
MT  3 19 for 90232 not found
MT3 for 90232 not found
MT  3 20 for 90232 not found
Create input file for pfns for k= 10 and energy number 34 (out of 50)
MT3 for 90232 not found
MT  3 19 for 90232 not found
MT3 for 90232 not found
MT  3 20 for 90232 not found
Create input file for pfns for k= 11 and energy number 34 (out of 50)
MT3 for 90232 not found
MT  3 19 for 90232 not found
MT3 for 90232 not found
MT  3 20 for 90232 not found
Create input file for pfns for k= 12 and energy number 34 (out of 50)
MT3 for 90232 not found
MT  3 19 for 90232 not found
MT3 for 90232 not found
MT  3 20 for 90232 not found
Create input file for pfns for k= 13 and energy number 34 (out of 50)
MT3 for 90232 not found
MT  3 19 for 90232 not found
MT3 for 90232 not found
MT  3 20 for 90232 not found
Create input file for pfns for k= 14 and energy number 34 (out of 50)
MT3 for 90232 not found
MT  3 19 for 90232 not found
MT3 for 90232 not found
MT  3 20 for 90232 not found
Create input file for pfns for k= 15 and energy number 34 (out of 50)
MT3 for 90232 not found
MT  3 19 for 90232 not found
MT3 for 90232 not found
MT  3 20 for 90232 not found
Create input file for pfns for k= 16 and energy number 34 (out of 50)
MT3 for 90232 not found
MT  3 19 for 90232 not found
MT3 for 90232 not found
MT  3 20 for 90232 not found
Create input file for pfns for k= 17 and energy number 34 (out of 50)
MT3 for 90232 not found
MT  3 19 for 90232 not found
MT3 for 90232 not found
MT  3 20 for 90232 not found
Create input file for pfns for k= 18 and energy number 34 (out of 50)
MT3 for 90232 not found
MT  3 19 for 90232 not found
MT3 for 90232 not found
MT  3 20 for 90232 not found
Create input file for pfns for k= 19 and energy number 34 (out of 50)
MT3 for 90232 not found
MT  3 19 for 90232 not found
MT3 for 90232 not found
MT  3 20 for 90232 not found
Create input file for pfns for k= 20 and energy number 34 (out of 50)
MT3 for 90232 not found
MT  3 19 for 90232 not found
MT3 for 90232 not found
MT  3 20 for 90232 not found
Create input file for pfns for k= 21 and energy number 34 (out of 50)
MT3 for 90232 not found
MT  3 19 for 90232 not found
MT3 for 90232 not found
MT  3 20 for 90232 not found
Create input file for pfns for k= 22 and energy number 34 (out of 50)
MT3 for 90232 not found
MT  3 19 for 90232 not found
MT3 for 90232 not found
MT  3 20 for 90232 not found
Create input file for pfns for k= 23 and energy number 34 (out of 50)
MT3 for 90232 not found
MT  3 19 for 90232 not found
MT3 for 90232 not found
MT  3 20 for 90232 not found
Create input file for pfns for k= 24 and energy number 34 (out of 50)
MT3 for 90232 not found
MT  3 19 for 90232 not found
MT3 for 90232 not found
MT  3 20 for 90232 not found
Create input file for pfns for k= 25 and energy number 34 (out of 50)
MT3 for 90232 not found
MT  3 19 for 90232 not found
MT3 for 90232 not found
MT  3 20 for 90232 not found
Create input file for pfns for k= 26 and energy number 34 (out of 50)
MT3 for 90232 not found
MT  3 19 for 90232 not found
MT3 for 90232 not found
MT  3 20 for 90232 not found
Create input file for pfns for k= 27 and energy number 34 (out of 50)
MT3 for 90232 not found
MT  3 19 for 90232 not found
MT3 for 90232 not found
MT  3 20 for 90232 not found
Create input file for pfns for k= 28 and energy number 34 (out of 50)
MT3 for 90232 not found
MT  3 19 for 90232 not found
MT3 for 90232 not found
MT  3 20 for 90232 not found
Create input file for pfns for k= 29 and energy number 34 (out of 50)
MT3 for 90232 not found
MT  3 19 for 90232 not found
MT3 for 90232 not found
MT  3 20 for 90232 not found
Create input file for pfns for k= 30 and energy number 34 (out of 50)
MT3 for 90232 not found
MT  3 19 for 90232 not found
MT3 for 90232 not found
MT  3 20 for 90232 not found
Create input file for pfns for k= 31 and energy number 34 (out of 50)
MT3 for 90232 not found
MT  3 19 for 90232 not found
MT3 for 90232 not found
MT  3 20 for 90232 not found
Create input file for pfns for k= 32 and energy number 34 (out of 50)
MT3 for 90232 not found
MT  3 19 for 90232 not found
MT3 for 90232 not found
MT  3 20 for 90232 not found
Create input file for pfns for k= 33 and energy number 34 (out of 50)
MT3 for 90232 not found
MT  3 19 for 90232 not found
MT3 for 90232 not found
MT  3 20 for 90232 not found
Create input file for pfns for k= 34 and energy number 34 (out of 50)
MT3 for 90232 not found
MT  3 19 for 90232 not found
MT3 for 90232 not found
MT  3 20 for 90232 not found
Create input file for pfns for k= 35 and energy number 34 (out of 50)
MT3 for 90232 not found
MT  3 19 for 90232 not found
MT3 for 90232 not found
MT  3 20 for 90232 not found
Create input file for pfns for k= 36 and energy number 34 (out of 50)
MT3 for 90232 not found
MT  3 19 for 90232 not found
MT3 for 90232 not found
MT  3 20 for 90232 not found
Create input file for pfns for k= 37 and energy number 34 (out of 50)
MT3 for 90232 not found
MT  3 19 for 90232 not found
MT3 for 90232 not found
MT  3 20 for 90232 not found
Create input file for pfns for k= 38 and energy number 34 (out of 50)
MT3 for 90232 not found
MT  3 19 for 90232 not found
MT3 for 90232 not found
MT  3 20 for 90232 not found
Create input file for pfns for k= 39 and energy number 34 (out of 50)
MT3 for 90232 not found
MT  3 19 for 90232 not found
MT3 for 90232 not found
MT  3 20 for 90232 not found
Create input file for pfns for k= 40 and energy number 34 (out of 50)
MT3 for 90232 not found
MT  3 19 for 90232 not found
MT3 for 90232 not found
MT  3 20 for 90232 not found
Create input file for pfns for k= 41 and energy number 34 (out of 50)
MT3 for 90232 not found
MT  3 19 for 90232 not found
MT3 for 90232 not found
MT  3 20 for 90232 not found
Create input file for pfns for k= 42 and energy number 34 (out of 50)
MT3 for 90232 not found
MT  3 19 for 90232 not found
MT3 for 90232 not found
MT  3 20 for 90232 not found
Create input file for pfns for k= 43 and energy number 34 (out of 50)
MT3 for 90232 not found
MT  3 19 for 90232 not found
MT3 for 90232 not found
MT  3 20 for 90232 not found
Create input file for pfns for k= 44 and energy number 34 (out of 50)
MT3 for 90232 not found
MT  3 19 for 90232 not found
MT3 for 90232 not found
MT  3 20 for 90232 not found
Create input file for pfns for k= 45 and energy number 34 (out of 50)
MT3 for 90232 not found
MT  3 19 for 90232 not found
MT3 for 90232 not found
MT  3 20 for 90232 not found
Create input file for pfns for k= 46 and energy number 34 (out of 50)
MT3 for 90232 not found
MT  3 19 for 90232 not found
MT3 for 90232 not found
MT  3 20 for 90232 not found
Create input file for pfns for k= 47 and energy number 34 (out of 50)
MT3 for 90232 not found
MT  3 19 for 90232 not found
MT3 for 90232 not found
MT  3 20 for 90232 not found
Create input file for pfns for k= 48 and energy number 34 (out of 50)
MT3 for 90232 not found
MT  3 19 for 90232 not found
MT3 for 90232 not found
MT  3 20 for 90232 not found
Create input file for pfns for k= 49 and energy number 34 (out of 50)
MT3 for 90232 not found
MT  3 19 for 90232 not found
MT3 for 90232 not found
MT  3 20 for 90232 not found
Create input file for pfns for k= 50 and energy number 34 (out of 50)
MT3 for 90232 not found
MT  3 19 for 90232 not found
MT3 for 90232 not found
MT  3 20 for 90232 not found
Create input file for pfns for k= 51 and energy number 34 (out of 50)
MT3 for 90232 not found
MT  3 19 for 90232 not found
MT3 for 90232 not found
MT  3 20 for 90232 not found
Create input file for pfns for k= 52 and energy number 34 (out of 50)
MT3 for 90232 not found
MT  3 19 for 90232 not found
MT3 for 90232 not found
MT  3 20 for 90232 not found
Create input file for pfns for k= 53 and energy number 34 (out of 50)
MT3 for 90232 not found
MT  3 19 for 90232 not found
MT3 for 90232 not found
MT  3 20 for 90232 not found
Create input file for pfns for k= 54 and energy number 34 (out of 50)
MT3 for 90232 not found
MT  3 19 for 90232 not found
MT3 for 90232 not found
MT  3 20 for 90232 not found
Create input file for pfns for k= 55 and energy number 34 (out of 50)
MT3 for 90232 not found
MT  3 19 for 90232 not found
MT3 for 90232 not found
MT  3 20 for 90232 not found
Create input file for pfns for k= 56 and energy number 34 (out of 50)
MT3 for 90232 not found
MT  3 19 for 90232 not found
MT3 for 90232 not found
MT  3 20 for 90232 not found
Create input file for pfns for k= 57 and energy number 34 (out of 50)
MT3 for 90232 not found
MT  3 19 for 90232 not found
MT3 for 90232 not found
MT  3 20 for 90232 not found
Create input file for pfns for k= 58 and energy number 34 (out of 50)
MT3 for 90232 not found
MT  3 19 for 90232 not found
MT3 for 90232 not found
MT  3 20 for 90232 not found
Create input file for pfns for k= 59 and energy number 34 (out of 50)
MT3 for 90232 not found
MT  3 19 for 90232 not found
MT3 for 90232 not found
MT  3 20 for 90232 not found
Create input file for pfns for k= 60 and energy number 34 (out of 50)
MT3 for 90232 not found
MT  3 19 for 90232 not found
MT3 for 90232 not found
MT  3 20 for 90232 not found
Create input file for pfns for k= 61 and energy number 34 (out of 50)
MT3 for 90232 not found
MT  3 19 for 90232 not found
MT3 for 90232 not found
MT  3 20 for 90232 not found
Create input file for pfns for k= 62 and energy number 34 (out of 50)
MT3 for 90232 not found
MT  3 19 for 90232 not found
MT3 for 90232 not found
MT  3 20 for 90232 not found
Create input file for pfns for k= 63 and energy number 34 (out of 50)
MT3 for 90232 not found
MT  3 19 for 90232 not found
MT3 for 90232 not found
MT  3 20 for 90232 not found
Create input file for pfns for k= 64 and energy number 34 (out of 50)
MT3 for 90232 not found
MT  3 19 for 90232 not found
MT3 for 90232 not found
MT  3 20 for 90232 not found
Create input file for pfns for k= 65 and energy number 34 (out of 50)
MT3 for 90232 not found
MT  3 19 for 90232 not found
MT3 for 90232 not found
MT  3 20 for 90232 not found
Create input file for pfns for k= 66 and energy number 34 (out of 50)
MT3 for 90232 not found
MT  3 19 for 90232 not found
MT3 for 90232 not found
MT  3 20 for 90232 not found
Create input file for pfns for k= 67 and energy number 34 (out of 50)
MT3 for 90232 not found
MT  3 19 for 90232 not found
MT3 for 90232 not found
MT  3 20 for 90232 not found
Create input file for pfns for k= 68 and energy number 34 (out of 50)
MT3 for 90232 not found
MT  3 19 for 90232 not found
MT3 for 90232 not found
MT  3 20 for 90232 not found
Create input file for pfns for k= 69 and energy number 34 (out of 50)
MT3 for 90232 not found
MT  3 19 for 90232 not found
MT3 for 90232 not found
MT  3 20 for 90232 not found
Create input file for pfns for k= 70 and energy number 34 (out of 50)
MT3 for 90232 not found
MT  3 19 for 90232 not found
MT3 for 90232 not found
MT  3 20 for 90232 not found
Create input file for pfns for k= 71 and energy number 34 (out of 50)
MT3 for 90232 not found
MT  3 19 for 90232 not found
MT3 for 90232 not found
MT  3 20 for 90232 not found
Create input file for pfns for k= 72 and energy number 34 (out of 50)
MT3 for 90232 not found
MT  3 19 for 90232 not found
MT3 for 90232 not found
MT  3 20 for 90232 not found
Create input file for pfns for k= 73 and energy number 34 (out of 50)
MT3 for 90232 not found
MT  3 19 for 90232 not found
MT3 for 90232 not found
MT  3 20 for 90232 not found
Create input file for pfns for k= 74 and energy number 34 (out of 50)
MT3 for 90232 not found
MT  3 19 for 90232 not found
MT3 for 90232 not found
MT  3 20 for 90232 not found
Create input file for pfns for k= 75 and energy number 34 (out of 50)
MT3 for 90232 not found
MT  3 19 for 90232 not found
MT3 for 90232 not found
MT  3 20 for 90232 not found
Create input file for pfns for k= 76 and energy number 34 (out of 50)
MT3 for 90232 not found
MT  3 19 for 90232 not found
MT3 for 90232 not found
MT  3 20 for 90232 not found
Create input file for pfns for k= 77 and energy number 34 (out of 50)
MT3 for 90232 not found
MT  3 19 for 90232 not found
MT3 for 90232 not found
MT  3 20 for 90232 not found
Create input file for pfns for k= 78 and energy number 34 (out of 50)
MT3 for 90232 not found
MT  3 19 for 90232 not found
MT3 for 90232 not found
MT  3 20 for 90232 not found
Create input file for pfns for k= 79 and energy number 34 (out of 50)
MT3 for 90232 not found
MT  3 19 for 90232 not found
MT3 for 90232 not found
MT  3 20 for 90232 not found
Create input file for pfns for k= 80 and energy number 34 (out of 50)
MT3 for 90232 not found
MT  3 19 for 90232 not found
MT3 for 90232 not found
MT  3 20 for 90232 not found
Create input file for pfns for k= 81 and energy number 34 (out of 50)
MT3 for 90232 not found
MT  3 19 for 90232 not found
MT3 for 90232 not found
MT  3 20 for 90232 not found
Create input file for pfns for k= 82 and energy number 34 (out of 50)
MT3 for 90232 not found
MT  3 19 for 90232 not found
MT3 for 90232 not found
MT  3 20 for 90232 not found
Create input file for pfns for k= 83 and energy number 34 (out of 50)
MT3 for 90232 not found
MT  3 19 for 90232 not found
MT3 for 90232 not found
MT  3 20 for 90232 not found
Create input file for pfns for k= 84 and energy number 34 (out of 50)
MT3 for 90232 not found
MT  3 19 for 90232 not found
MT3 for 90232 not found
MT  3 20 for 90232 not found
Create input file for pfns for k= 85 and energy number 34 (out of 50)
MT3 for 90232 not found
MT  3 19 for 90232 not found
MT3 for 90232 not found
MT  3 20 for 90232 not found
Create input file for pfns for k= 86 and energy number 34 (out of 50)
MT3 for 90232 not found
MT  3 19 for 90232 not found
MT3 for 90232 not found
MT  3 20 for 90232 not found
Create input file for pfns for k= 87 and energy number 34 (out of 50)
MT3 for 90232 not found
MT  3 19 for 90232 not found
MT3 for 90232 not found
MT  3 20 for 90232 not found
Create input file for pfns for k= 88 and energy number 34 (out of 50)
MT3 for 90232 not found
MT  3 19 for 90232 not found
MT3 for 90232 not found
MT  3 20 for 90232 not found
Create input file for pfns for k= 89 and energy number 34 (out of 50)
MT3 for 90232 not found
MT  3 19 for 90232 not found
MT3 for 90232 not found
MT  3 20 for 90232 not found
Create input file for pfns for k= 90 and energy number 34 (out of 50)
MT3 for 90232 not found
MT  3 19 for 90232 not found
MT3 for 90232 not found
MT  3 20 for 90232 not found
Create input file for pfns for k= 91 and energy number 34 (out of 50)
MT3 for 90232 not found
MT  3 19 for 90232 not found
MT3 for 90232 not found
MT  3 20 for 90232 not found
Create input file for pfns for k= 92 and energy number 34 (out of 50)
MT3 for 90232 not found
MT  3 19 for 90232 not found
MT3 for 90232 not found
MT  3 20 for 90232 not found
Create input file for pfns for k= 93 and energy number 34 (out of 50)
MT3 for 90232 not found
MT  3 19 for 90232 not found
MT3 for 90232 not found
MT  3 20 for 90232 not found
Create input file for pfns for k= 94 and energy number 34 (out of 50)
MT3 for 90232 not found
MT  3 19 for 90232 not found
MT3 for 90232 not found
MT  3 20 for 90232 not found
Create input file for pfns for k= 95 and energy number 34 (out of 50)
MT3 for 90232 not found
MT  3 19 for 90232 not found
MT3 for 90232 not found
MT  3 20 for 90232 not found
Create input file for pfns for k= 96 and energy number 34 (out of 50)
MT3 for 90232 not found
MT  3 19 for 90232 not found
MT3 for 90232 not found
MT  3 20 for 90232 not found
Create input file for pfns for k= 97 and energy number 34 (out of 50)
MT3 for 90232 not found
MT  3 19 for 90232 not found
MT3 for 90232 not found
MT  3 20 for 90232 not found
Create input file for pfns for k= 98 and energy number 34 (out of 50)
MT3 for 90232 not found
MT  3 19 for 90232 not found
MT3 for 90232 not found
MT  3 20 for 90232 not found
Create input file for pfns for k= 99 and energy number 34 (out of 50)
MT3 for 90232 not found
MT  3 19 for 90232 not found
MT3 for 90232 not found
MT  3 20 for 90232 not found
Create input file for pfns for k= 100 and energy number 34 (out of 50)
MT3 for 90232 not found
MT  3 19 for 90232 not found
MT3 for 90232 not found
MT  3 20 for 90232 not found
Create input file for pfns for k= 0 and energy number 35 (out of 50)
MT3 for 90232 not found
MT  3 19 for 90232 not found
MT3 for 90232 not found
MT  3 20 for 90232 not found
Create input file for pfns for k= 1 and energy number 35 (out of 50)
MT3 for 90232 not found
MT  3 19 for 90232 not found
MT3 for 90232 not found
MT  3 20 for 90232 not found
Create input file for pfns for k= 2 and energy number 35 (out of 50)
MT3 for 90232 not found
MT  3 19 for 90232 not found
MT3 for 90232 not found
MT  3 20 for 90232 not found
Create input file for pfns for k= 3 and energy number 35 (out of 50)
MT3 for 90232 not found
MT  3 19 for 90232 not found
MT3 for 90232 not found
MT  3 20 for 90232 not found
Create input file for pfns for k= 4 and energy number 35 (out of 50)
MT3 for 90232 not found
MT  3 19 for 90232 not found
MT3 for 90232 not found
MT  3 20 for 90232 not found
Create input file for pfns for k= 5 and energy number 35 (out of 50)
MT3 for 90232 not found
MT  3 19 for 90232 not found
MT3 for 90232 not found
MT  3 20 for 90232 not found
Create input file for pfns for k= 6 and energy number 35 (out of 50)
MT3 for 90232 not found
MT  3 19 for 90232 not found
MT3 for 90232 not found
MT  3 20 for 90232 not found
Create input file for pfns for k= 7 and energy number 35 (out of 50)
MT3 for 90232 not found
MT  3 19 for 90232 not found
MT3 for 90232 not found
MT  3 20 for 90232 not found
Create input file for pfns for k= 8 and energy number 35 (out of 50)
MT3 for 90232 not found
MT  3 19 for 90232 not found
MT3 for 90232 not found
MT  3 20 for 90232 not found
Create input file for pfns for k= 9 and energy number 35 (out of 50)
MT3 for 90232 not found
MT  3 19 for 90232 not found
MT3 for 90232 not found
MT  3 20 for 90232 not found
Create input file for pfns for k= 10 and energy number 35 (out of 50)
MT3 for 90232 not found
MT  3 19 for 90232 not found
MT3 for 90232 not found
MT  3 20 for 90232 not found
Create input file for pfns for k= 11 and energy number 35 (out of 50)
MT3 for 90232 not found
MT  3 19 for 90232 not found
MT3 for 90232 not found
MT  3 20 for 90232 not found
Create input file for pfns for k= 12 and energy number 35 (out of 50)
MT3 for 90232 not found
MT  3 19 for 90232 not found
MT3 for 90232 not found
MT  3 20 for 90232 not found
Create input file for pfns for k= 13 and energy number 35 (out of 50)
MT3 for 90232 not found
MT  3 19 for 90232 not found
MT3 for 90232 not found
MT  3 20 for 90232 not found
Create input file for pfns for k= 14 and energy number 35 (out of 50)
MT3 for 90232 not found
MT  3 19 for 90232 not found
MT3 for 90232 not found
MT  3 20 for 90232 not found
Create input file for pfns for k= 15 and energy number 35 (out of 50)
MT3 for 90232 not found
MT  3 19 for 90232 not found
MT3 for 90232 not found
MT  3 20 for 90232 not found
Create input file for pfns for k= 16 and energy number 35 (out of 50)
MT3 for 90232 not found
MT  3 19 for 90232 not found
MT3 for 90232 not found
MT  3 20 for 90232 not found
Create input file for pfns for k= 17 and energy number 35 (out of 50)
MT3 for 90232 not found
MT  3 19 for 90232 not found
MT3 for 90232 not found
MT  3 20 for 90232 not found
Create input file for pfns for k= 18 and energy number 35 (out of 50)
MT3 for 90232 not found
MT  3 19 for 90232 not found
MT3 for 90232 not found
MT  3 20 for 90232 not found
Create input file for pfns for k= 19 and energy number 35 (out of 50)
MT3 for 90232 not found
MT  3 19 for 90232 not found
MT3 for 90232 not found
MT  3 20 for 90232 not found
Create input file for pfns for k= 20 and energy number 35 (out of 50)
MT3 for 90232 not found
MT  3 19 for 90232 not found
MT3 for 90232 not found
MT  3 20 for 90232 not found
Create input file for pfns for k= 21 and energy number 35 (out of 50)
MT3 for 90232 not found
MT  3 19 for 90232 not found
MT3 for 90232 not found
MT  3 20 for 90232 not found
Create input file for pfns for k= 22 and energy number 35 (out of 50)
MT3 for 90232 not found
MT  3 19 for 90232 not found
MT3 for 90232 not found
MT  3 20 for 90232 not found
Create input file for pfns for k= 23 and energy number 35 (out of 50)
MT3 for 90232 not found
MT  3 19 for 90232 not found
MT3 for 90232 not found
MT  3 20 for 90232 not found
Create input file for pfns for k= 24 and energy number 35 (out of 50)
MT3 for 90232 not found
MT  3 19 for 90232 not found
MT3 for 90232 not found
MT  3 20 for 90232 not found
Create input file for pfns for k= 25 and energy number 35 (out of 50)
MT3 for 90232 not found
MT  3 19 for 90232 not found
MT3 for 90232 not found
MT  3 20 for 90232 not found
Create input file for pfns for k= 26 and energy number 35 (out of 50)
MT3 for 90232 not found
MT  3 19 for 90232 not found
MT3 for 90232 not found
MT  3 20 for 90232 not found
Create input file for pfns for k= 27 and energy number 35 (out of 50)
MT3 for 90232 not found
MT  3 19 for 90232 not found
MT3 for 90232 not found
MT  3 20 for 90232 not found
Create input file for pfns for k= 28 and energy number 35 (out of 50)
MT3 for 90232 not found
MT  3 19 for 90232 not found
MT3 for 90232 not found
MT  3 20 for 90232 not found
Create input file for pfns for k= 29 and energy number 35 (out of 50)
MT3 for 90232 not found
MT  3 19 for 90232 not found
MT3 for 90232 not found
MT  3 20 for 90232 not found
Create input file for pfns for k= 30 and energy number 35 (out of 50)
MT3 for 90232 not found
MT  3 19 for 90232 not found
MT3 for 90232 not found
MT  3 20 for 90232 not found
Create input file for pfns for k= 31 and energy number 35 (out of 50)
MT3 for 90232 not found
MT  3 19 for 90232 not found
MT3 for 90232 not found
MT  3 20 for 90232 not found
Create input file for pfns for k= 32 and energy number 35 (out of 50)
MT3 for 90232 not found
MT  3 19 for 90232 not found
MT3 for 90232 not found
MT  3 20 for 90232 not found
Create input file for pfns for k= 33 and energy number 35 (out of 50)
MT3 for 90232 not found
MT  3 19 for 90232 not found
MT3 for 90232 not found
MT  3 20 for 90232 not found
Create input file for pfns for k= 34 and energy number 35 (out of 50)
MT3 for 90232 not found
MT  3 19 for 90232 not found
MT3 for 90232 not found
MT  3 20 for 90232 not found
Create input file for pfns for k= 35 and energy number 35 (out of 50)
MT3 for 90232 not found
MT  3 19 for 90232 not found
MT3 for 90232 not found
MT  3 20 for 90232 not found
Create input file for pfns for k= 36 and energy number 35 (out of 50)
MT3 for 90232 not found
MT  3 19 for 90232 not found
MT3 for 90232 not found
MT  3 20 for 90232 not found
Create input file for pfns for k= 37 and energy number 35 (out of 50)
MT3 for 90232 not found
MT  3 19 for 90232 not found
MT3 for 90232 not found
MT  3 20 for 90232 not found
Create input file for pfns for k= 38 and energy number 35 (out of 50)
MT3 for 90232 not found
MT  3 19 for 90232 not found
MT3 for 90232 not found
MT  3 20 for 90232 not found
Create input file for pfns for k= 39 and energy number 35 (out of 50)
MT3 for 90232 not found
MT  3 19 for 90232 not found
MT3 for 90232 not found
MT  3 20 for 90232 not found
Create input file for pfns for k= 40 and energy number 35 (out of 50)
MT3 for 90232 not found
MT  3 19 for 90232 not found
MT3 for 90232 not found
MT  3 20 for 90232 not found
Create input file for pfns for k= 41 and energy number 35 (out of 50)
MT3 for 90232 not found
MT  3 19 for 90232 not found
MT3 for 90232 not found
MT  3 20 for 90232 not found
Create input file for pfns for k= 42 and energy number 35 (out of 50)
MT3 for 90232 not found
MT  3 19 for 90232 not found
MT3 for 90232 not found
MT  3 20 for 90232 not found
Create input file for pfns for k= 43 and energy number 35 (out of 50)
MT3 for 90232 not found
MT  3 19 for 90232 not found
MT3 for 90232 not found
MT  3 20 for 90232 not found
Create input file for pfns for k= 44 and energy number 35 (out of 50)
MT3 for 90232 not found
MT  3 19 for 90232 not found
MT3 for 90232 not found
MT  3 20 for 90232 not found
Create input file for pfns for k= 45 and energy number 35 (out of 50)
MT3 for 90232 not found
MT  3 19 for 90232 not found
MT3 for 90232 not found
MT  3 20 for 90232 not found
Create input file for pfns for k= 46 and energy number 35 (out of 50)
MT3 for 90232 not found
MT  3 19 for 90232 not found
MT3 for 90232 not found
MT  3 20 for 90232 not found
Create input file for pfns for k= 47 and energy number 35 (out of 50)
MT3 for 90232 not found
MT  3 19 for 90232 not found
MT3 for 90232 not found
MT  3 20 for 90232 not found
Create input file for pfns for k= 48 and energy number 35 (out of 50)
MT3 for 90232 not found
MT  3 19 for 90232 not found
MT3 for 90232 not found
MT  3 20 for 90232 not found
Create input file for pfns for k= 49 and energy number 35 (out of 50)
MT3 for 90232 not found
MT  3 19 for 90232 not found
MT3 for 90232 not found
MT  3 20 for 90232 not found
Create input file for pfns for k= 50 and energy number 35 (out of 50)
MT3 for 90232 not found
MT  3 19 for 90232 not found
MT3 for 90232 not found
MT  3 20 for 90232 not found
Create input file for pfns for k= 51 and energy number 35 (out of 50)
MT3 for 90232 not found
MT  3 19 for 90232 not found
MT3 for 90232 not found
MT  3 20 for 90232 not found
Create input file for pfns for k= 52 and energy number 35 (out of 50)
MT3 for 90232 not found
MT  3 19 for 90232 not found
MT3 for 90232 not found
MT  3 20 for 90232 not found
Create input file for pfns for k= 53 and energy number 35 (out of 50)
MT3 for 90232 not found
MT  3 19 for 90232 not found
MT3 for 90232 not found
MT  3 20 for 90232 not found
Create input file for pfns for k= 54 and energy number 35 (out of 50)
MT3 for 90232 not found
MT  3 19 for 90232 not found
MT3 for 90232 not found
MT  3 20 for 90232 not found
Create input file for pfns for k= 55 and energy number 35 (out of 50)
MT3 for 90232 not found
MT  3 19 for 90232 not found
MT3 for 90232 not found
MT  3 20 for 90232 not found
Create input file for pfns for k= 56 and energy number 35 (out of 50)
MT3 for 90232 not found
MT  3 19 for 90232 not found
MT3 for 90232 not found
MT  3 20 for 90232 not found
Create input file for pfns for k= 57 and energy number 35 (out of 50)
MT3 for 90232 not found
MT  3 19 for 90232 not found
MT3 for 90232 not found
MT  3 20 for 90232 not found
Create input file for pfns for k= 58 and energy number 35 (out of 50)
MT3 for 90232 not found
MT  3 19 for 90232 not found
MT3 for 90232 not found
MT  3 20 for 90232 not found
Create input file for pfns for k= 59 and energy number 35 (out of 50)
MT3 for 90232 not found
MT  3 19 for 90232 not found
MT3 for 90232 not found
MT  3 20 for 90232 not found
Create input file for pfns for k= 60 and energy number 35 (out of 50)
MT3 for 90232 not found
MT  3 19 for 90232 not found
MT3 for 90232 not found
MT  3 20 for 90232 not found
Create input file for pfns for k= 61 and energy number 35 (out of 50)
MT3 for 90232 not found
MT  3 19 for 90232 not found
MT3 for 90232 not found
MT  3 20 for 90232 not found
Create input file for pfns for k= 62 and energy number 35 (out of 50)
MT3 for 90232 not found
MT  3 19 for 90232 not found
MT3 for 90232 not found
MT  3 20 for 90232 not found
Create input file for pfns for k= 63 and energy number 35 (out of 50)
MT3 for 90232 not found
MT  3 19 for 90232 not found
MT3 for 90232 not found
MT  3 20 for 90232 not found
Create input file for pfns for k= 64 and energy number 35 (out of 50)
MT3 for 90232 not found
MT  3 19 for 90232 not found
MT3 for 90232 not found
MT  3 20 for 90232 not found
Create input file for pfns for k= 65 and energy number 35 (out of 50)
MT3 for 90232 not found
MT  3 19 for 90232 not found
MT3 for 90232 not found
MT  3 20 for 90232 not found
Create input file for pfns for k= 66 and energy number 35 (out of 50)
MT3 for 90232 not found
MT  3 19 for 90232 not found
MT3 for 90232 not found
MT  3 20 for 90232 not found
Create input file for pfns for k= 67 and energy number 35 (out of 50)
MT3 for 90232 not found
MT  3 19 for 90232 not found
MT3 for 90232 not found
MT  3 20 for 90232 not found
Create input file for pfns for k= 68 and energy number 35 (out of 50)
MT3 for 90232 not found
MT  3 19 for 90232 not found
MT3 for 90232 not found
MT  3 20 for 90232 not found
Create input file for pfns for k= 69 and energy number 35 (out of 50)
MT3 for 90232 not found
MT  3 19 for 90232 not found
MT3 for 90232 not found
MT  3 20 for 90232 not found
Create input file for pfns for k= 70 and energy number 35 (out of 50)
MT3 for 90232 not found
MT  3 19 for 90232 not found
MT3 for 90232 not found
MT  3 20 for 90232 not found
Create input file for pfns for k= 71 and energy number 35 (out of 50)
MT3 for 90232 not found
MT  3 19 for 90232 not found
MT3 for 90232 not found
MT  3 20 for 90232 not found
Create input file for pfns for k= 72 and energy number 35 (out of 50)
MT3 for 90232 not found
MT  3 19 for 90232 not found
MT3 for 90232 not found
MT  3 20 for 90232 not found
Create input file for pfns for k= 73 and energy number 35 (out of 50)
MT3 for 90232 not found
MT  3 19 for 90232 not found
MT3 for 90232 not found
MT  3 20 for 90232 not found
Create input file for pfns for k= 74 and energy number 35 (out of 50)
MT3 for 90232 not found
MT  3 19 for 90232 not found
MT3 for 90232 not found
MT  3 20 for 90232 not found
Create input file for pfns for k= 75 and energy number 35 (out of 50)
MT3 for 90232 not found
MT  3 19 for 90232 not found
MT3 for 90232 not found
MT  3 20 for 90232 not found
Create input file for pfns for k= 76 and energy number 35 (out of 50)
MT3 for 90232 not found
MT  3 19 for 90232 not found
MT3 for 90232 not found
MT  3 20 for 90232 not found
Create input file for pfns for k= 77 and energy number 35 (out of 50)
MT3 for 90232 not found
MT  3 19 for 90232 not found
MT3 for 90232 not found
MT  3 20 for 90232 not found
Create input file for pfns for k= 78 and energy number 35 (out of 50)
MT3 for 90232 not found
MT  3 19 for 90232 not found
MT3 for 90232 not found
MT  3 20 for 90232 not found
Create input file for pfns for k= 79 and energy number 35 (out of 50)
MT3 for 90232 not found
MT  3 19 for 90232 not found
MT3 for 90232 not found
MT  3 20 for 90232 not found
Create input file for pfns for k= 80 and energy number 35 (out of 50)
MT3 for 90232 not found
MT  3 19 for 90232 not found
MT3 for 90232 not found
MT  3 20 for 90232 not found
Create input file for pfns for k= 81 and energy number 35 (out of 50)
MT3 for 90232 not found
MT  3 19 for 90232 not found
MT3 for 90232 not found
MT  3 20 for 90232 not found
Create input file for pfns for k= 82 and energy number 35 (out of 50)
MT3 for 90232 not found
MT  3 19 for 90232 not found
MT3 for 90232 not found
MT  3 20 for 90232 not found
Create input file for pfns for k= 83 and energy number 35 (out of 50)
MT3 for 90232 not found
MT  3 19 for 90232 not found
MT3 for 90232 not found
MT  3 20 for 90232 not found
Create input file for pfns for k= 84 and energy number 35 (out of 50)
MT3 for 90232 not found
MT  3 19 for 90232 not found
MT3 for 90232 not found
MT  3 20 for 90232 not found
Create input file for pfns for k= 85 and energy number 35 (out of 50)
MT3 for 90232 not found
MT  3 19 for 90232 not found
MT3 for 90232 not found
MT  3 20 for 90232 not found
Create input file for pfns for k= 86 and energy number 35 (out of 50)
MT3 for 90232 not found
MT  3 19 for 90232 not found
MT3 for 90232 not found
MT  3 20 for 90232 not found
Create input file for pfns for k= 87 and energy number 35 (out of 50)
MT3 for 90232 not found
MT  3 19 for 90232 not found
MT3 for 90232 not found
MT  3 20 for 90232 not found
Create input file for pfns for k= 88 and energy number 35 (out of 50)
MT3 for 90232 not found
MT  3 19 for 90232 not found
MT3 for 90232 not found
MT  3 20 for 90232 not found
Create input file for pfns for k= 89 and energy number 35 (out of 50)
MT3 for 90232 not found
MT  3 19 for 90232 not found
MT3 for 90232 not found
MT  3 20 for 90232 not found
Create input file for pfns for k= 90 and energy number 35 (out of 50)
MT3 for 90232 not found
MT  3 19 for 90232 not found
MT3 for 90232 not found
MT  3 20 for 90232 not found
Create input file for pfns for k= 91 and energy number 35 (out of 50)
MT3 for 90232 not found
MT  3 19 for 90232 not found
MT3 for 90232 not found
MT  3 20 for 90232 not found
Create input file for pfns for k= 92 and energy number 35 (out of 50)
MT3 for 90232 not found
MT  3 19 for 90232 not found
MT3 for 90232 not found
MT  3 20 for 90232 not found
Create input file for pfns for k= 93 and energy number 35 (out of 50)
MT3 for 90232 not found
MT  3 19 for 90232 not found
MT3 for 90232 not found
MT  3 20 for 90232 not found
Create input file for pfns for k= 94 and energy number 35 (out of 50)
MT3 for 90232 not found
MT  3 19 for 90232 not found
MT3 for 90232 not found
MT  3 20 for 90232 not found
Create input file for pfns for k= 95 and energy number 35 (out of 50)
MT3 for 90232 not found
MT  3 19 for 90232 not found
MT3 for 90232 not found
MT  3 20 for 90232 not found
Create input file for pfns for k= 96 and energy number 35 (out of 50)
MT3 for 90232 not found
MT  3 19 for 90232 not found
MT3 for 90232 not found
MT  3 20 for 90232 not found
Create input file for pfns for k= 97 and energy number 35 (out of 50)
MT3 for 90232 not found
MT  3 19 for 90232 not found
MT3 for 90232 not found
MT  3 20 for 90232 not found
Create input file for pfns for k= 98 and energy number 35 (out of 50)
MT3 for 90232 not found
MT  3 19 for 90232 not found
MT3 for 90232 not found
MT  3 20 for 90232 not found
Create input file for pfns for k= 99 and energy number 35 (out of 50)
MT3 for 90232 not found
MT  3 19 for 90232 not found
MT3 for 90232 not found
MT  3 20 for 90232 not found
Create input file for pfns for k= 100 and energy number 35 (out of 50)
MT3 for 90232 not found
MT  3 19 for 90232 not found
MT3 for 90232 not found
MT  3 20 for 90232 not found
Create input file for pfns for k= 0 and energy number 36 (out of 50)
MT3 for 90232 not found
MT  3 19 for 90232 not found
MT3 for 90232 not found
MT  3 20 for 90232 not found
Create input file for pfns for k= 1 and energy number 36 (out of 50)
MT3 for 90232 not found
MT  3 19 for 90232 not found
MT3 for 90232 not found
MT  3 20 for 90232 not found
Create input file for pfns for k= 2 and energy number 36 (out of 50)
MT3 for 90232 not found
MT  3 19 for 90232 not found
MT3 for 90232 not found
MT  3 20 for 90232 not found
Create input file for pfns for k= 3 and energy number 36 (out of 50)
MT3 for 90232 not found
MT  3 19 for 90232 not found
MT3 for 90232 not found
MT  3 20 for 90232 not found
Create input file for pfns for k= 4 and energy number 36 (out of 50)
MT3 for 90232 not found
MT  3 19 for 90232 not found
MT3 for 90232 not found
MT  3 20 for 90232 not found
Create input file for pfns for k= 5 and energy number 36 (out of 50)
MT3 for 90232 not found
MT  3 19 for 90232 not found
MT3 for 90232 not found
MT  3 20 for 90232 not found
Create input file for pfns for k= 6 and energy number 36 (out of 50)
MT3 for 90232 not found
MT  3 19 for 90232 not found
MT3 for 90232 not found
MT  3 20 for 90232 not found
Create input file for pfns for k= 7 and energy number 36 (out of 50)
MT3 for 90232 not found
MT  3 19 for 90232 not found
MT3 for 90232 not found
MT  3 20 for 90232 not found
Create input file for pfns for k= 8 and energy number 36 (out of 50)
MT3 for 90232 not found
MT  3 19 for 90232 not found
MT3 for 90232 not found
MT  3 20 for 90232 not found
Create input file for pfns for k= 9 and energy number 36 (out of 50)
MT3 for 90232 not found
MT  3 19 for 90232 not found
MT3 for 90232 not found
MT  3 20 for 90232 not found
Create input file for pfns for k= 10 and energy number 36 (out of 50)
MT3 for 90232 not found
MT  3 19 for 90232 not found
MT3 for 90232 not found
MT  3 20 for 90232 not found
Create input file for pfns for k= 11 and energy number 36 (out of 50)
MT3 for 90232 not found
MT  3 19 for 90232 not found
MT3 for 90232 not found
MT  3 20 for 90232 not found
Create input file for pfns for k= 12 and energy number 36 (out of 50)
MT3 for 90232 not found
MT  3 19 for 90232 not found
MT3 for 90232 not found
MT  3 20 for 90232 not found
Create input file for pfns for k= 13 and energy number 36 (out of 50)
MT3 for 90232 not found
MT  3 19 for 90232 not found
MT3 for 90232 not found
MT  3 20 for 90232 not found
Create input file for pfns for k= 14 and energy number 36 (out of 50)
MT3 for 90232 not found
MT  3 19 for 90232 not found
MT3 for 90232 not found
MT  3 20 for 90232 not found
Create input file for pfns for k= 15 and energy number 36 (out of 50)
MT3 for 90232 not found
MT  3 19 for 90232 not found
MT3 for 90232 not found
MT  3 20 for 90232 not found
Create input file for pfns for k= 16 and energy number 36 (out of 50)
MT3 for 90232 not found
MT  3 19 for 90232 not found
MT3 for 90232 not found
MT  3 20 for 90232 not found
Create input file for pfns for k= 17 and energy number 36 (out of 50)
MT3 for 90232 not found
MT  3 19 for 90232 not found
MT3 for 90232 not found
MT  3 20 for 90232 not found
Create input file for pfns for k= 18 and energy number 36 (out of 50)
MT3 for 90232 not found
MT  3 19 for 90232 not found
MT3 for 90232 not found
MT  3 20 for 90232 not found
Create input file for pfns for k= 19 and energy number 36 (out of 50)
MT3 for 90232 not found
MT  3 19 for 90232 not found
MT3 for 90232 not found
MT  3 20 for 90232 not found
Create input file for pfns for k= 20 and energy number 36 (out of 50)
MT3 for 90232 not found
MT  3 19 for 90232 not found
MT3 for 90232 not found
MT  3 20 for 90232 not found
Create input file for pfns for k= 21 and energy number 36 (out of 50)
MT3 for 90232 not found
MT  3 19 for 90232 not found
MT3 for 90232 not found
MT  3 20 for 90232 not found
Create input file for pfns for k= 22 and energy number 36 (out of 50)
MT3 for 90232 not found
MT  3 19 for 90232 not found
MT3 for 90232 not found
MT  3 20 for 90232 not found
Create input file for pfns for k= 23 and energy number 36 (out of 50)
MT3 for 90232 not found
MT  3 19 for 90232 not found
MT3 for 90232 not found
MT  3 20 for 90232 not found
Create input file for pfns for k= 24 and energy number 36 (out of 50)
MT3 for 90232 not found
MT  3 19 for 90232 not found
MT3 for 90232 not found
MT  3 20 for 90232 not found
Create input file for pfns for k= 25 and energy number 36 (out of 50)
MT3 for 90232 not found
MT  3 19 for 90232 not found
MT3 for 90232 not found
MT  3 20 for 90232 not found
Create input file for pfns for k= 26 and energy number 36 (out of 50)
MT3 for 90232 not found
MT  3 19 for 90232 not found
MT3 for 90232 not found
MT  3 20 for 90232 not found
Create input file for pfns for k= 27 and energy number 36 (out of 50)
MT3 for 90232 not found
MT  3 19 for 90232 not found
MT3 for 90232 not found
MT  3 20 for 90232 not found
Create input file for pfns for k= 28 and energy number 36 (out of 50)
MT3 for 90232 not found
MT  3 19 for 90232 not found
MT3 for 90232 not found
MT  3 20 for 90232 not found
Create input file for pfns for k= 29 and energy number 36 (out of 50)
MT3 for 90232 not found
MT  3 19 for 90232 not found
MT3 for 90232 not found
MT  3 20 for 90232 not found
Create input file for pfns for k= 30 and energy number 36 (out of 50)
MT3 for 90232 not found
MT  3 19 for 90232 not found
MT3 for 90232 not found
MT  3 20 for 90232 not found
Create input file for pfns for k= 31 and energy number 36 (out of 50)
MT3 for 90232 not found
MT  3 19 for 90232 not found
MT3 for 90232 not found
MT  3 20 for 90232 not found
Create input file for pfns for k= 32 and energy number 36 (out of 50)
MT3 for 90232 not found
MT  3 19 for 90232 not found
MT3 for 90232 not found
MT  3 20 for 90232 not found
Create input file for pfns for k= 33 and energy number 36 (out of 50)
MT3 for 90232 not found
MT  3 19 for 90232 not found
MT3 for 90232 not found
MT  3 20 for 90232 not found
Create input file for pfns for k= 34 and energy number 36 (out of 50)
MT3 for 90232 not found
MT  3 19 for 90232 not found
MT3 for 90232 not found
MT  3 20 for 90232 not found
Create input file for pfns for k= 35 and energy number 36 (out of 50)
MT3 for 90232 not found
MT  3 19 for 90232 not found
MT3 for 90232 not found
MT  3 20 for 90232 not found
Create input file for pfns for k= 36 and energy number 36 (out of 50)
MT3 for 90232 not found
MT  3 19 for 90232 not found
MT3 for 90232 not found
MT  3 20 for 90232 not found
Create input file for pfns for k= 37 and energy number 36 (out of 50)
MT3 for 90232 not found
MT  3 19 for 90232 not found
MT3 for 90232 not found
MT  3 20 for 90232 not found
Create input file for pfns for k= 38 and energy number 36 (out of 50)
MT3 for 90232 not found
MT  3 19 for 90232 not found
MT3 for 90232 not found
MT  3 20 for 90232 not found
Create input file for pfns for k= 39 and energy number 36 (out of 50)
MT3 for 90232 not found
MT  3 19 for 90232 not found
MT3 for 90232 not found
MT  3 20 for 90232 not found
Create input file for pfns for k= 40 and energy number 36 (out of 50)
MT3 for 90232 not found
MT  3 19 for 90232 not found
MT3 for 90232 not found
MT  3 20 for 90232 not found
Create input file for pfns for k= 41 and energy number 36 (out of 50)
MT3 for 90232 not found
MT  3 19 for 90232 not found
MT3 for 90232 not found
MT  3 20 for 90232 not found
Create input file for pfns for k= 42 and energy number 36 (out of 50)
MT3 for 90232 not found
MT  3 19 for 90232 not found
MT3 for 90232 not found
MT  3 20 for 90232 not found
Create input file for pfns for k= 43 and energy number 36 (out of 50)
MT3 for 90232 not found
MT  3 19 for 90232 not found
MT3 for 90232 not found
MT  3 20 for 90232 not found
Create input file for pfns for k= 44 and energy number 36 (out of 50)
MT3 for 90232 not found
MT  3 19 for 90232 not found
MT3 for 90232 not found
MT  3 20 for 90232 not found
Create input file for pfns for k= 45 and energy number 36 (out of 50)
MT3 for 90232 not found
MT  3 19 for 90232 not found
MT3 for 90232 not found
MT  3 20 for 90232 not found
Create input file for pfns for k= 46 and energy number 36 (out of 50)
MT3 for 90232 not found
MT  3 19 for 90232 not found
MT3 for 90232 not found
MT  3 20 for 90232 not found
Create input file for pfns for k= 47 and energy number 36 (out of 50)
MT3 for 90232 not found
MT  3 19 for 90232 not found
MT3 for 90232 not found
MT  3 20 for 90232 not found
Create input file for pfns for k= 48 and energy number 36 (out of 50)
MT3 for 90232 not found
MT  3 19 for 90232 not found
MT3 for 90232 not found
MT  3 20 for 90232 not found
Create input file for pfns for k= 49 and energy number 36 (out of 50)
MT3 for 90232 not found
MT  3 19 for 90232 not found
MT3 for 90232 not found
MT  3 20 for 90232 not found
Create input file for pfns for k= 50 and energy number 36 (out of 50)
MT3 for 90232 not found
MT  3 19 for 90232 not found
MT3 for 90232 not found
MT  3 20 for 90232 not found
Create input file for pfns for k= 51 and energy number 36 (out of 50)
MT3 for 90232 not found
MT  3 19 for 90232 not found
MT3 for 90232 not found
MT  3 20 for 90232 not found
Create input file for pfns for k= 52 and energy number 36 (out of 50)
MT3 for 90232 not found
MT  3 19 for 90232 not found
MT3 for 90232 not found
MT  3 20 for 90232 not found
Create input file for pfns for k= 53 and energy number 36 (out of 50)
MT3 for 90232 not found
MT  3 19 for 90232 not found
MT3 for 90232 not found
MT  3 20 for 90232 not found
Create input file for pfns for k= 54 and energy number 36 (out of 50)
MT3 for 90232 not found
MT  3 19 for 90232 not found
MT3 for 90232 not found
MT  3 20 for 90232 not found
Create input file for pfns for k= 55 and energy number 36 (out of 50)
MT3 for 90232 not found
MT  3 19 for 90232 not found
MT3 for 90232 not found
MT  3 20 for 90232 not found
Create input file for pfns for k= 56 and energy number 36 (out of 50)
MT3 for 90232 not found
MT  3 19 for 90232 not found
MT3 for 90232 not found
MT  3 20 for 90232 not found
Create input file for pfns for k= 57 and energy number 36 (out of 50)
MT3 for 90232 not found
MT  3 19 for 90232 not found
MT3 for 90232 not found
MT  3 20 for 90232 not found
Create input file for pfns for k= 58 and energy number 36 (out of 50)
MT3 for 90232 not found
MT  3 19 for 90232 not found
MT3 for 90232 not found
MT  3 20 for 90232 not found
Create input file for pfns for k= 59 and energy number 36 (out of 50)
MT3 for 90232 not found
MT  3 19 for 90232 not found
MT3 for 90232 not found
MT  3 20 for 90232 not found
Create input file for pfns for k= 60 and energy number 36 (out of 50)
MT3 for 90232 not found
MT  3 19 for 90232 not found
MT3 for 90232 not found
MT  3 20 for 90232 not found
Create input file for pfns for k= 61 and energy number 36 (out of 50)
MT3 for 90232 not found
MT  3 19 for 90232 not found
MT3 for 90232 not found
MT  3 20 for 90232 not found
Create input file for pfns for k= 62 and energy number 36 (out of 50)
MT3 for 90232 not found
MT  3 19 for 90232 not found
MT3 for 90232 not found
MT  3 20 for 90232 not found
Create input file for pfns for k= 63 and energy number 36 (out of 50)
MT3 for 90232 not found
MT  3 19 for 90232 not found
MT3 for 90232 not found
MT  3 20 for 90232 not found
Create input file for pfns for k= 64 and energy number 36 (out of 50)
MT3 for 90232 not found
MT  3 19 for 90232 not found
MT3 for 90232 not found
MT  3 20 for 90232 not found
Create input file for pfns for k= 65 and energy number 36 (out of 50)
MT3 for 90232 not found
MT  3 19 for 90232 not found
MT3 for 90232 not found
MT  3 20 for 90232 not found
Create input file for pfns for k= 66 and energy number 36 (out of 50)
MT3 for 90232 not found
MT  3 19 for 90232 not found
MT3 for 90232 not found
MT  3 20 for 90232 not found
Create input file for pfns for k= 67 and energy number 36 (out of 50)
MT3 for 90232 not found
MT  3 19 for 90232 not found
MT3 for 90232 not found
MT  3 20 for 90232 not found
Create input file for pfns for k= 68 and energy number 36 (out of 50)
MT3 for 90232 not found
MT  3 19 for 90232 not found
MT3 for 90232 not found
MT  3 20 for 90232 not found
Create input file for pfns for k= 69 and energy number 36 (out of 50)
MT3 for 90232 not found
MT  3 19 for 90232 not found
MT3 for 90232 not found
MT  3 20 for 90232 not found
Create input file for pfns for k= 70 and energy number 36 (out of 50)
MT3 for 90232 not found
MT  3 19 for 90232 not found
MT3 for 90232 not found
MT  3 20 for 90232 not found
Create input file for pfns for k= 71 and energy number 36 (out of 50)
MT3 for 90232 not found
MT  3 19 for 90232 not found
MT3 for 90232 not found
MT  3 20 for 90232 not found
Create input file for pfns for k= 72 and energy number 36 (out of 50)
MT3 for 90232 not found
MT  3 19 for 90232 not found
MT3 for 90232 not found
MT  3 20 for 90232 not found
Create input file for pfns for k= 73 and energy number 36 (out of 50)
MT3 for 90232 not found
MT  3 19 for 90232 not found
MT3 for 90232 not found
MT  3 20 for 90232 not found
Create input file for pfns for k= 74 and energy number 36 (out of 50)
MT3 for 90232 not found
MT  3 19 for 90232 not found
MT3 for 90232 not found
MT  3 20 for 90232 not found
Create input file for pfns for k= 75 and energy number 36 (out of 50)
MT3 for 90232 not found
MT  3 19 for 90232 not found
MT3 for 90232 not found
MT  3 20 for 90232 not found
Create input file for pfns for k= 76 and energy number 36 (out of 50)
MT3 for 90232 not found
MT  3 19 for 90232 not found
MT3 for 90232 not found
MT  3 20 for 90232 not found
Create input file for pfns for k= 77 and energy number 36 (out of 50)
MT3 for 90232 not found
MT  3 19 for 90232 not found
MT3 for 90232 not found
MT  3 20 for 90232 not found
Create input file for pfns for k= 78 and energy number 36 (out of 50)
MT3 for 90232 not found
MT  3 19 for 90232 not found
MT3 for 90232 not found
MT  3 20 for 90232 not found
Create input file for pfns for k= 79 and energy number 36 (out of 50)
MT3 for 90232 not found
MT  3 19 for 90232 not found
MT3 for 90232 not found
MT  3 20 for 90232 not found
Create input file for pfns for k= 80 and energy number 36 (out of 50)
MT3 for 90232 not found
MT  3 19 for 90232 not found
MT3 for 90232 not found
MT  3 20 for 90232 not found
Create input file for pfns for k= 81 and energy number 36 (out of 50)
MT3 for 90232 not found
MT  3 19 for 90232 not found
MT3 for 90232 not found
MT  3 20 for 90232 not found
Create input file for pfns for k= 82 and energy number 36 (out of 50)
MT3 for 90232 not found
MT  3 19 for 90232 not found
MT3 for 90232 not found
MT  3 20 for 90232 not found
Create input file for pfns for k= 83 and energy number 36 (out of 50)
MT3 for 90232 not found
MT  3 19 for 90232 not found
MT3 for 90232 not found
MT  3 20 for 90232 not found
Create input file for pfns for k= 84 and energy number 36 (out of 50)
MT3 for 90232 not found
MT  3 19 for 90232 not found
MT3 for 90232 not found
MT  3 20 for 90232 not found
Create input file for pfns for k= 85 and energy number 36 (out of 50)
MT3 for 90232 not found
MT  3 19 for 90232 not found
MT3 for 90232 not found
MT  3 20 for 90232 not found
Create input file for pfns for k= 86 and energy number 36 (out of 50)
MT3 for 90232 not found
MT  3 19 for 90232 not found
MT3 for 90232 not found
MT  3 20 for 90232 not found
Create input file for pfns for k= 87 and energy number 36 (out of 50)
MT3 for 90232 not found
MT  3 19 for 90232 not found
MT3 for 90232 not found
MT  3 20 for 90232 not found
Create input file for pfns for k= 88 and energy number 36 (out of 50)
MT3 for 90232 not found
MT  3 19 for 90232 not found
MT3 for 90232 not found
MT  3 20 for 90232 not found
Create input file for pfns for k= 89 and energy number 36 (out of 50)
MT3 for 90232 not found
MT  3 19 for 90232 not found
MT3 for 90232 not found
MT  3 20 for 90232 not found
Create input file for pfns for k= 90 and energy number 36 (out of 50)
MT3 for 90232 not found
MT  3 19 for 90232 not found
MT3 for 90232 not found
MT  3 20 for 90232 not found
Create input file for pfns for k= 91 and energy number 36 (out of 50)
MT3 for 90232 not found
MT  3 19 for 90232 not found
MT3 for 90232 not found
MT  3 20 for 90232 not found
Create input file for pfns for k= 92 and energy number 36 (out of 50)
MT3 for 90232 not found
MT  3 19 for 90232 not found
MT3 for 90232 not found
MT  3 20 for 90232 not found
Create input file for pfns for k= 93 and energy number 36 (out of 50)
MT3 for 90232 not found
MT  3 19 for 90232 not found
MT3 for 90232 not found
MT  3 20 for 90232 not found
Create input file for pfns for k= 94 and energy number 36 (out of 50)
MT3 for 90232 not found
MT  3 19 for 90232 not found
MT3 for 90232 not found
MT  3 20 for 90232 not found
Create input file for pfns for k= 95 and energy number 36 (out of 50)
MT3 for 90232 not found
MT  3 19 for 90232 not found
MT3 for 90232 not found
MT  3 20 for 90232 not found
Create input file for pfns for k= 96 and energy number 36 (out of 50)
MT3 for 90232 not found
MT  3 19 for 90232 not found
MT3 for 90232 not found
MT  3 20 for 90232 not found
Create input file for pfns for k= 97 and energy number 36 (out of 50)
MT3 for 90232 not found
MT  3 19 for 90232 not found
MT3 for 90232 not found
MT  3 20 for 90232 not found
Create input file for pfns for k= 98 and energy number 36 (out of 50)
MT3 for 90232 not found
MT  3 19 for 90232 not found
MT3 for 90232 not found
MT  3 20 for 90232 not found
Create input file for pfns for k= 99 and energy number 36 (out of 50)
MT3 for 90232 not found
MT  3 19 for 90232 not found
MT3 for 90232 not found
MT  3 20 for 90232 not found
Create input file for pfns for k= 100 and energy number 36 (out of 50)
MT3 for 90232 not found
MT  3 19 for 90232 not found
MT3 for 90232 not found
MT  3 20 for 90232 not found
Create input file for pfns for k= 0 and energy number 37 (out of 50)
MT3 for 90232 not found
MT  3 19 for 90232 not found
MT3 for 90232 not found
MT  3 20 for 90232 not found
Create input file for pfns for k= 1 and energy number 37 (out of 50)
MT3 for 90232 not found
MT  3 19 for 90232 not found
MT3 for 90232 not found
MT  3 20 for 90232 not found
Create input file for pfns for k= 2 and energy number 37 (out of 50)
MT3 for 90232 not found
MT  3 19 for 90232 not found
MT3 for 90232 not found
MT  3 20 for 90232 not found
Create input file for pfns for k= 3 and energy number 37 (out of 50)
MT3 for 90232 not found
MT  3 19 for 90232 not found
MT3 for 90232 not found
MT  3 20 for 90232 not found
Create input file for pfns for k= 4 and energy number 37 (out of 50)
MT3 for 90232 not found
MT  3 19 for 90232 not found
MT3 for 90232 not found
MT  3 20 for 90232 not found
Create input file for pfns for k= 5 and energy number 37 (out of 50)
MT3 for 90232 not found
MT  3 19 for 90232 not found
MT3 for 90232 not found
MT  3 20 for 90232 not found
Create input file for pfns for k= 6 and energy number 37 (out of 50)
MT3 for 90232 not found
MT  3 19 for 90232 not found
MT3 for 90232 not found
MT  3 20 for 90232 not found
Create input file for pfns for k= 7 and energy number 37 (out of 50)
MT3 for 90232 not found
MT  3 19 for 90232 not found
MT3 for 90232 not found
MT  3 20 for 90232 not found
Create input file for pfns for k= 8 and energy number 37 (out of 50)
MT3 for 90232 not found
MT  3 19 for 90232 not found
MT3 for 90232 not found
MT  3 20 for 90232 not found
Create input file for pfns for k= 9 and energy number 37 (out of 50)
MT3 for 90232 not found
MT  3 19 for 90232 not found
MT3 for 90232 not found
MT  3 20 for 90232 not found
Create input file for pfns for k= 10 and energy number 37 (out of 50)
MT3 for 90232 not found
MT  3 19 for 90232 not found
MT3 for 90232 not found
MT  3 20 for 90232 not found
Create input file for pfns for k= 11 and energy number 37 (out of 50)
MT3 for 90232 not found
MT  3 19 for 90232 not found
MT3 for 90232 not found
MT  3 20 for 90232 not found
Create input file for pfns for k= 12 and energy number 37 (out of 50)
MT3 for 90232 not found
MT  3 19 for 90232 not found
MT3 for 90232 not found
MT  3 20 for 90232 not found
Create input file for pfns for k= 13 and energy number 37 (out of 50)
MT3 for 90232 not found
MT  3 19 for 90232 not found
MT3 for 90232 not found
MT  3 20 for 90232 not found
Create input file for pfns for k= 14 and energy number 37 (out of 50)
MT3 for 90232 not found
MT  3 19 for 90232 not found
MT3 for 90232 not found
MT  3 20 for 90232 not found
Create input file for pfns for k= 15 and energy number 37 (out of 50)
MT3 for 90232 not found
MT  3 19 for 90232 not found
MT3 for 90232 not found
MT  3 20 for 90232 not found
Create input file for pfns for k= 16 and energy number 37 (out of 50)
MT3 for 90232 not found
MT  3 19 for 90232 not found
MT3 for 90232 not found
MT  3 20 for 90232 not found
Create input file for pfns for k= 17 and energy number 37 (out of 50)
MT3 for 90232 not found
MT  3 19 for 90232 not found
MT3 for 90232 not found
MT  3 20 for 90232 not found
Create input file for pfns for k= 18 and energy number 37 (out of 50)
MT3 for 90232 not found
MT  3 19 for 90232 not found
MT3 for 90232 not found
MT  3 20 for 90232 not found
Create input file for pfns for k= 19 and energy number 37 (out of 50)
MT3 for 90232 not found
MT  3 19 for 90232 not found
MT3 for 90232 not found
MT  3 20 for 90232 not found
Create input file for pfns for k= 20 and energy number 37 (out of 50)
MT3 for 90232 not found
MT  3 19 for 90232 not found
MT3 for 90232 not found
MT  3 20 for 90232 not found
Create input file for pfns for k= 21 and energy number 37 (out of 50)
MT3 for 90232 not found
MT  3 19 for 90232 not found
MT3 for 90232 not found
MT  3 20 for 90232 not found
Create input file for pfns for k= 22 and energy number 37 (out of 50)
MT3 for 90232 not found
MT  3 19 for 90232 not found
MT3 for 90232 not found
MT  3 20 for 90232 not found
Create input file for pfns for k= 23 and energy number 37 (out of 50)
MT3 for 90232 not found
MT  3 19 for 90232 not found
MT3 for 90232 not found
MT  3 20 for 90232 not found
Create input file for pfns for k= 24 and energy number 37 (out of 50)
MT3 for 90232 not found
MT  3 19 for 90232 not found
MT3 for 90232 not found
MT  3 20 for 90232 not found
Create input file for pfns for k= 25 and energy number 37 (out of 50)
MT3 for 90232 not found
MT  3 19 for 90232 not found
MT3 for 90232 not found
MT  3 20 for 90232 not found
Create input file for pfns for k= 26 and energy number 37 (out of 50)
MT3 for 90232 not found
MT  3 19 for 90232 not found
MT3 for 90232 not found
MT  3 20 for 90232 not found
Create input file for pfns for k= 27 and energy number 37 (out of 50)
MT3 for 90232 not found
MT  3 19 for 90232 not found
MT3 for 90232 not found
MT  3 20 for 90232 not found
Create input file for pfns for k= 28 and energy number 37 (out of 50)
MT3 for 90232 not found
MT  3 19 for 90232 not found
MT3 for 90232 not found
MT  3 20 for 90232 not found
Create input file for pfns for k= 29 and energy number 37 (out of 50)
MT3 for 90232 not found
MT  3 19 for 90232 not found
MT3 for 90232 not found
MT  3 20 for 90232 not found
Create input file for pfns for k= 30 and energy number 37 (out of 50)
MT3 for 90232 not found
MT  3 19 for 90232 not found
MT3 for 90232 not found
MT  3 20 for 90232 not found
Create input file for pfns for k= 31 and energy number 37 (out of 50)
MT3 for 90232 not found
MT  3 19 for 90232 not found
MT3 for 90232 not found
MT  3 20 for 90232 not found
Create input file for pfns for k= 32 and energy number 37 (out of 50)
MT3 for 90232 not found
MT  3 19 for 90232 not found
MT3 for 90232 not found
MT  3 20 for 90232 not found
Create input file for pfns for k= 33 and energy number 37 (out of 50)
MT3 for 90232 not found
MT  3 19 for 90232 not found
MT3 for 90232 not found
MT  3 20 for 90232 not found
Create input file for pfns for k= 34 and energy number 37 (out of 50)
MT3 for 90232 not found
MT  3 19 for 90232 not found
MT3 for 90232 not found
MT  3 20 for 90232 not found
Create input file for pfns for k= 35 and energy number 37 (out of 50)
MT3 for 90232 not found
MT  3 19 for 90232 not found
MT3 for 90232 not found
MT  3 20 for 90232 not found
Create input file for pfns for k= 36 and energy number 37 (out of 50)
MT3 for 90232 not found
MT  3 19 for 90232 not found
MT3 for 90232 not found
MT  3 20 for 90232 not found
Create input file for pfns for k= 37 and energy number 37 (out of 50)
MT3 for 90232 not found
MT  3 19 for 90232 not found
MT3 for 90232 not found
MT  3 20 for 90232 not found
Create input file for pfns for k= 38 and energy number 37 (out of 50)
MT3 for 90232 not found
MT  3 19 for 90232 not found
MT3 for 90232 not found
MT  3 20 for 90232 not found
Create input file for pfns for k= 39 and energy number 37 (out of 50)
MT3 for 90232 not found
MT  3 19 for 90232 not found
MT3 for 90232 not found
MT  3 20 for 90232 not found
Create input file for pfns for k= 40 and energy number 37 (out of 50)
MT3 for 90232 not found
MT  3 19 for 90232 not found
MT3 for 90232 not found
MT  3 20 for 90232 not found
Create input file for pfns for k= 41 and energy number 37 (out of 50)
MT3 for 90232 not found
MT  3 19 for 90232 not found
MT3 for 90232 not found
MT  3 20 for 90232 not found
Create input file for pfns for k= 42 and energy number 37 (out of 50)
MT3 for 90232 not found
MT  3 19 for 90232 not found
MT3 for 90232 not found
MT  3 20 for 90232 not found
Create input file for pfns for k= 43 and energy number 37 (out of 50)
MT3 for 90232 not found
MT  3 19 for 90232 not found
MT3 for 90232 not found
MT  3 20 for 90232 not found
Create input file for pfns for k= 44 and energy number 37 (out of 50)
MT3 for 90232 not found
MT  3 19 for 90232 not found
MT3 for 90232 not found
MT  3 20 for 90232 not found
Create input file for pfns for k= 45 and energy number 37 (out of 50)
MT3 for 90232 not found
MT  3 19 for 90232 not found
MT3 for 90232 not found
MT  3 20 for 90232 not found
Create input file for pfns for k= 46 and energy number 37 (out of 50)
MT3 for 90232 not found
MT  3 19 for 90232 not found
MT3 for 90232 not found
MT  3 20 for 90232 not found
Create input file for pfns for k= 47 and energy number 37 (out of 50)
MT3 for 90232 not found
MT  3 19 for 90232 not found
MT3 for 90232 not found
MT  3 20 for 90232 not found
Create input file for pfns for k= 48 and energy number 37 (out of 50)
MT3 for 90232 not found
MT  3 19 for 90232 not found
MT3 for 90232 not found
MT  3 20 for 90232 not found
Create input file for pfns for k= 49 and energy number 37 (out of 50)
MT3 for 90232 not found
MT  3 19 for 90232 not found
MT3 for 90232 not found
MT  3 20 for 90232 not found
Create input file for pfns for k= 50 and energy number 37 (out of 50)
MT3 for 90232 not found
MT  3 19 for 90232 not found
MT3 for 90232 not found
MT  3 20 for 90232 not found
Create input file for pfns for k= 51 and energy number 37 (out of 50)
MT3 for 90232 not found
MT  3 19 for 90232 not found
MT3 for 90232 not found
MT  3 20 for 90232 not found
Create input file for pfns for k= 52 and energy number 37 (out of 50)
MT3 for 90232 not found
MT  3 19 for 90232 not found
MT3 for 90232 not found
MT  3 20 for 90232 not found
Create input file for pfns for k= 53 and energy number 37 (out of 50)
MT3 for 90232 not found
MT  3 19 for 90232 not found
MT3 for 90232 not found
MT  3 20 for 90232 not found
Create input file for pfns for k= 54 and energy number 37 (out of 50)
MT3 for 90232 not found
MT  3 19 for 90232 not found
MT3 for 90232 not found
MT  3 20 for 90232 not found
Create input file for pfns for k= 55 and energy number 37 (out of 50)
MT3 for 90232 not found
MT  3 19 for 90232 not found
MT3 for 90232 not found
MT  3 20 for 90232 not found
Create input file for pfns for k= 56 and energy number 37 (out of 50)
MT3 for 90232 not found
MT  3 19 for 90232 not found
MT3 for 90232 not found
MT  3 20 for 90232 not found
Create input file for pfns for k= 57 and energy number 37 (out of 50)
MT3 for 90232 not found
MT  3 19 for 90232 not found
MT3 for 90232 not found
MT  3 20 for 90232 not found
Create input file for pfns for k= 58 and energy number 37 (out of 50)
MT3 for 90232 not found
MT  3 19 for 90232 not found
MT3 for 90232 not found
MT  3 20 for 90232 not found
Create input file for pfns for k= 59 and energy number 37 (out of 50)
MT3 for 90232 not found
MT  3 19 for 90232 not found
MT3 for 90232 not found
MT  3 20 for 90232 not found
Create input file for pfns for k= 60 and energy number 37 (out of 50)
MT3 for 90232 not found
MT  3 19 for 90232 not found
MT3 for 90232 not found
MT  3 20 for 90232 not found
Create input file for pfns for k= 61 and energy number 37 (out of 50)
MT3 for 90232 not found
MT  3 19 for 90232 not found
MT3 for 90232 not found
MT  3 20 for 90232 not found
Create input file for pfns for k= 62 and energy number 37 (out of 50)
MT3 for 90232 not found
MT  3 19 for 90232 not found
MT3 for 90232 not found
MT  3 20 for 90232 not found
Create input file for pfns for k= 63 and energy number 37 (out of 50)
MT3 for 90232 not found
MT  3 19 for 90232 not found
MT3 for 90232 not found
MT  3 20 for 90232 not found
Create input file for pfns for k= 64 and energy number 37 (out of 50)
MT3 for 90232 not found
MT  3 19 for 90232 not found
MT3 for 90232 not found
MT  3 20 for 90232 not found
Create input file for pfns for k= 65 and energy number 37 (out of 50)
MT3 for 90232 not found
MT  3 19 for 90232 not found
MT3 for 90232 not found
MT  3 20 for 90232 not found
Create input file for pfns for k= 66 and energy number 37 (out of 50)
MT3 for 90232 not found
MT  3 19 for 90232 not found
MT3 for 90232 not found
MT  3 20 for 90232 not found
Create input file for pfns for k= 67 and energy number 37 (out of 50)
MT3 for 90232 not found
MT  3 19 for 90232 not found
MT3 for 90232 not found
MT  3 20 for 90232 not found
Create input file for pfns for k= 68 and energy number 37 (out of 50)
MT3 for 90232 not found
MT  3 19 for 90232 not found
MT3 for 90232 not found
MT  3 20 for 90232 not found
Create input file for pfns for k= 69 and energy number 37 (out of 50)
MT3 for 90232 not found
MT  3 19 for 90232 not found
MT3 for 90232 not found
MT  3 20 for 90232 not found
Create input file for pfns for k= 70 and energy number 37 (out of 50)
MT3 for 90232 not found
MT  3 19 for 90232 not found
MT3 for 90232 not found
MT  3 20 for 90232 not found
Create input file for pfns for k= 71 and energy number 37 (out of 50)
MT3 for 90232 not found
MT  3 19 for 90232 not found
MT3 for 90232 not found
MT  3 20 for 90232 not found
Create input file for pfns for k= 72 and energy number 37 (out of 50)
MT3 for 90232 not found
MT  3 19 for 90232 not found
MT3 for 90232 not found
MT  3 20 for 90232 not found
Create input file for pfns for k= 73 and energy number 37 (out of 50)
MT3 for 90232 not found
MT  3 19 for 90232 not found
MT3 for 90232 not found
MT  3 20 for 90232 not found
Create input file for pfns for k= 74 and energy number 37 (out of 50)
MT3 for 90232 not found
MT  3 19 for 90232 not found
MT3 for 90232 not found
MT  3 20 for 90232 not found
Create input file for pfns for k= 75 and energy number 37 (out of 50)
MT3 for 90232 not found
MT  3 19 for 90232 not found
MT3 for 90232 not found
MT  3 20 for 90232 not found
Create input file for pfns for k= 76 and energy number 37 (out of 50)
MT3 for 90232 not found
MT  3 19 for 90232 not found
MT3 for 90232 not found
MT  3 20 for 90232 not found
Create input file for pfns for k= 77 and energy number 37 (out of 50)
MT3 for 90232 not found
MT  3 19 for 90232 not found
MT3 for 90232 not found
MT  3 20 for 90232 not found
Create input file for pfns for k= 78 and energy number 37 (out of 50)
MT3 for 90232 not found
MT  3 19 for 90232 not found
MT3 for 90232 not found
MT  3 20 for 90232 not found
Create input file for pfns for k= 79 and energy number 37 (out of 50)
MT3 for 90232 not found
MT  3 19 for 90232 not found
MT3 for 90232 not found
MT  3 20 for 90232 not found
Create input file for pfns for k= 80 and energy number 37 (out of 50)
MT3 for 90232 not found
MT  3 19 for 90232 not found
MT3 for 90232 not found
MT  3 20 for 90232 not found
Create input file for pfns for k= 81 and energy number 37 (out of 50)
MT3 for 90232 not found
MT  3 19 for 90232 not found
MT3 for 90232 not found
MT  3 20 for 90232 not found
Create input file for pfns for k= 82 and energy number 37 (out of 50)
MT3 for 90232 not found
MT  3 19 for 90232 not found
MT3 for 90232 not found
MT  3 20 for 90232 not found
Create input file for pfns for k= 83 and energy number 37 (out of 50)
MT3 for 90232 not found
MT  3 19 for 90232 not found
MT3 for 90232 not found
MT  3 20 for 90232 not found
Create input file for pfns for k= 84 and energy number 37 (out of 50)
MT3 for 90232 not found
MT  3 19 for 90232 not found
MT3 for 90232 not found
MT  3 20 for 90232 not found
Create input file for pfns for k= 85 and energy number 37 (out of 50)
MT3 for 90232 not found
MT  3 19 for 90232 not found
MT3 for 90232 not found
MT  3 20 for 90232 not found
Create input file for pfns for k= 86 and energy number 37 (out of 50)
MT3 for 90232 not found
MT  3 19 for 90232 not found
MT3 for 90232 not found
MT  3 20 for 90232 not found
Create input file for pfns for k= 87 and energy number 37 (out of 50)
MT3 for 90232 not found
MT  3 19 for 90232 not found
MT3 for 90232 not found
MT  3 20 for 90232 not found
Create input file for pfns for k= 88 and energy number 37 (out of 50)
MT3 for 90232 not found
MT  3 19 for 90232 not found
MT3 for 90232 not found
MT  3 20 for 90232 not found
Create input file for pfns for k= 89 and energy number 37 (out of 50)
MT3 for 90232 not found
MT  3 19 for 90232 not found
MT3 for 90232 not found
MT  3 20 for 90232 not found
Create input file for pfns for k= 90 and energy number 37 (out of 50)
MT3 for 90232 not found
MT  3 19 for 90232 not found
MT3 for 90232 not found
MT  3 20 for 90232 not found
Create input file for pfns for k= 91 and energy number 37 (out of 50)
MT3 for 90232 not found
MT  3 19 for 90232 not found
MT3 for 90232 not found
MT  3 20 for 90232 not found
Create input file for pfns for k= 92 and energy number 37 (out of 50)
MT3 for 90232 not found
MT  3 19 for 90232 not found
MT3 for 90232 not found
MT  3 20 for 90232 not found
Create input file for pfns for k= 93 and energy number 37 (out of 50)
MT3 for 90232 not found
MT  3 19 for 90232 not found
MT3 for 90232 not found
MT  3 20 for 90232 not found
Create input file for pfns for k= 94 and energy number 37 (out of 50)
MT3 for 90232 not found
MT  3 19 for 90232 not found
MT3 for 90232 not found
MT  3 20 for 90232 not found
Create input file for pfns for k= 95 and energy number 37 (out of 50)
MT3 for 90232 not found
MT  3 19 for 90232 not found
MT3 for 90232 not found
MT  3 20 for 90232 not found
Create input file for pfns for k= 96 and energy number 37 (out of 50)
MT3 for 90232 not found
MT  3 19 for 90232 not found
MT3 for 90232 not found
MT  3 20 for 90232 not found
Create input file for pfns for k= 97 and energy number 37 (out of 50)
MT3 for 90232 not found
MT  3 19 for 90232 not found
MT3 for 90232 not found
MT  3 20 for 90232 not found
Create input file for pfns for k= 98 and energy number 37 (out of 50)
MT3 for 90232 not found
MT  3 19 for 90232 not found
MT3 for 90232 not found
MT  3 20 for 90232 not found
Create input file for pfns for k= 99 and energy number 37 (out of 50)
MT3 for 90232 not found
MT  3 19 for 90232 not found
MT3 for 90232 not found
MT  3 20 for 90232 not found
Create input file for pfns for k= 100 and energy number 37 (out of 50)
MT3 for 90232 not found
MT  3 19 for 90232 not found
MT3 for 90232 not found
MT  3 20 for 90232 not found
Create input file for pfns for k= 0 and energy number 38 (out of 50)
MT3 for 90232 not found
MT  3 19 for 90232 not found
MT3 for 90232 not found
MT  3 20 for 90232 not found
Create input file for pfns for k= 1 and energy number 38 (out of 50)
MT3 for 90232 not found
MT  3 19 for 90232 not found
MT3 for 90232 not found
MT  3 20 for 90232 not found
Create input file for pfns for k= 2 and energy number 38 (out of 50)
MT3 for 90232 not found
MT  3 19 for 90232 not found
MT3 for 90232 not found
MT  3 20 for 90232 not found
Create input file for pfns for k= 3 and energy number 38 (out of 50)
MT3 for 90232 not found
MT  3 19 for 90232 not found
MT3 for 90232 not found
MT  3 20 for 90232 not found
Create input file for pfns for k= 4 and energy number 38 (out of 50)
MT3 for 90232 not found
MT  3 19 for 90232 not found
MT3 for 90232 not found
MT  3 20 for 90232 not found
Create input file for pfns for k= 5 and energy number 38 (out of 50)
MT3 for 90232 not found
MT  3 19 for 90232 not found
MT3 for 90232 not found
MT  3 20 for 90232 not found
Create input file for pfns for k= 6 and energy number 38 (out of 50)
MT3 for 90232 not found
MT  3 19 for 90232 not found
MT3 for 90232 not found
MT  3 20 for 90232 not found
Create input file for pfns for k= 7 and energy number 38 (out of 50)
MT3 for 90232 not found
MT  3 19 for 90232 not found
MT3 for 90232 not found
MT  3 20 for 90232 not found
Create input file for pfns for k= 8 and energy number 38 (out of 50)
MT3 for 90232 not found
MT  3 19 for 90232 not found
MT3 for 90232 not found
MT  3 20 for 90232 not found
Create input file for pfns for k= 9 and energy number 38 (out of 50)
MT3 for 90232 not found
MT  3 19 for 90232 not found
MT3 for 90232 not found
MT  3 20 for 90232 not found
Create input file for pfns for k= 10 and energy number 38 (out of 50)
MT3 for 90232 not found
MT  3 19 for 90232 not found
MT3 for 90232 not found
MT  3 20 for 90232 not found
Create input file for pfns for k= 11 and energy number 38 (out of 50)
MT3 for 90232 not found
MT  3 19 for 90232 not found
MT3 for 90232 not found
MT  3 20 for 90232 not found
Create input file for pfns for k= 12 and energy number 38 (out of 50)
MT3 for 90232 not found
MT  3 19 for 90232 not found
MT3 for 90232 not found
MT  3 20 for 90232 not found
Create input file for pfns for k= 13 and energy number 38 (out of 50)
MT3 for 90232 not found
MT  3 19 for 90232 not found
MT3 for 90232 not found
MT  3 20 for 90232 not found
Create input file for pfns for k= 14 and energy number 38 (out of 50)
MT3 for 90232 not found
MT  3 19 for 90232 not found
MT3 for 90232 not found
MT  3 20 for 90232 not found
Create input file for pfns for k= 15 and energy number 38 (out of 50)
MT3 for 90232 not found
MT  3 19 for 90232 not found
MT3 for 90232 not found
MT  3 20 for 90232 not found
Create input file for pfns for k= 16 and energy number 38 (out of 50)
MT3 for 90232 not found
MT  3 19 for 90232 not found
MT3 for 90232 not found
MT  3 20 for 90232 not found
Create input file for pfns for k= 17 and energy number 38 (out of 50)
MT3 for 90232 not found
MT  3 19 for 90232 not found
MT3 for 90232 not found
MT  3 20 for 90232 not found
Create input file for pfns for k= 18 and energy number 38 (out of 50)
MT3 for 90232 not found
MT  3 19 for 90232 not found
MT3 for 90232 not found
MT  3 20 for 90232 not found
Create input file for pfns for k= 19 and energy number 38 (out of 50)
MT3 for 90232 not found
MT  3 19 for 90232 not found
MT3 for 90232 not found
MT  3 20 for 90232 not found
Create input file for pfns for k= 20 and energy number 38 (out of 50)
MT3 for 90232 not found
MT  3 19 for 90232 not found
MT3 for 90232 not found
MT  3 20 for 90232 not found
Create input file for pfns for k= 21 and energy number 38 (out of 50)
MT3 for 90232 not found
MT  3 19 for 90232 not found
MT3 for 90232 not found
MT  3 20 for 90232 not found
Create input file for pfns for k= 22 and energy number 38 (out of 50)
MT3 for 90232 not found
MT  3 19 for 90232 not found
MT3 for 90232 not found
MT  3 20 for 90232 not found
Create input file for pfns for k= 23 and energy number 38 (out of 50)
MT3 for 90232 not found
MT  3 19 for 90232 not found
MT3 for 90232 not found
MT  3 20 for 90232 not found
Create input file for pfns for k= 24 and energy number 38 (out of 50)
MT3 for 90232 not found
MT  3 19 for 90232 not found
MT3 for 90232 not found
MT  3 20 for 90232 not found
Create input file for pfns for k= 25 and energy number 38 (out of 50)
MT3 for 90232 not found
MT  3 19 for 90232 not found
MT3 for 90232 not found
MT  3 20 for 90232 not found
Create input file for pfns for k= 26 and energy number 38 (out of 50)
MT3 for 90232 not found
MT  3 19 for 90232 not found
MT3 for 90232 not found
MT  3 20 for 90232 not found
Create input file for pfns for k= 27 and energy number 38 (out of 50)
MT3 for 90232 not found
MT  3 19 for 90232 not found
MT3 for 90232 not found
MT  3 20 for 90232 not found
Create input file for pfns for k= 28 and energy number 38 (out of 50)
MT3 for 90232 not found
MT  3 19 for 90232 not found
MT3 for 90232 not found
MT  3 20 for 90232 not found
Create input file for pfns for k= 29 and energy number 38 (out of 50)
MT3 for 90232 not found
MT  3 19 for 90232 not found
MT3 for 90232 not found
MT  3 20 for 90232 not found
Create input file for pfns for k= 30 and energy number 38 (out of 50)
MT3 for 90232 not found
MT  3 19 for 90232 not found
MT3 for 90232 not found
MT  3 20 for 90232 not found
Create input file for pfns for k= 31 and energy number 38 (out of 50)
MT3 for 90232 not found
MT  3 19 for 90232 not found
MT3 for 90232 not found
MT  3 20 for 90232 not found
Create input file for pfns for k= 32 and energy number 38 (out of 50)
MT3 for 90232 not found
MT  3 19 for 90232 not found
MT3 for 90232 not found
MT  3 20 for 90232 not found
Create input file for pfns for k= 33 and energy number 38 (out of 50)
MT3 for 90232 not found
MT  3 19 for 90232 not found
MT3 for 90232 not found
MT  3 20 for 90232 not found
Create input file for pfns for k= 34 and energy number 38 (out of 50)
MT3 for 90232 not found
MT  3 19 for 90232 not found
MT3 for 90232 not found
MT  3 20 for 90232 not found
Create input file for pfns for k= 35 and energy number 38 (out of 50)
MT3 for 90232 not found
MT  3 19 for 90232 not found
MT3 for 90232 not found
MT  3 20 for 90232 not found
Create input file for pfns for k= 36 and energy number 38 (out of 50)
MT3 for 90232 not found
MT  3 19 for 90232 not found
MT3 for 90232 not found
MT  3 20 for 90232 not found
Create input file for pfns for k= 37 and energy number 38 (out of 50)
MT3 for 90232 not found
MT  3 19 for 90232 not found
MT3 for 90232 not found
MT  3 20 for 90232 not found
Create input file for pfns for k= 38 and energy number 38 (out of 50)
MT3 for 90232 not found
MT  3 19 for 90232 not found
MT3 for 90232 not found
MT  3 20 for 90232 not found
Create input file for pfns for k= 39 and energy number 38 (out of 50)
MT3 for 90232 not found
MT  3 19 for 90232 not found
MT3 for 90232 not found
MT  3 20 for 90232 not found
Create input file for pfns for k= 40 and energy number 38 (out of 50)
MT3 for 90232 not found
MT  3 19 for 90232 not found
MT3 for 90232 not found
MT  3 20 for 90232 not found
Create input file for pfns for k= 41 and energy number 38 (out of 50)
MT3 for 90232 not found
MT  3 19 for 90232 not found
MT3 for 90232 not found
MT  3 20 for 90232 not found
Create input file for pfns for k= 42 and energy number 38 (out of 50)
MT3 for 90232 not found
MT  3 19 for 90232 not found
MT3 for 90232 not found
MT  3 20 for 90232 not found
Create input file for pfns for k= 43 and energy number 38 (out of 50)
MT3 for 90232 not found
MT  3 19 for 90232 not found
MT3 for 90232 not found
MT  3 20 for 90232 not found
Create input file for pfns for k= 44 and energy number 38 (out of 50)
MT3 for 90232 not found
MT  3 19 for 90232 not found
MT3 for 90232 not found
MT  3 20 for 90232 not found
Create input file for pfns for k= 45 and energy number 38 (out of 50)
MT3 for 90232 not found
MT  3 19 for 90232 not found
MT3 for 90232 not found
MT  3 20 for 90232 not found
Create input file for pfns for k= 46 and energy number 38 (out of 50)
MT3 for 90232 not found
MT  3 19 for 90232 not found
MT3 for 90232 not found
MT  3 20 for 90232 not found
Create input file for pfns for k= 47 and energy number 38 (out of 50)
MT3 for 90232 not found
MT  3 19 for 90232 not found
MT3 for 90232 not found
MT  3 20 for 90232 not found
Create input file for pfns for k= 48 and energy number 38 (out of 50)
MT3 for 90232 not found
MT  3 19 for 90232 not found
MT3 for 90232 not found
MT  3 20 for 90232 not found
Create input file for pfns for k= 49 and energy number 38 (out of 50)
MT3 for 90232 not found
MT  3 19 for 90232 not found
MT3 for 90232 not found
MT  3 20 for 90232 not found
Create input file for pfns for k= 50 and energy number 38 (out of 50)
MT3 for 90232 not found
MT  3 19 for 90232 not found
MT3 for 90232 not found
MT  3 20 for 90232 not found
Create input file for pfns for k= 51 and energy number 38 (out of 50)
MT3 for 90232 not found
MT  3 19 for 90232 not found
MT3 for 90232 not found
MT  3 20 for 90232 not found
Create input file for pfns for k= 52 and energy number 38 (out of 50)
MT3 for 90232 not found
MT  3 19 for 90232 not found
MT3 for 90232 not found
MT  3 20 for 90232 not found
Create input file for pfns for k= 53 and energy number 38 (out of 50)
MT3 for 90232 not found
MT  3 19 for 90232 not found
MT3 for 90232 not found
MT  3 20 for 90232 not found
Create input file for pfns for k= 54 and energy number 38 (out of 50)
MT3 for 90232 not found
MT  3 19 for 90232 not found
MT3 for 90232 not found
MT  3 20 for 90232 not found
Create input file for pfns for k= 55 and energy number 38 (out of 50)
MT3 for 90232 not found
MT  3 19 for 90232 not found
MT3 for 90232 not found
MT  3 20 for 90232 not found
Create input file for pfns for k= 56 and energy number 38 (out of 50)
MT3 for 90232 not found
MT  3 19 for 90232 not found
MT3 for 90232 not found
MT  3 20 for 90232 not found
Create input file for pfns for k= 57 and energy number 38 (out of 50)
MT3 for 90232 not found
MT  3 19 for 90232 not found
MT3 for 90232 not found
MT  3 20 for 90232 not found
Create input file for pfns for k= 58 and energy number 38 (out of 50)
MT3 for 90232 not found
MT  3 19 for 90232 not found
MT3 for 90232 not found
MT  3 20 for 90232 not found
Create input file for pfns for k= 59 and energy number 38 (out of 50)
MT3 for 90232 not found
MT  3 19 for 90232 not found
MT3 for 90232 not found
MT  3 20 for 90232 not found
Create input file for pfns for k= 60 and energy number 38 (out of 50)
MT3 for 90232 not found
MT  3 19 for 90232 not found
MT3 for 90232 not found
MT  3 20 for 90232 not found
Create input file for pfns for k= 61 and energy number 38 (out of 50)
MT3 for 90232 not found
MT  3 19 for 90232 not found
MT3 for 90232 not found
MT  3 20 for 90232 not found
Create input file for pfns for k= 62 and energy number 38 (out of 50)
MT3 for 90232 not found
MT  3 19 for 90232 not found
MT3 for 90232 not found
MT  3 20 for 90232 not found
Create input file for pfns for k= 63 and energy number 38 (out of 50)
MT3 for 90232 not found
MT  3 19 for 90232 not found
MT3 for 90232 not found
MT  3 20 for 90232 not found
Create input file for pfns for k= 64 and energy number 38 (out of 50)
MT3 for 90232 not found
MT  3 19 for 90232 not found
MT3 for 90232 not found
MT  3 20 for 90232 not found
Create input file for pfns for k= 65 and energy number 38 (out of 50)
MT3 for 90232 not found
MT  3 19 for 90232 not found
MT3 for 90232 not found
MT  3 20 for 90232 not found
Create input file for pfns for k= 66 and energy number 38 (out of 50)
MT3 for 90232 not found
MT  3 19 for 90232 not found
MT3 for 90232 not found
MT  3 20 for 90232 not found
Create input file for pfns for k= 67 and energy number 38 (out of 50)
MT3 for 90232 not found
MT  3 19 for 90232 not found
MT3 for 90232 not found
MT  3 20 for 90232 not found
Create input file for pfns for k= 68 and energy number 38 (out of 50)
MT3 for 90232 not found
MT  3 19 for 90232 not found
MT3 for 90232 not found
MT  3 20 for 90232 not found
Create input file for pfns for k= 69 and energy number 38 (out of 50)
MT3 for 90232 not found
MT  3 19 for 90232 not found
MT3 for 90232 not found
MT  3 20 for 90232 not found
Create input file for pfns for k= 70 and energy number 38 (out of 50)
MT3 for 90232 not found
MT  3 19 for 90232 not found
MT3 for 90232 not found
MT  3 20 for 90232 not found
Create input file for pfns for k= 71 and energy number 38 (out of 50)
MT3 for 90232 not found
MT  3 19 for 90232 not found
MT3 for 90232 not found
MT  3 20 for 90232 not found
Create input file for pfns for k= 72 and energy number 38 (out of 50)
MT3 for 90232 not found
MT  3 19 for 90232 not found
MT3 for 90232 not found
MT  3 20 for 90232 not found
Create input file for pfns for k= 73 and energy number 38 (out of 50)
MT3 for 90232 not found
MT  3 19 for 90232 not found
MT3 for 90232 not found
MT  3 20 for 90232 not found
Create input file for pfns for k= 74 and energy number 38 (out of 50)
MT3 for 90232 not found
MT  3 19 for 90232 not found
MT3 for 90232 not found
MT  3 20 for 90232 not found
Create input file for pfns for k= 75 and energy number 38 (out of 50)
MT3 for 90232 not found
MT  3 19 for 90232 not found
MT3 for 90232 not found
MT  3 20 for 90232 not found
Create input file for pfns for k= 76 and energy number 38 (out of 50)
MT3 for 90232 not found
MT  3 19 for 90232 not found
MT3 for 90232 not found
MT  3 20 for 90232 not found
Create input file for pfns for k= 77 and energy number 38 (out of 50)
MT3 for 90232 not found
MT  3 19 for 90232 not found
MT3 for 90232 not found
MT  3 20 for 90232 not found
Create input file for pfns for k= 78 and energy number 38 (out of 50)
MT3 for 90232 not found
MT  3 19 for 90232 not found
MT3 for 90232 not found
MT  3 20 for 90232 not found
Create input file for pfns for k= 79 and energy number 38 (out of 50)
MT3 for 90232 not found
MT  3 19 for 90232 not found
MT3 for 90232 not found
MT  3 20 for 90232 not found
Create input file for pfns for k= 80 and energy number 38 (out of 50)
MT3 for 90232 not found
MT  3 19 for 90232 not found
MT3 for 90232 not found
MT  3 20 for 90232 not found
Create input file for pfns for k= 81 and energy number 38 (out of 50)
MT3 for 90232 not found
MT  3 19 for 90232 not found
MT3 for 90232 not found
MT  3 20 for 90232 not found
Create input file for pfns for k= 82 and energy number 38 (out of 50)
MT3 for 90232 not found
MT  3 19 for 90232 not found
MT3 for 90232 not found
MT  3 20 for 90232 not found
Create input file for pfns for k= 83 and energy number 38 (out of 50)
MT3 for 90232 not found
MT  3 19 for 90232 not found
MT3 for 90232 not found
MT  3 20 for 90232 not found
Create input file for pfns for k= 84 and energy number 38 (out of 50)
MT3 for 90232 not found
MT  3 19 for 90232 not found
MT3 for 90232 not found
MT  3 20 for 90232 not found
Create input file for pfns for k= 85 and energy number 38 (out of 50)
MT3 for 90232 not found
MT  3 19 for 90232 not found
MT3 for 90232 not found
MT  3 20 for 90232 not found
Create input file for pfns for k= 86 and energy number 38 (out of 50)
MT3 for 90232 not found
MT  3 19 for 90232 not found
MT3 for 90232 not found
MT  3 20 for 90232 not found
Create input file for pfns for k= 87 and energy number 38 (out of 50)
MT3 for 90232 not found
MT  3 19 for 90232 not found
MT3 for 90232 not found
MT  3 20 for 90232 not found
Create input file for pfns for k= 88 and energy number 38 (out of 50)
MT3 for 90232 not found
MT  3 19 for 90232 not found
MT3 for 90232 not found
MT  3 20 for 90232 not found
Create input file for pfns for k= 89 and energy number 38 (out of 50)
MT3 for 90232 not found
MT  3 19 for 90232 not found
MT3 for 90232 not found
MT  3 20 for 90232 not found
Create input file for pfns for k= 90 and energy number 38 (out of 50)
MT3 for 90232 not found
MT  3 19 for 90232 not found
MT3 for 90232 not found
MT  3 20 for 90232 not found
Create input file for pfns for k= 91 and energy number 38 (out of 50)
MT3 for 90232 not found
MT  3 19 for 90232 not found
MT3 for 90232 not found
MT  3 20 for 90232 not found
Create input file for pfns for k= 92 and energy number 38 (out of 50)
MT3 for 90232 not found
MT  3 19 for 90232 not found
MT3 for 90232 not found
MT  3 20 for 90232 not found
Create input file for pfns for k= 93 and energy number 38 (out of 50)
MT3 for 90232 not found
MT  3 19 for 90232 not found
MT3 for 90232 not found
MT  3 20 for 90232 not found
Create input file for pfns for k= 94 and energy number 38 (out of 50)
MT3 for 90232 not found
MT  3 19 for 90232 not found
MT3 for 90232 not found
MT  3 20 for 90232 not found
Create input file for pfns for k= 95 and energy number 38 (out of 50)
MT3 for 90232 not found
MT  3 19 for 90232 not found
MT3 for 90232 not found
MT  3 20 for 90232 not found
Create input file for pfns for k= 96 and energy number 38 (out of 50)
MT3 for 90232 not found
MT  3 19 for 90232 not found
MT3 for 90232 not found
MT  3 20 for 90232 not found
Create input file for pfns for k= 97 and energy number 38 (out of 50)
MT3 for 90232 not found
MT  3 19 for 90232 not found
MT3 for 90232 not found
MT  3 20 for 90232 not found
Create input file for pfns for k= 98 and energy number 38 (out of 50)
MT3 for 90232 not found
MT  3 19 for 90232 not found
MT3 for 90232 not found
MT  3 20 for 90232 not found
Create input file for pfns for k= 99 and energy number 38 (out of 50)
MT3 for 90232 not found
MT  3 19 for 90232 not found
MT3 for 90232 not found
MT  3 20 for 90232 not found
Create input file for pfns for k= 100 and energy number 38 (out of 50)
MT3 for 90232 not found
MT  3 19 for 90232 not found
MT3 for 90232 not found
MT  3 20 for 90232 not found
Create input file for pfns for k= 0 and energy number 39 (out of 50)
MT3 for 90232 not found
MT  3 19 for 90232 not found
MT3 for 90232 not found
MT  3 20 for 90232 not found
Create input file for pfns for k= 1 and energy number 39 (out of 50)
MT3 for 90232 not found
MT  3 19 for 90232 not found
MT3 for 90232 not found
MT  3 20 for 90232 not found
Create input file for pfns for k= 2 and energy number 39 (out of 50)
MT3 for 90232 not found
MT  3 19 for 90232 not found
MT3 for 90232 not found
MT  3 20 for 90232 not found
Create input file for pfns for k= 3 and energy number 39 (out of 50)
MT3 for 90232 not found
MT  3 19 for 90232 not found
MT3 for 90232 not found
MT  3 20 for 90232 not found
Create input file for pfns for k= 4 and energy number 39 (out of 50)
MT3 for 90232 not found
MT  3 19 for 90232 not found
MT3 for 90232 not found
MT  3 20 for 90232 not found
Create input file for pfns for k= 5 and energy number 39 (out of 50)
MT3 for 90232 not found
MT  3 19 for 90232 not found
MT3 for 90232 not found
MT  3 20 for 90232 not found
Create input file for pfns for k= 6 and energy number 39 (out of 50)
MT3 for 90232 not found
MT  3 19 for 90232 not found
MT3 for 90232 not found
MT  3 20 for 90232 not found
Create input file for pfns for k= 7 and energy number 39 (out of 50)
MT3 for 90232 not found
MT  3 19 for 90232 not found
MT3 for 90232 not found
MT  3 20 for 90232 not found
Create input file for pfns for k= 8 and energy number 39 (out of 50)
MT3 for 90232 not found
MT  3 19 for 90232 not found
MT3 for 90232 not found
MT  3 20 for 90232 not found
Create input file for pfns for k= 9 and energy number 39 (out of 50)
MT3 for 90232 not found
MT  3 19 for 90232 not found
MT3 for 90232 not found
MT  3 20 for 90232 not found
Create input file for pfns for k= 10 and energy number 39 (out of 50)
MT3 for 90232 not found
MT  3 19 for 90232 not found
MT3 for 90232 not found
MT  3 20 for 90232 not found
Create input file for pfns for k= 11 and energy number 39 (out of 50)
MT3 for 90232 not found
MT  3 19 for 90232 not found
MT3 for 90232 not found
MT  3 20 for 90232 not found
Create input file for pfns for k= 12 and energy number 39 (out of 50)
MT3 for 90232 not found
MT  3 19 for 90232 not found
MT3 for 90232 not found
MT  3 20 for 90232 not found
Create input file for pfns for k= 13 and energy number 39 (out of 50)
MT3 for 90232 not found
MT  3 19 for 90232 not found
MT3 for 90232 not found
MT  3 20 for 90232 not found
Create input file for pfns for k= 14 and energy number 39 (out of 50)
MT3 for 90232 not found
MT  3 19 for 90232 not found
MT3 for 90232 not found
MT  3 20 for 90232 not found
Create input file for pfns for k= 15 and energy number 39 (out of 50)
MT3 for 90232 not found
MT  3 19 for 90232 not found
MT3 for 90232 not found
MT  3 20 for 90232 not found
Create input file for pfns for k= 16 and energy number 39 (out of 50)
MT3 for 90232 not found
MT  3 19 for 90232 not found
MT3 for 90232 not found
MT  3 20 for 90232 not found
Create input file for pfns for k= 17 and energy number 39 (out of 50)
MT3 for 90232 not found
MT  3 19 for 90232 not found
MT3 for 90232 not found
MT  3 20 for 90232 not found
Create input file for pfns for k= 18 and energy number 39 (out of 50)
MT3 for 90232 not found
MT  3 19 for 90232 not found
MT3 for 90232 not found
MT  3 20 for 90232 not found
Create input file for pfns for k= 19 and energy number 39 (out of 50)
MT3 for 90232 not found
MT  3 19 for 90232 not found
MT3 for 90232 not found
MT  3 20 for 90232 not found
Create input file for pfns for k= 20 and energy number 39 (out of 50)
MT3 for 90232 not found
MT  3 19 for 90232 not found
MT3 for 90232 not found
MT  3 20 for 90232 not found
Create input file for pfns for k= 21 and energy number 39 (out of 50)
MT3 for 90232 not found
MT  3 19 for 90232 not found
MT3 for 90232 not found
MT  3 20 for 90232 not found
Create input file for pfns for k= 22 and energy number 39 (out of 50)
MT3 for 90232 not found
MT  3 19 for 90232 not found
MT3 for 90232 not found
MT  3 20 for 90232 not found
Create input file for pfns for k= 23 and energy number 39 (out of 50)
MT3 for 90232 not found
MT  3 19 for 90232 not found
MT3 for 90232 not found
MT  3 20 for 90232 not found
Create input file for pfns for k= 24 and energy number 39 (out of 50)
MT3 for 90232 not found
MT  3 19 for 90232 not found
MT3 for 90232 not found
MT  3 20 for 90232 not found
Create input file for pfns for k= 25 and energy number 39 (out of 50)
MT3 for 90232 not found
MT  3 19 for 90232 not found
MT3 for 90232 not found
MT  3 20 for 90232 not found
Create input file for pfns for k= 26 and energy number 39 (out of 50)
MT3 for 90232 not found
MT  3 19 for 90232 not found
MT3 for 90232 not found
MT  3 20 for 90232 not found
Create input file for pfns for k= 27 and energy number 39 (out of 50)
MT3 for 90232 not found
MT  3 19 for 90232 not found
MT3 for 90232 not found
MT  3 20 for 90232 not found
Create input file for pfns for k= 28 and energy number 39 (out of 50)
MT3 for 90232 not found
MT  3 19 for 90232 not found
MT3 for 90232 not found
MT  3 20 for 90232 not found
Create input file for pfns for k= 29 and energy number 39 (out of 50)
MT3 for 90232 not found
MT  3 19 for 90232 not found
MT3 for 90232 not found
MT  3 20 for 90232 not found
Create input file for pfns for k= 30 and energy number 39 (out of 50)
MT3 for 90232 not found
MT  3 19 for 90232 not found
MT3 for 90232 not found
MT  3 20 for 90232 not found
Create input file for pfns for k= 31 and energy number 39 (out of 50)
MT3 for 90232 not found
MT  3 19 for 90232 not found
MT3 for 90232 not found
MT  3 20 for 90232 not found
Create input file for pfns for k= 32 and energy number 39 (out of 50)
MT3 for 90232 not found
MT  3 19 for 90232 not found
MT3 for 90232 not found
MT  3 20 for 90232 not found
Create input file for pfns for k= 33 and energy number 39 (out of 50)
MT3 for 90232 not found
MT  3 19 for 90232 not found
MT3 for 90232 not found
MT  3 20 for 90232 not found
Create input file for pfns for k= 34 and energy number 39 (out of 50)
MT3 for 90232 not found
MT  3 19 for 90232 not found
MT3 for 90232 not found
MT  3 20 for 90232 not found
Create input file for pfns for k= 35 and energy number 39 (out of 50)
MT3 for 90232 not found
MT  3 19 for 90232 not found
MT3 for 90232 not found
MT  3 20 for 90232 not found
Create input file for pfns for k= 36 and energy number 39 (out of 50)
MT3 for 90232 not found
MT  3 19 for 90232 not found
MT3 for 90232 not found
MT  3 20 for 90232 not found
Create input file for pfns for k= 37 and energy number 39 (out of 50)
MT3 for 90232 not found
MT  3 19 for 90232 not found
MT3 for 90232 not found
MT  3 20 for 90232 not found
Create input file for pfns for k= 38 and energy number 39 (out of 50)
MT3 for 90232 not found
MT  3 19 for 90232 not found
MT3 for 90232 not found
MT  3 20 for 90232 not found
Create input file for pfns for k= 39 and energy number 39 (out of 50)
MT3 for 90232 not found
MT  3 19 for 90232 not found
MT3 for 90232 not found
MT  3 20 for 90232 not found
Create input file for pfns for k= 40 and energy number 39 (out of 50)
MT3 for 90232 not found
MT  3 19 for 90232 not found
MT3 for 90232 not found
MT  3 20 for 90232 not found
Create input file for pfns for k= 41 and energy number 39 (out of 50)
MT3 for 90232 not found
MT  3 19 for 90232 not found
MT3 for 90232 not found
MT  3 20 for 90232 not found
Create input file for pfns for k= 42 and energy number 39 (out of 50)
MT3 for 90232 not found
MT  3 19 for 90232 not found
MT3 for 90232 not found
MT  3 20 for 90232 not found
Create input file for pfns for k= 43 and energy number 39 (out of 50)
MT3 for 90232 not found
MT  3 19 for 90232 not found
MT3 for 90232 not found
MT  3 20 for 90232 not found
Create input file for pfns for k= 44 and energy number 39 (out of 50)
MT3 for 90232 not found
MT  3 19 for 90232 not found
MT3 for 90232 not found
MT  3 20 for 90232 not found
Create input file for pfns for k= 45 and energy number 39 (out of 50)
MT3 for 90232 not found
MT  3 19 for 90232 not found
MT3 for 90232 not found
MT  3 20 for 90232 not found
Create input file for pfns for k= 46 and energy number 39 (out of 50)
MT3 for 90232 not found
MT  3 19 for 90232 not found
MT3 for 90232 not found
MT  3 20 for 90232 not found
Create input file for pfns for k= 47 and energy number 39 (out of 50)
MT3 for 90232 not found
MT  3 19 for 90232 not found
MT3 for 90232 not found
MT  3 20 for 90232 not found
Create input file for pfns for k= 48 and energy number 39 (out of 50)
MT3 for 90232 not found
MT  3 19 for 90232 not found
MT3 for 90232 not found
MT  3 20 for 90232 not found
Create input file for pfns for k= 49 and energy number 39 (out of 50)
MT3 for 90232 not found
MT  3 19 for 90232 not found
MT3 for 90232 not found
MT  3 20 for 90232 not found
Create input file for pfns for k= 50 and energy number 39 (out of 50)
MT3 for 90232 not found
MT  3 19 for 90232 not found
MT3 for 90232 not found
MT  3 20 for 90232 not found
Create input file for pfns for k= 51 and energy number 39 (out of 50)
MT3 for 90232 not found
MT  3 19 for 90232 not found
MT3 for 90232 not found
MT  3 20 for 90232 not found
Create input file for pfns for k= 52 and energy number 39 (out of 50)
MT3 for 90232 not found
MT  3 19 for 90232 not found
MT3 for 90232 not found
MT  3 20 for 90232 not found
Create input file for pfns for k= 53 and energy number 39 (out of 50)
MT3 for 90232 not found
MT  3 19 for 90232 not found
MT3 for 90232 not found
MT  3 20 for 90232 not found
Create input file for pfns for k= 54 and energy number 39 (out of 50)
MT3 for 90232 not found
MT  3 19 for 90232 not found
MT3 for 90232 not found
MT  3 20 for 90232 not found
Create input file for pfns for k= 55 and energy number 39 (out of 50)
MT3 for 90232 not found
MT  3 19 for 90232 not found
MT3 for 90232 not found
MT  3 20 for 90232 not found
Create input file for pfns for k= 56 and energy number 39 (out of 50)
MT3 for 90232 not found
MT  3 19 for 90232 not found
MT3 for 90232 not found
MT  3 20 for 90232 not found
Create input file for pfns for k= 57 and energy number 39 (out of 50)
MT3 for 90232 not found
MT  3 19 for 90232 not found
MT3 for 90232 not found
MT  3 20 for 90232 not found
Create input file for pfns for k= 58 and energy number 39 (out of 50)
MT3 for 90232 not found
MT  3 19 for 90232 not found
MT3 for 90232 not found
MT  3 20 for 90232 not found
Create input file for pfns for k= 59 and energy number 39 (out of 50)
MT3 for 90232 not found
MT  3 19 for 90232 not found
MT3 for 90232 not found
MT  3 20 for 90232 not found
Create input file for pfns for k= 60 and energy number 39 (out of 50)
MT3 for 90232 not found
MT  3 19 for 90232 not found
MT3 for 90232 not found
MT  3 20 for 90232 not found
Create input file for pfns for k= 61 and energy number 39 (out of 50)
MT3 for 90232 not found
MT  3 19 for 90232 not found
MT3 for 90232 not found
MT  3 20 for 90232 not found
Create input file for pfns for k= 62 and energy number 39 (out of 50)
MT3 for 90232 not found
MT  3 19 for 90232 not found
MT3 for 90232 not found
MT  3 20 for 90232 not found
Create input file for pfns for k= 63 and energy number 39 (out of 50)
MT3 for 90232 not found
MT  3 19 for 90232 not found
MT3 for 90232 not found
MT  3 20 for 90232 not found
Create input file for pfns for k= 64 and energy number 39 (out of 50)
MT3 for 90232 not found
MT  3 19 for 90232 not found
MT3 for 90232 not found
MT  3 20 for 90232 not found
Create input file for pfns for k= 65 and energy number 39 (out of 50)
MT3 for 90232 not found
MT  3 19 for 90232 not found
MT3 for 90232 not found
MT  3 20 for 90232 not found
Create input file for pfns for k= 66 and energy number 39 (out of 50)
MT3 for 90232 not found
MT  3 19 for 90232 not found
MT3 for 90232 not found
MT  3 20 for 90232 not found
Create input file for pfns for k= 67 and energy number 39 (out of 50)
MT3 for 90232 not found
MT  3 19 for 90232 not found
MT3 for 90232 not found
MT  3 20 for 90232 not found
Create input file for pfns for k= 68 and energy number 39 (out of 50)
MT3 for 90232 not found
MT  3 19 for 90232 not found
MT3 for 90232 not found
MT  3 20 for 90232 not found
Create input file for pfns for k= 69 and energy number 39 (out of 50)
MT3 for 90232 not found
MT  3 19 for 90232 not found
MT3 for 90232 not found
MT  3 20 for 90232 not found
Create input file for pfns for k= 70 and energy number 39 (out of 50)
MT3 for 90232 not found
MT  3 19 for 90232 not found
MT3 for 90232 not found
MT  3 20 for 90232 not found
Create input file for pfns for k= 71 and energy number 39 (out of 50)
MT3 for 90232 not found
MT  3 19 for 90232 not found
MT3 for 90232 not found
MT  3 20 for 90232 not found
Create input file for pfns for k= 72 and energy number 39 (out of 50)
MT3 for 90232 not found
MT  3 19 for 90232 not found
MT3 for 90232 not found
MT  3 20 for 90232 not found
Create input file for pfns for k= 73 and energy number 39 (out of 50)
MT3 for 90232 not found
MT  3 19 for 90232 not found
MT3 for 90232 not found
MT  3 20 for 90232 not found
Create input file for pfns for k= 74 and energy number 39 (out of 50)
MT3 for 90232 not found
MT  3 19 for 90232 not found
MT3 for 90232 not found
MT  3 20 for 90232 not found
Create input file for pfns for k= 75 and energy number 39 (out of 50)
MT3 for 90232 not found
MT  3 19 for 90232 not found
MT3 for 90232 not found
MT  3 20 for 90232 not found
Create input file for pfns for k= 76 and energy number 39 (out of 50)
MT3 for 90232 not found
MT  3 19 for 90232 not found
MT3 for 90232 not found
MT  3 20 for 90232 not found
Create input file for pfns for k= 77 and energy number 39 (out of 50)
MT3 for 90232 not found
MT  3 19 for 90232 not found
MT3 for 90232 not found
MT  3 20 for 90232 not found
Create input file for pfns for k= 78 and energy number 39 (out of 50)
MT3 for 90232 not found
MT  3 19 for 90232 not found
MT3 for 90232 not found
MT  3 20 for 90232 not found
Create input file for pfns for k= 79 and energy number 39 (out of 50)
MT3 for 90232 not found
MT  3 19 for 90232 not found
MT3 for 90232 not found
MT  3 20 for 90232 not found
Create input file for pfns for k= 80 and energy number 39 (out of 50)
MT3 for 90232 not found
MT  3 19 for 90232 not found
MT3 for 90232 not found
MT  3 20 for 90232 not found
Create input file for pfns for k= 81 and energy number 39 (out of 50)
MT3 for 90232 not found
MT  3 19 for 90232 not found
MT3 for 90232 not found
MT  3 20 for 90232 not found
Create input file for pfns for k= 82 and energy number 39 (out of 50)
MT3 for 90232 not found
MT  3 19 for 90232 not found
MT3 for 90232 not found
MT  3 20 for 90232 not found
Create input file for pfns for k= 83 and energy number 39 (out of 50)
MT3 for 90232 not found
MT  3 19 for 90232 not found
MT3 for 90232 not found
MT  3 20 for 90232 not found
Create input file for pfns for k= 84 and energy number 39 (out of 50)
MT3 for 90232 not found
MT  3 19 for 90232 not found
MT3 for 90232 not found
MT  3 20 for 90232 not found
Create input file for pfns for k= 85 and energy number 39 (out of 50)
MT3 for 90232 not found
MT  3 19 for 90232 not found
MT3 for 90232 not found
MT  3 20 for 90232 not found
Create input file for pfns for k= 86 and energy number 39 (out of 50)
MT3 for 90232 not found
MT  3 19 for 90232 not found
MT3 for 90232 not found
MT  3 20 for 90232 not found
Create input file for pfns for k= 87 and energy number 39 (out of 50)
MT3 for 90232 not found
MT  3 19 for 90232 not found
MT3 for 90232 not found
MT  3 20 for 90232 not found
Create input file for pfns for k= 88 and energy number 39 (out of 50)
MT3 for 90232 not found
MT  3 19 for 90232 not found
MT3 for 90232 not found
MT  3 20 for 90232 not found
Create input file for pfns for k= 89 and energy number 39 (out of 50)
MT3 for 90232 not found
MT  3 19 for 90232 not found
MT3 for 90232 not found
MT  3 20 for 90232 not found
Create input file for pfns for k= 90 and energy number 39 (out of 50)
MT3 for 90232 not found
MT  3 19 for 90232 not found
MT3 for 90232 not found
MT  3 20 for 90232 not found
Create input file for pfns for k= 91 and energy number 39 (out of 50)
MT3 for 90232 not found
MT  3 19 for 90232 not found
MT3 for 90232 not found
MT  3 20 for 90232 not found
Create input file for pfns for k= 92 and energy number 39 (out of 50)
MT3 for 90232 not found
MT  3 19 for 90232 not found
MT3 for 90232 not found
MT  3 20 for 90232 not found
Create input file for pfns for k= 93 and energy number 39 (out of 50)
MT3 for 90232 not found
MT  3 19 for 90232 not found
MT3 for 90232 not found
MT  3 20 for 90232 not found
Create input file for pfns for k= 94 and energy number 39 (out of 50)
MT3 for 90232 not found
MT  3 19 for 90232 not found
MT3 for 90232 not found
MT  3 20 for 90232 not found
Create input file for pfns for k= 95 and energy number 39 (out of 50)
MT3 for 90232 not found
MT  3 19 for 90232 not found
MT3 for 90232 not found
MT  3 20 for 90232 not found
Create input file for pfns for k= 96 and energy number 39 (out of 50)
MT3 for 90232 not found
MT  3 19 for 90232 not found
MT3 for 90232 not found
MT  3 20 for 90232 not found
Create input file for pfns for k= 97 and energy number 39 (out of 50)
MT3 for 90232 not found
MT  3 19 for 90232 not found
MT3 for 90232 not found
MT  3 20 for 90232 not found
Create input file for pfns for k= 98 and energy number 39 (out of 50)
MT3 for 90232 not found
MT  3 19 for 90232 not found
MT3 for 90232 not found
MT  3 20 for 90232 not found
Create input file for pfns for k= 99 and energy number 39 (out of 50)
MT3 for 90232 not found
MT  3 19 for 90232 not found
MT3 for 90232 not found
MT  3 20 for 90232 not found
Create input file for pfns for k= 100 and energy number 39 (out of 50)
MT3 for 90232 not found
MT  3 19 for 90232 not found
MT3 for 90232 not found
MT  3 20 for 90232 not found
Create input file for pfns for k= 0 and energy number 40 (out of 50)
MT3 for 90232 not found
MT  3 19 for 90232 not found
MT3 for 90232 not found
MT  3 20 for 90232 not found
Create input file for pfns for k= 1 and energy number 40 (out of 50)
MT3 for 90232 not found
MT  3 19 for 90232 not found
MT3 for 90232 not found
MT  3 20 for 90232 not found
Create input file for pfns for k= 2 and energy number 40 (out of 50)
MT3 for 90232 not found
MT  3 19 for 90232 not found
MT3 for 90232 not found
MT  3 20 for 90232 not found
Create input file for pfns for k= 3 and energy number 40 (out of 50)
MT3 for 90232 not found
MT  3 19 for 90232 not found
MT3 for 90232 not found
MT  3 20 for 90232 not found
Create input file for pfns for k= 4 and energy number 40 (out of 50)
MT3 for 90232 not found
MT  3 19 for 90232 not found
MT3 for 90232 not found
MT  3 20 for 90232 not found
Create input file for pfns for k= 5 and energy number 40 (out of 50)
MT3 for 90232 not found
MT  3 19 for 90232 not found
MT3 for 90232 not found
MT  3 20 for 90232 not found
Create input file for pfns for k= 6 and energy number 40 (out of 50)
MT3 for 90232 not found
MT  3 19 for 90232 not found
MT3 for 90232 not found
MT  3 20 for 90232 not found
Create input file for pfns for k= 7 and energy number 40 (out of 50)
MT3 for 90232 not found
MT  3 19 for 90232 not found
MT3 for 90232 not found
MT  3 20 for 90232 not found
Create input file for pfns for k= 8 and energy number 40 (out of 50)
MT3 for 90232 not found
MT  3 19 for 90232 not found
MT3 for 90232 not found
MT  3 20 for 90232 not found
Create input file for pfns for k= 9 and energy number 40 (out of 50)
MT3 for 90232 not found
MT  3 19 for 90232 not found
MT3 for 90232 not found
MT  3 20 for 90232 not found
Create input file for pfns for k= 10 and energy number 40 (out of 50)
MT3 for 90232 not found
MT  3 19 for 90232 not found
MT3 for 90232 not found
MT  3 20 for 90232 not found
Create input file for pfns for k= 11 and energy number 40 (out of 50)
MT3 for 90232 not found
MT  3 19 for 90232 not found
MT3 for 90232 not found
MT  3 20 for 90232 not found
Create input file for pfns for k= 12 and energy number 40 (out of 50)
MT3 for 90232 not found
MT  3 19 for 90232 not found
MT3 for 90232 not found
MT  3 20 for 90232 not found
Create input file for pfns for k= 13 and energy number 40 (out of 50)
MT3 for 90232 not found
MT  3 19 for 90232 not found
MT3 for 90232 not found
MT  3 20 for 90232 not found
Create input file for pfns for k= 14 and energy number 40 (out of 50)
MT3 for 90232 not found
MT  3 19 for 90232 not found
MT3 for 90232 not found
MT  3 20 for 90232 not found
Create input file for pfns for k= 15 and energy number 40 (out of 50)
MT3 for 90232 not found
MT  3 19 for 90232 not found
MT3 for 90232 not found
MT  3 20 for 90232 not found
Create input file for pfns for k= 16 and energy number 40 (out of 50)
MT3 for 90232 not found
MT  3 19 for 90232 not found
MT3 for 90232 not found
MT  3 20 for 90232 not found
Create input file for pfns for k= 17 and energy number 40 (out of 50)
MT3 for 90232 not found
MT  3 19 for 90232 not found
MT3 for 90232 not found
MT  3 20 for 90232 not found
Create input file for pfns for k= 18 and energy number 40 (out of 50)
MT3 for 90232 not found
MT  3 19 for 90232 not found
MT3 for 90232 not found
MT  3 20 for 90232 not found
Create input file for pfns for k= 19 and energy number 40 (out of 50)
MT3 for 90232 not found
MT  3 19 for 90232 not found
MT3 for 90232 not found
MT  3 20 for 90232 not found
Create input file for pfns for k= 20 and energy number 40 (out of 50)
MT3 for 90232 not found
MT  3 19 for 90232 not found
MT3 for 90232 not found
MT  3 20 for 90232 not found
Create input file for pfns for k= 21 and energy number 40 (out of 50)
MT3 for 90232 not found
MT  3 19 for 90232 not found
MT3 for 90232 not found
MT  3 20 for 90232 not found
Create input file for pfns for k= 22 and energy number 40 (out of 50)
MT3 for 90232 not found
MT  3 19 for 90232 not found
MT3 for 90232 not found
MT  3 20 for 90232 not found
Create input file for pfns for k= 23 and energy number 40 (out of 50)
MT3 for 90232 not found
MT  3 19 for 90232 not found
MT3 for 90232 not found
MT  3 20 for 90232 not found
Create input file for pfns for k= 24 and energy number 40 (out of 50)
MT3 for 90232 not found
MT  3 19 for 90232 not found
MT3 for 90232 not found
MT  3 20 for 90232 not found
Create input file for pfns for k= 25 and energy number 40 (out of 50)
MT3 for 90232 not found
MT  3 19 for 90232 not found
MT3 for 90232 not found
MT  3 20 for 90232 not found
Create input file for pfns for k= 26 and energy number 40 (out of 50)
MT3 for 90232 not found
MT  3 19 for 90232 not found
MT3 for 90232 not found
MT  3 20 for 90232 not found
Create input file for pfns for k= 27 and energy number 40 (out of 50)
MT3 for 90232 not found
MT  3 19 for 90232 not found
MT3 for 90232 not found
MT  3 20 for 90232 not found
Create input file for pfns for k= 28 and energy number 40 (out of 50)
MT3 for 90232 not found
MT  3 19 for 90232 not found
MT3 for 90232 not found
MT  3 20 for 90232 not found
Create input file for pfns for k= 29 and energy number 40 (out of 50)
MT3 for 90232 not found
MT  3 19 for 90232 not found
MT3 for 90232 not found
MT  3 20 for 90232 not found
Create input file for pfns for k= 30 and energy number 40 (out of 50)
MT3 for 90232 not found
MT  3 19 for 90232 not found
MT3 for 90232 not found
MT  3 20 for 90232 not found
Create input file for pfns for k= 31 and energy number 40 (out of 50)
MT3 for 90232 not found
MT  3 19 for 90232 not found
MT3 for 90232 not found
MT  3 20 for 90232 not found
Create input file for pfns for k= 32 and energy number 40 (out of 50)
MT3 for 90232 not found
MT  3 19 for 90232 not found
MT3 for 90232 not found
MT  3 20 for 90232 not found
Create input file for pfns for k= 33 and energy number 40 (out of 50)
MT3 for 90232 not found
MT  3 19 for 90232 not found
MT3 for 90232 not found
MT  3 20 for 90232 not found
Create input file for pfns for k= 34 and energy number 40 (out of 50)
MT3 for 90232 not found
MT  3 19 for 90232 not found
MT3 for 90232 not found
MT  3 20 for 90232 not found
Create input file for pfns for k= 35 and energy number 40 (out of 50)
MT3 for 90232 not found
MT  3 19 for 90232 not found
MT3 for 90232 not found
MT  3 20 for 90232 not found
Create input file for pfns for k= 36 and energy number 40 (out of 50)
MT3 for 90232 not found
MT  3 19 for 90232 not found
MT3 for 90232 not found
MT  3 20 for 90232 not found
Create input file for pfns for k= 37 and energy number 40 (out of 50)
MT3 for 90232 not found
MT  3 19 for 90232 not found
MT3 for 90232 not found
MT  3 20 for 90232 not found
Create input file for pfns for k= 38 and energy number 40 (out of 50)
MT3 for 90232 not found
MT  3 19 for 90232 not found
MT3 for 90232 not found
MT  3 20 for 90232 not found
Create input file for pfns for k= 39 and energy number 40 (out of 50)
MT3 for 90232 not found
MT  3 19 for 90232 not found
MT3 for 90232 not found
MT  3 20 for 90232 not found
Create input file for pfns for k= 40 and energy number 40 (out of 50)
MT3 for 90232 not found
MT  3 19 for 90232 not found
MT3 for 90232 not found
MT  3 20 for 90232 not found
Create input file for pfns for k= 41 and energy number 40 (out of 50)
MT3 for 90232 not found
MT  3 19 for 90232 not found
MT3 for 90232 not found
MT  3 20 for 90232 not found
Create input file for pfns for k= 42 and energy number 40 (out of 50)
MT3 for 90232 not found
MT  3 19 for 90232 not found
MT3 for 90232 not found
MT  3 20 for 90232 not found
Create input file for pfns for k= 43 and energy number 40 (out of 50)
MT3 for 90232 not found
MT  3 19 for 90232 not found
MT3 for 90232 not found
MT  3 20 for 90232 not found
Create input file for pfns for k= 44 and energy number 40 (out of 50)
MT3 for 90232 not found
MT  3 19 for 90232 not found
MT3 for 90232 not found
MT  3 20 for 90232 not found
Create input file for pfns for k= 45 and energy number 40 (out of 50)
MT3 for 90232 not found
MT  3 19 for 90232 not found
MT3 for 90232 not found
MT  3 20 for 90232 not found
Create input file for pfns for k= 46 and energy number 40 (out of 50)
MT3 for 90232 not found
MT  3 19 for 90232 not found
MT3 for 90232 not found
MT  3 20 for 90232 not found
Create input file for pfns for k= 47 and energy number 40 (out of 50)
MT3 for 90232 not found
MT  3 19 for 90232 not found
MT3 for 90232 not found
MT  3 20 for 90232 not found
Create input file for pfns for k= 48 and energy number 40 (out of 50)
MT3 for 90232 not found
MT  3 19 for 90232 not found
MT3 for 90232 not found
MT  3 20 for 90232 not found
Create input file for pfns for k= 49 and energy number 40 (out of 50)
MT3 for 90232 not found
MT  3 19 for 90232 not found
MT3 for 90232 not found
MT  3 20 for 90232 not found
Create input file for pfns for k= 50 and energy number 40 (out of 50)
MT3 for 90232 not found
MT  3 19 for 90232 not found
MT3 for 90232 not found
MT  3 20 for 90232 not found
Create input file for pfns for k= 51 and energy number 40 (out of 50)
MT3 for 90232 not found
MT  3 19 for 90232 not found
MT3 for 90232 not found
MT  3 20 for 90232 not found
Create input file for pfns for k= 52 and energy number 40 (out of 50)
MT3 for 90232 not found
MT  3 19 for 90232 not found
MT3 for 90232 not found
MT  3 20 for 90232 not found
Create input file for pfns for k= 53 and energy number 40 (out of 50)
MT3 for 90232 not found
MT  3 19 for 90232 not found
MT3 for 90232 not found
MT  3 20 for 90232 not found
Create input file for pfns for k= 54 and energy number 40 (out of 50)
MT3 for 90232 not found
MT  3 19 for 90232 not found
MT3 for 90232 not found
MT  3 20 for 90232 not found
Create input file for pfns for k= 55 and energy number 40 (out of 50)
MT3 for 90232 not found
MT  3 19 for 90232 not found
MT3 for 90232 not found
MT  3 20 for 90232 not found
Create input file for pfns for k= 56 and energy number 40 (out of 50)
MT3 for 90232 not found
MT  3 19 for 90232 not found
MT3 for 90232 not found
MT  3 20 for 90232 not found
Create input file for pfns for k= 57 and energy number 40 (out of 50)
MT3 for 90232 not found
MT  3 19 for 90232 not found
MT3 for 90232 not found
MT  3 20 for 90232 not found
Create input file for pfns for k= 58 and energy number 40 (out of 50)
MT3 for 90232 not found
MT  3 19 for 90232 not found
MT3 for 90232 not found
MT  3 20 for 90232 not found
Create input file for pfns for k= 59 and energy number 40 (out of 50)
MT3 for 90232 not found
MT  3 19 for 90232 not found
MT3 for 90232 not found
MT  3 20 for 90232 not found
Create input file for pfns for k= 60 and energy number 40 (out of 50)
MT3 for 90232 not found
MT  3 19 for 90232 not found
MT3 for 90232 not found
MT  3 20 for 90232 not found
Create input file for pfns for k= 61 and energy number 40 (out of 50)
MT3 for 90232 not found
MT  3 19 for 90232 not found
MT3 for 90232 not found
MT  3 20 for 90232 not found
Create input file for pfns for k= 62 and energy number 40 (out of 50)
MT3 for 90232 not found
MT  3 19 for 90232 not found
MT3 for 90232 not found
MT  3 20 for 90232 not found
Create input file for pfns for k= 63 and energy number 40 (out of 50)
MT3 for 90232 not found
MT  3 19 for 90232 not found
MT3 for 90232 not found
MT  3 20 for 90232 not found
Create input file for pfns for k= 64 and energy number 40 (out of 50)
MT3 for 90232 not found
MT  3 19 for 90232 not found
MT3 for 90232 not found
MT  3 20 for 90232 not found
Create input file for pfns for k= 65 and energy number 40 (out of 50)
MT3 for 90232 not found
MT  3 19 for 90232 not found
MT3 for 90232 not found
MT  3 20 for 90232 not found
Create input file for pfns for k= 66 and energy number 40 (out of 50)
MT3 for 90232 not found
MT  3 19 for 90232 not found
MT3 for 90232 not found
MT  3 20 for 90232 not found
Create input file for pfns for k= 67 and energy number 40 (out of 50)
MT3 for 90232 not found
MT  3 19 for 90232 not found
MT3 for 90232 not found
MT  3 20 for 90232 not found
Create input file for pfns for k= 68 and energy number 40 (out of 50)
MT3 for 90232 not found
MT  3 19 for 90232 not found
MT3 for 90232 not found
MT  3 20 for 90232 not found
Create input file for pfns for k= 69 and energy number 40 (out of 50)
MT3 for 90232 not found
MT  3 19 for 90232 not found
MT3 for 90232 not found
MT  3 20 for 90232 not found
Create input file for pfns for k= 70 and energy number 40 (out of 50)
MT3 for 90232 not found
MT  3 19 for 90232 not found
MT3 for 90232 not found
MT  3 20 for 90232 not found
Create input file for pfns for k= 71 and energy number 40 (out of 50)
MT3 for 90232 not found
MT  3 19 for 90232 not found
MT3 for 90232 not found
MT  3 20 for 90232 not found
Create input file for pfns for k= 72 and energy number 40 (out of 50)
MT3 for 90232 not found
MT  3 19 for 90232 not found
MT3 for 90232 not found
MT  3 20 for 90232 not found
Create input file for pfns for k= 73 and energy number 40 (out of 50)
MT3 for 90232 not found
MT  3 19 for 90232 not found
MT3 for 90232 not found
MT  3 20 for 90232 not found
Create input file for pfns for k= 74 and energy number 40 (out of 50)
MT3 for 90232 not found
MT  3 19 for 90232 not found
MT3 for 90232 not found
MT  3 20 for 90232 not found
Create input file for pfns for k= 75 and energy number 40 (out of 50)
MT3 for 90232 not found
MT  3 19 for 90232 not found
MT3 for 90232 not found
MT  3 20 for 90232 not found
Create input file for pfns for k= 76 and energy number 40 (out of 50)
MT3 for 90232 not found
MT  3 19 for 90232 not found
MT3 for 90232 not found
MT  3 20 for 90232 not found
Create input file for pfns for k= 77 and energy number 40 (out of 50)
MT3 for 90232 not found
MT  3 19 for 90232 not found
MT3 for 90232 not found
MT  3 20 for 90232 not found
Create input file for pfns for k= 78 and energy number 40 (out of 50)
MT3 for 90232 not found
MT  3 19 for 90232 not found
MT3 for 90232 not found
MT  3 20 for 90232 not found
Create input file for pfns for k= 79 and energy number 40 (out of 50)
MT3 for 90232 not found
MT  3 19 for 90232 not found
MT3 for 90232 not found
MT  3 20 for 90232 not found
Create input file for pfns for k= 80 and energy number 40 (out of 50)
MT3 for 90232 not found
MT  3 19 for 90232 not found
MT3 for 90232 not found
MT  3 20 for 90232 not found
Create input file for pfns for k= 81 and energy number 40 (out of 50)
MT3 for 90232 not found
MT  3 19 for 90232 not found
MT3 for 90232 not found
MT  3 20 for 90232 not found
Create input file for pfns for k= 82 and energy number 40 (out of 50)
MT3 for 90232 not found
MT  3 19 for 90232 not found
MT3 for 90232 not found
MT  3 20 for 90232 not found
Create input file for pfns for k= 83 and energy number 40 (out of 50)
MT3 for 90232 not found
MT  3 19 for 90232 not found
MT3 for 90232 not found
MT  3 20 for 90232 not found
Create input file for pfns for k= 84 and energy number 40 (out of 50)
MT3 for 90232 not found
MT  3 19 for 90232 not found
MT3 for 90232 not found
MT  3 20 for 90232 not found
Create input file for pfns for k= 85 and energy number 40 (out of 50)
MT3 for 90232 not found
MT  3 19 for 90232 not found
MT3 for 90232 not found
MT  3 20 for 90232 not found
Create input file for pfns for k= 86 and energy number 40 (out of 50)
MT3 for 90232 not found
MT  3 19 for 90232 not found
MT3 for 90232 not found
MT  3 20 for 90232 not found
Create input file for pfns for k= 87 and energy number 40 (out of 50)
MT3 for 90232 not found
MT  3 19 for 90232 not found
MT3 for 90232 not found
MT  3 20 for 90232 not found
Create input file for pfns for k= 88 and energy number 40 (out of 50)
MT3 for 90232 not found
MT  3 19 for 90232 not found
MT3 for 90232 not found
MT  3 20 for 90232 not found
Create input file for pfns for k= 89 and energy number 40 (out of 50)
MT3 for 90232 not found
MT  3 19 for 90232 not found
MT3 for 90232 not found
MT  3 20 for 90232 not found
Create input file for pfns for k= 90 and energy number 40 (out of 50)
MT3 for 90232 not found
MT  3 19 for 90232 not found
MT3 for 90232 not found
MT  3 20 for 90232 not found
Create input file for pfns for k= 91 and energy number 40 (out of 50)
MT3 for 90232 not found
MT  3 19 for 90232 not found
MT3 for 90232 not found
MT  3 20 for 90232 not found
Create input file for pfns for k= 92 and energy number 40 (out of 50)
MT3 for 90232 not found
MT  3 19 for 90232 not found
MT3 for 90232 not found
MT  3 20 for 90232 not found
Create input file for pfns for k= 93 and energy number 40 (out of 50)
MT3 for 90232 not found
MT  3 19 for 90232 not found
MT3 for 90232 not found
MT  3 20 for 90232 not found
Create input file for pfns for k= 94 and energy number 40 (out of 50)
MT3 for 90232 not found
MT  3 19 for 90232 not found
MT3 for 90232 not found
MT  3 20 for 90232 not found
Create input file for pfns for k= 95 and energy number 40 (out of 50)
MT3 for 90232 not found
MT  3 19 for 90232 not found
MT3 for 90232 not found
MT  3 20 for 90232 not found
Create input file for pfns for k= 96 and energy number 40 (out of 50)
MT3 for 90232 not found
MT  3 19 for 90232 not found
MT3 for 90232 not found
MT  3 20 for 90232 not found
Create input file for pfns for k= 97 and energy number 40 (out of 50)
MT3 for 90232 not found
MT  3 19 for 90232 not found
MT3 for 90232 not found
MT  3 20 for 90232 not found
Create input file for pfns for k= 98 and energy number 40 (out of 50)
MT3 for 90232 not found
MT  3 19 for 90232 not found
MT3 for 90232 not found
MT  3 20 for 90232 not found
Create input file for pfns for k= 99 and energy number 40 (out of 50)
MT3 for 90232 not found
MT  3 19 for 90232 not found
MT3 for 90232 not found
MT  3 20 for 90232 not found
Create input file for pfns for k= 100 and energy number 40 (out of 50)
MT3 for 90232 not found
MT  3 19 for 90232 not found
MT3 for 90232 not found
MT  3 20 for 90232 not found
Create input file for pfns for k= 0 and energy number 41 (out of 50)
MT3 for 90232 not found
MT  3 19 for 90232 not found
MT3 for 90232 not found
MT  3 20 for 90232 not found
Create input file for pfns for k= 1 and energy number 41 (out of 50)
MT3 for 90232 not found
MT  3 19 for 90232 not found
MT3 for 90232 not found
MT  3 20 for 90232 not found
Create input file for pfns for k= 2 and energy number 41 (out of 50)
MT3 for 90232 not found
MT  3 19 for 90232 not found
MT3 for 90232 not found
MT  3 20 for 90232 not found
Create input file for pfns for k= 3 and energy number 41 (out of 50)
MT3 for 90232 not found
MT  3 19 for 90232 not found
MT3 for 90232 not found
MT  3 20 for 90232 not found
Create input file for pfns for k= 4 and energy number 41 (out of 50)
MT3 for 90232 not found
MT  3 19 for 90232 not found
MT3 for 90232 not found
MT  3 20 for 90232 not found
Create input file for pfns for k= 5 and energy number 41 (out of 50)
MT3 for 90232 not found
MT  3 19 for 90232 not found
MT3 for 90232 not found
MT  3 20 for 90232 not found
Create input file for pfns for k= 6 and energy number 41 (out of 50)
MT3 for 90232 not found
MT  3 19 for 90232 not found
MT3 for 90232 not found
MT  3 20 for 90232 not found
Create input file for pfns for k= 7 and energy number 41 (out of 50)
MT3 for 90232 not found
MT  3 19 for 90232 not found
MT3 for 90232 not found
MT  3 20 for 90232 not found
Create input file for pfns for k= 8 and energy number 41 (out of 50)
MT3 for 90232 not found
MT  3 19 for 90232 not found
MT3 for 90232 not found
MT  3 20 for 90232 not found
Create input file for pfns for k= 9 and energy number 41 (out of 50)
MT3 for 90232 not found
MT  3 19 for 90232 not found
MT3 for 90232 not found
MT  3 20 for 90232 not found
Create input file for pfns for k= 10 and energy number 41 (out of 50)
MT3 for 90232 not found
MT  3 19 for 90232 not found
MT3 for 90232 not found
MT  3 20 for 90232 not found
Create input file for pfns for k= 11 and energy number 41 (out of 50)
MT3 for 90232 not found
MT  3 19 for 90232 not found
MT3 for 90232 not found
MT  3 20 for 90232 not found
Create input file for pfns for k= 12 and energy number 41 (out of 50)
MT3 for 90232 not found
MT  3 19 for 90232 not found
MT3 for 90232 not found
MT  3 20 for 90232 not found
Create input file for pfns for k= 13 and energy number 41 (out of 50)
MT3 for 90232 not found
MT  3 19 for 90232 not found
MT3 for 90232 not found
MT  3 20 for 90232 not found
Create input file for pfns for k= 14 and energy number 41 (out of 50)
MT3 for 90232 not found
MT  3 19 for 90232 not found
MT3 for 90232 not found
MT  3 20 for 90232 not found
Create input file for pfns for k= 15 and energy number 41 (out of 50)
MT3 for 90232 not found
MT  3 19 for 90232 not found
MT3 for 90232 not found
MT  3 20 for 90232 not found
Create input file for pfns for k= 16 and energy number 41 (out of 50)
MT3 for 90232 not found
MT  3 19 for 90232 not found
MT3 for 90232 not found
MT  3 20 for 90232 not found
Create input file for pfns for k= 17 and energy number 41 (out of 50)
MT3 for 90232 not found
MT  3 19 for 90232 not found
MT3 for 90232 not found
MT  3 20 for 90232 not found
Create input file for pfns for k= 18 and energy number 41 (out of 50)
MT3 for 90232 not found
MT  3 19 for 90232 not found
MT3 for 90232 not found
MT  3 20 for 90232 not found
Create input file for pfns for k= 19 and energy number 41 (out of 50)
MT3 for 90232 not found
MT  3 19 for 90232 not found
MT3 for 90232 not found
MT  3 20 for 90232 not found
Create input file for pfns for k= 20 and energy number 41 (out of 50)
MT3 for 90232 not found
MT  3 19 for 90232 not found
MT3 for 90232 not found
MT  3 20 for 90232 not found
Create input file for pfns for k= 21 and energy number 41 (out of 50)
MT3 for 90232 not found
MT  3 19 for 90232 not found
MT3 for 90232 not found
MT  3 20 for 90232 not found
Create input file for pfns for k= 22 and energy number 41 (out of 50)
MT3 for 90232 not found
MT  3 19 for 90232 not found
MT3 for 90232 not found
MT  3 20 for 90232 not found
Create input file for pfns for k= 23 and energy number 41 (out of 50)
MT3 for 90232 not found
MT  3 19 for 90232 not found
MT3 for 90232 not found
MT  3 20 for 90232 not found
Create input file for pfns for k= 24 and energy number 41 (out of 50)
MT3 for 90232 not found
MT  3 19 for 90232 not found
MT3 for 90232 not found
MT  3 20 for 90232 not found
Create input file for pfns for k= 25 and energy number 41 (out of 50)
MT3 for 90232 not found
MT  3 19 for 90232 not found
MT3 for 90232 not found
MT  3 20 for 90232 not found
Create input file for pfns for k= 26 and energy number 41 (out of 50)
MT3 for 90232 not found
MT  3 19 for 90232 not found
MT3 for 90232 not found
MT  3 20 for 90232 not found
Create input file for pfns for k= 27 and energy number 41 (out of 50)
MT3 for 90232 not found
MT  3 19 for 90232 not found
MT3 for 90232 not found
MT  3 20 for 90232 not found
Create input file for pfns for k= 28 and energy number 41 (out of 50)
MT3 for 90232 not found
MT  3 19 for 90232 not found
MT3 for 90232 not found
MT  3 20 for 90232 not found
Create input file for pfns for k= 29 and energy number 41 (out of 50)
MT3 for 90232 not found
MT  3 19 for 90232 not found
MT3 for 90232 not found
MT  3 20 for 90232 not found
Create input file for pfns for k= 30 and energy number 41 (out of 50)
MT3 for 90232 not found
MT  3 19 for 90232 not found
MT3 for 90232 not found
MT  3 20 for 90232 not found
Create input file for pfns for k= 31 and energy number 41 (out of 50)
MT3 for 90232 not found
MT  3 19 for 90232 not found
MT3 for 90232 not found
MT  3 20 for 90232 not found
Create input file for pfns for k= 32 and energy number 41 (out of 50)
MT3 for 90232 not found
MT  3 19 for 90232 not found
MT3 for 90232 not found
MT  3 20 for 90232 not found
Create input file for pfns for k= 33 and energy number 41 (out of 50)
MT3 for 90232 not found
MT  3 19 for 90232 not found
MT3 for 90232 not found
MT  3 20 for 90232 not found
Create input file for pfns for k= 34 and energy number 41 (out of 50)
MT3 for 90232 not found
MT  3 19 for 90232 not found
MT3 for 90232 not found
MT  3 20 for 90232 not found
Create input file for pfns for k= 35 and energy number 41 (out of 50)
MT3 for 90232 not found
MT  3 19 for 90232 not found
MT3 for 90232 not found
MT  3 20 for 90232 not found
Create input file for pfns for k= 36 and energy number 41 (out of 50)
MT3 for 90232 not found
MT  3 19 for 90232 not found
MT3 for 90232 not found
MT  3 20 for 90232 not found
Create input file for pfns for k= 37 and energy number 41 (out of 50)
MT3 for 90232 not found
MT  3 19 for 90232 not found
MT3 for 90232 not found
MT  3 20 for 90232 not found
Create input file for pfns for k= 38 and energy number 41 (out of 50)
MT3 for 90232 not found
MT  3 19 for 90232 not found
MT3 for 90232 not found
MT  3 20 for 90232 not found
Create input file for pfns for k= 39 and energy number 41 (out of 50)
MT3 for 90232 not found
MT  3 19 for 90232 not found
MT3 for 90232 not found
MT  3 20 for 90232 not found
Create input file for pfns for k= 40 and energy number 41 (out of 50)
MT3 for 90232 not found
MT  3 19 for 90232 not found
MT3 for 90232 not found
MT  3 20 for 90232 not found
Create input file for pfns for k= 41 and energy number 41 (out of 50)
MT3 for 90232 not found
MT  3 19 for 90232 not found
MT3 for 90232 not found
MT  3 20 for 90232 not found
Create input file for pfns for k= 42 and energy number 41 (out of 50)
MT3 for 90232 not found
MT  3 19 for 90232 not found
MT3 for 90232 not found
MT  3 20 for 90232 not found
Create input file for pfns for k= 43 and energy number 41 (out of 50)
MT3 for 90232 not found
MT  3 19 for 90232 not found
MT3 for 90232 not found
MT  3 20 for 90232 not found
Create input file for pfns for k= 44 and energy number 41 (out of 50)
MT3 for 90232 not found
MT  3 19 for 90232 not found
MT3 for 90232 not found
MT  3 20 for 90232 not found
Create input file for pfns for k= 45 and energy number 41 (out of 50)
MT3 for 90232 not found
MT  3 19 for 90232 not found
MT3 for 90232 not found
MT  3 20 for 90232 not found
Create input file for pfns for k= 46 and energy number 41 (out of 50)
MT3 for 90232 not found
MT  3 19 for 90232 not found
MT3 for 90232 not found
MT  3 20 for 90232 not found
Create input file for pfns for k= 47 and energy number 41 (out of 50)
MT3 for 90232 not found
MT  3 19 for 90232 not found
MT3 for 90232 not found
MT  3 20 for 90232 not found
Create input file for pfns for k= 48 and energy number 41 (out of 50)
MT3 for 90232 not found
MT  3 19 for 90232 not found
MT3 for 90232 not found
MT  3 20 for 90232 not found
Create input file for pfns for k= 49 and energy number 41 (out of 50)
MT3 for 90232 not found
MT  3 19 for 90232 not found
MT3 for 90232 not found
MT  3 20 for 90232 not found
Create input file for pfns for k= 50 and energy number 41 (out of 50)
MT3 for 90232 not found
MT  3 19 for 90232 not found
MT3 for 90232 not found
MT  3 20 for 90232 not found
Create input file for pfns for k= 51 and energy number 41 (out of 50)
MT3 for 90232 not found
MT  3 19 for 90232 not found
MT3 for 90232 not found
MT  3 20 for 90232 not found
Create input file for pfns for k= 52 and energy number 41 (out of 50)
MT3 for 90232 not found
MT  3 19 for 90232 not found
MT3 for 90232 not found
MT  3 20 for 90232 not found
Create input file for pfns for k= 53 and energy number 41 (out of 50)
MT3 for 90232 not found
MT  3 19 for 90232 not found
MT3 for 90232 not found
MT  3 20 for 90232 not found
Create input file for pfns for k= 54 and energy number 41 (out of 50)
MT3 for 90232 not found
MT  3 19 for 90232 not found
MT3 for 90232 not found
MT  3 20 for 90232 not found
Create input file for pfns for k= 55 and energy number 41 (out of 50)
MT3 for 90232 not found
MT  3 19 for 90232 not found
MT3 for 90232 not found
MT  3 20 for 90232 not found
Create input file for pfns for k= 56 and energy number 41 (out of 50)
MT3 for 90232 not found
MT  3 19 for 90232 not found
MT3 for 90232 not found
MT  3 20 for 90232 not found
Create input file for pfns for k= 57 and energy number 41 (out of 50)
MT3 for 90232 not found
MT  3 19 for 90232 not found
MT3 for 90232 not found
MT  3 20 for 90232 not found
Create input file for pfns for k= 58 and energy number 41 (out of 50)
MT3 for 90232 not found
MT  3 19 for 90232 not found
MT3 for 90232 not found
MT  3 20 for 90232 not found
Create input file for pfns for k= 59 and energy number 41 (out of 50)
MT3 for 90232 not found
MT  3 19 for 90232 not found
MT3 for 90232 not found
MT  3 20 for 90232 not found
Create input file for pfns for k= 60 and energy number 41 (out of 50)
MT3 for 90232 not found
MT  3 19 for 90232 not found
MT3 for 90232 not found
MT  3 20 for 90232 not found
Create input file for pfns for k= 61 and energy number 41 (out of 50)
MT3 for 90232 not found
MT  3 19 for 90232 not found
MT3 for 90232 not found
MT  3 20 for 90232 not found
Create input file for pfns for k= 62 and energy number 41 (out of 50)
MT3 for 90232 not found
MT  3 19 for 90232 not found
MT3 for 90232 not found
MT  3 20 for 90232 not found
Create input file for pfns for k= 63 and energy number 41 (out of 50)
MT3 for 90232 not found
MT  3 19 for 90232 not found
MT3 for 90232 not found
MT  3 20 for 90232 not found
Create input file for pfns for k= 64 and energy number 41 (out of 50)
MT3 for 90232 not found
MT  3 19 for 90232 not found
MT3 for 90232 not found
MT  3 20 for 90232 not found
Create input file for pfns for k= 65 and energy number 41 (out of 50)
MT3 for 90232 not found
MT  3 19 for 90232 not found
MT3 for 90232 not found
MT  3 20 for 90232 not found
Create input file for pfns for k= 66 and energy number 41 (out of 50)
MT3 for 90232 not found
MT  3 19 for 90232 not found
MT3 for 90232 not found
MT  3 20 for 90232 not found
Create input file for pfns for k= 67 and energy number 41 (out of 50)
MT3 for 90232 not found
MT  3 19 for 90232 not found
MT3 for 90232 not found
MT  3 20 for 90232 not found
Create input file for pfns for k= 68 and energy number 41 (out of 50)
MT3 for 90232 not found
MT  3 19 for 90232 not found
MT3 for 90232 not found
MT  3 20 for 90232 not found
Create input file for pfns for k= 69 and energy number 41 (out of 50)
MT3 for 90232 not found
MT  3 19 for 90232 not found
MT3 for 90232 not found
MT  3 20 for 90232 not found
Create input file for pfns for k= 70 and energy number 41 (out of 50)
MT3 for 90232 not found
MT  3 19 for 90232 not found
MT3 for 90232 not found
MT  3 20 for 90232 not found
Create input file for pfns for k= 71 and energy number 41 (out of 50)
MT3 for 90232 not found
MT  3 19 for 90232 not found
MT3 for 90232 not found
MT  3 20 for 90232 not found
Create input file for pfns for k= 72 and energy number 41 (out of 50)
MT3 for 90232 not found
MT  3 19 for 90232 not found
MT3 for 90232 not found
MT  3 20 for 90232 not found
Create input file for pfns for k= 73 and energy number 41 (out of 50)
MT3 for 90232 not found
MT  3 19 for 90232 not found
MT3 for 90232 not found
MT  3 20 for 90232 not found
Create input file for pfns for k= 74 and energy number 41 (out of 50)
MT3 for 90232 not found
MT  3 19 for 90232 not found
MT3 for 90232 not found
MT  3 20 for 90232 not found
Create input file for pfns for k= 75 and energy number 41 (out of 50)
MT3 for 90232 not found
MT  3 19 for 90232 not found
MT3 for 90232 not found
MT  3 20 for 90232 not found
Create input file for pfns for k= 76 and energy number 41 (out of 50)
MT3 for 90232 not found
MT  3 19 for 90232 not found
MT3 for 90232 not found
MT  3 20 for 90232 not found
Create input file for pfns for k= 77 and energy number 41 (out of 50)
MT3 for 90232 not found
MT  3 19 for 90232 not found
MT3 for 90232 not found
MT  3 20 for 90232 not found
Create input file for pfns for k= 78 and energy number 41 (out of 50)
MT3 for 90232 not found
MT  3 19 for 90232 not found
MT3 for 90232 not found
MT  3 20 for 90232 not found
Create input file for pfns for k= 79 and energy number 41 (out of 50)
MT3 for 90232 not found
MT  3 19 for 90232 not found
MT3 for 90232 not found
MT  3 20 for 90232 not found
Create input file for pfns for k= 80 and energy number 41 (out of 50)
MT3 for 90232 not found
MT  3 19 for 90232 not found
MT3 for 90232 not found
MT  3 20 for 90232 not found
Create input file for pfns for k= 81 and energy number 41 (out of 50)
MT3 for 90232 not found
MT  3 19 for 90232 not found
MT3 for 90232 not found
MT  3 20 for 90232 not found
Create input file for pfns for k= 82 and energy number 41 (out of 50)
MT3 for 90232 not found
MT  3 19 for 90232 not found
MT3 for 90232 not found
MT  3 20 for 90232 not found
Create input file for pfns for k= 83 and energy number 41 (out of 50)
MT3 for 90232 not found
MT  3 19 for 90232 not found
MT3 for 90232 not found
MT  3 20 for 90232 not found
Create input file for pfns for k= 84 and energy number 41 (out of 50)
MT3 for 90232 not found
MT  3 19 for 90232 not found
MT3 for 90232 not found
MT  3 20 for 90232 not found
Create input file for pfns for k= 85 and energy number 41 (out of 50)
MT3 for 90232 not found
MT  3 19 for 90232 not found
MT3 for 90232 not found
MT  3 20 for 90232 not found
Create input file for pfns for k= 86 and energy number 41 (out of 50)
MT3 for 90232 not found
MT  3 19 for 90232 not found
MT3 for 90232 not found
MT  3 20 for 90232 not found
Create input file for pfns for k= 87 and energy number 41 (out of 50)
MT3 for 90232 not found
MT  3 19 for 90232 not found
MT3 for 90232 not found
MT  3 20 for 90232 not found
Create input file for pfns for k= 88 and energy number 41 (out of 50)
MT3 for 90232 not found
MT  3 19 for 90232 not found
MT3 for 90232 not found
MT  3 20 for 90232 not found
Create input file for pfns for k= 89 and energy number 41 (out of 50)
MT3 for 90232 not found
MT  3 19 for 90232 not found
MT3 for 90232 not found
MT  3 20 for 90232 not found
Create input file for pfns for k= 90 and energy number 41 (out of 50)
MT3 for 90232 not found
MT  3 19 for 90232 not found
MT3 for 90232 not found
MT  3 20 for 90232 not found
Create input file for pfns for k= 91 and energy number 41 (out of 50)
MT3 for 90232 not found
MT  3 19 for 90232 not found
MT3 for 90232 not found
MT  3 20 for 90232 not found
Create input file for pfns for k= 92 and energy number 41 (out of 50)
MT3 for 90232 not found
MT  3 19 for 90232 not found
MT3 for 90232 not found
MT  3 20 for 90232 not found
Create input file for pfns for k= 93 and energy number 41 (out of 50)
MT3 for 90232 not found
MT  3 19 for 90232 not found
MT3 for 90232 not found
MT  3 20 for 90232 not found
Create input file for pfns for k= 94 and energy number 41 (out of 50)
MT3 for 90232 not found
MT  3 19 for 90232 not found
MT3 for 90232 not found
MT  3 20 for 90232 not found
Create input file for pfns for k= 95 and energy number 41 (out of 50)
MT3 for 90232 not found
MT  3 19 for 90232 not found
MT3 for 90232 not found
MT  3 20 for 90232 not found
Create input file for pfns for k= 96 and energy number 41 (out of 50)
MT3 for 90232 not found
MT  3 19 for 90232 not found
MT3 for 90232 not found
MT  3 20 for 90232 not found
Create input file for pfns for k= 97 and energy number 41 (out of 50)
MT3 for 90232 not found
MT  3 19 for 90232 not found
MT3 for 90232 not found
MT  3 20 for 90232 not found
Create input file for pfns for k= 98 and energy number 41 (out of 50)
MT3 for 90232 not found
MT  3 19 for 90232 not found
MT3 for 90232 not found
MT  3 20 for 90232 not found
Create input file for pfns for k= 99 and energy number 41 (out of 50)
MT3 for 90232 not found
MT  3 19 for 90232 not found
MT3 for 90232 not found
MT  3 20 for 90232 not found
Create input file for pfns for k= 100 and energy number 41 (out of 50)
MT3 for 90232 not found
MT  3 19 for 90232 not found
MT3 for 90232 not found
MT  3 20 for 90232 not found
Create input file for pfns for k= 0 and energy number 42 (out of 50)
MT3 for 90232 not found
MT  3 19 for 90232 not found
MT3 for 90232 not found
MT  3 20 for 90232 not found
Create input file for pfns for k= 1 and energy number 42 (out of 50)
MT3 for 90232 not found
MT  3 19 for 90232 not found
MT3 for 90232 not found
MT  3 20 for 90232 not found
Create input file for pfns for k= 2 and energy number 42 (out of 50)
MT3 for 90232 not found
MT  3 19 for 90232 not found
MT3 for 90232 not found
MT  3 20 for 90232 not found
Create input file for pfns for k= 3 and energy number 42 (out of 50)
MT3 for 90232 not found
MT  3 19 for 90232 not found
MT3 for 90232 not found
MT  3 20 for 90232 not found
Create input file for pfns for k= 4 and energy number 42 (out of 50)
MT3 for 90232 not found
MT  3 19 for 90232 not found
MT3 for 90232 not found
MT  3 20 for 90232 not found
Create input file for pfns for k= 5 and energy number 42 (out of 50)
MT3 for 90232 not found
MT  3 19 for 90232 not found
MT3 for 90232 not found
MT  3 20 for 90232 not found
Create input file for pfns for k= 6 and energy number 42 (out of 50)
MT3 for 90232 not found
MT  3 19 for 90232 not found
MT3 for 90232 not found
MT  3 20 for 90232 not found
Create input file for pfns for k= 7 and energy number 42 (out of 50)
MT3 for 90232 not found
MT  3 19 for 90232 not found
MT3 for 90232 not found
MT  3 20 for 90232 not found
Create input file for pfns for k= 8 and energy number 42 (out of 50)
MT3 for 90232 not found
MT  3 19 for 90232 not found
MT3 for 90232 not found
MT  3 20 for 90232 not found
Create input file for pfns for k= 9 and energy number 42 (out of 50)
MT3 for 90232 not found
MT  3 19 for 90232 not found
MT3 for 90232 not found
MT  3 20 for 90232 not found
Create input file for pfns for k= 10 and energy number 42 (out of 50)
MT3 for 90232 not found
MT  3 19 for 90232 not found
MT3 for 90232 not found
MT  3 20 for 90232 not found
Create input file for pfns for k= 11 and energy number 42 (out of 50)
MT3 for 90232 not found
MT  3 19 for 90232 not found
MT3 for 90232 not found
MT  3 20 for 90232 not found
Create input file for pfns for k= 12 and energy number 42 (out of 50)
MT3 for 90232 not found
MT  3 19 for 90232 not found
MT3 for 90232 not found
MT  3 20 for 90232 not found
Create input file for pfns for k= 13 and energy number 42 (out of 50)
MT3 for 90232 not found
MT  3 19 for 90232 not found
MT3 for 90232 not found
MT  3 20 for 90232 not found
Create input file for pfns for k= 14 and energy number 42 (out of 50)
MT3 for 90232 not found
MT  3 19 for 90232 not found
MT3 for 90232 not found
MT  3 20 for 90232 not found
Create input file for pfns for k= 15 and energy number 42 (out of 50)
MT3 for 90232 not found
MT  3 19 for 90232 not found
MT3 for 90232 not found
MT  3 20 for 90232 not found
Create input file for pfns for k= 16 and energy number 42 (out of 50)
MT3 for 90232 not found
MT  3 19 for 90232 not found
MT3 for 90232 not found
MT  3 20 for 90232 not found
Create input file for pfns for k= 17 and energy number 42 (out of 50)
MT3 for 90232 not found
MT  3 19 for 90232 not found
MT3 for 90232 not found
MT  3 20 for 90232 not found
Create input file for pfns for k= 18 and energy number 42 (out of 50)
MT3 for 90232 not found
MT  3 19 for 90232 not found
MT3 for 90232 not found
MT  3 20 for 90232 not found
Create input file for pfns for k= 19 and energy number 42 (out of 50)
MT3 for 90232 not found
MT  3 19 for 90232 not found
MT3 for 90232 not found
MT  3 20 for 90232 not found
Create input file for pfns for k= 20 and energy number 42 (out of 50)
MT3 for 90232 not found
MT  3 19 for 90232 not found
MT3 for 90232 not found
MT  3 20 for 90232 not found
Create input file for pfns for k= 21 and energy number 42 (out of 50)
MT3 for 90232 not found
MT  3 19 for 90232 not found
MT3 for 90232 not found
MT  3 20 for 90232 not found
Create input file for pfns for k= 22 and energy number 42 (out of 50)
MT3 for 90232 not found
MT  3 19 for 90232 not found
MT3 for 90232 not found
MT  3 20 for 90232 not found
Create input file for pfns for k= 23 and energy number 42 (out of 50)
MT3 for 90232 not found
MT  3 19 for 90232 not found
MT3 for 90232 not found
MT  3 20 for 90232 not found
Create input file for pfns for k= 24 and energy number 42 (out of 50)
MT3 for 90232 not found
MT  3 19 for 90232 not found
MT3 for 90232 not found
MT  3 20 for 90232 not found
Create input file for pfns for k= 25 and energy number 42 (out of 50)
MT3 for 90232 not found
MT  3 19 for 90232 not found
MT3 for 90232 not found
MT  3 20 for 90232 not found
Create input file for pfns for k= 26 and energy number 42 (out of 50)
MT3 for 90232 not found
MT  3 19 for 90232 not found
MT3 for 90232 not found
MT  3 20 for 90232 not found
Create input file for pfns for k= 27 and energy number 42 (out of 50)
MT3 for 90232 not found
MT  3 19 for 90232 not found
MT3 for 90232 not found
MT  3 20 for 90232 not found
Create input file for pfns for k= 28 and energy number 42 (out of 50)
MT3 for 90232 not found
MT  3 19 for 90232 not found
MT3 for 90232 not found
MT  3 20 for 90232 not found
Create input file for pfns for k= 29 and energy number 42 (out of 50)
MT3 for 90232 not found
MT  3 19 for 90232 not found
MT3 for 90232 not found
MT  3 20 for 90232 not found
Create input file for pfns for k= 30 and energy number 42 (out of 50)
MT3 for 90232 not found
MT  3 19 for 90232 not found
MT3 for 90232 not found
MT  3 20 for 90232 not found
Create input file for pfns for k= 31 and energy number 42 (out of 50)
MT3 for 90232 not found
MT  3 19 for 90232 not found
MT3 for 90232 not found
MT  3 20 for 90232 not found
Create input file for pfns for k= 32 and energy number 42 (out of 50)
MT3 for 90232 not found
MT  3 19 for 90232 not found
MT3 for 90232 not found
MT  3 20 for 90232 not found
Create input file for pfns for k= 33 and energy number 42 (out of 50)
MT3 for 90232 not found
MT  3 19 for 90232 not found
MT3 for 90232 not found
MT  3 20 for 90232 not found
Create input file for pfns for k= 34 and energy number 42 (out of 50)
MT3 for 90232 not found
MT  3 19 for 90232 not found
MT3 for 90232 not found
MT  3 20 for 90232 not found
Create input file for pfns for k= 35 and energy number 42 (out of 50)
MT3 for 90232 not found
MT  3 19 for 90232 not found
MT3 for 90232 not found
MT  3 20 for 90232 not found
Create input file for pfns for k= 36 and energy number 42 (out of 50)
MT3 for 90232 not found
MT  3 19 for 90232 not found
MT3 for 90232 not found
MT  3 20 for 90232 not found
Create input file for pfns for k= 37 and energy number 42 (out of 50)
MT3 for 90232 not found
MT  3 19 for 90232 not found
MT3 for 90232 not found
MT  3 20 for 90232 not found
Create input file for pfns for k= 38 and energy number 42 (out of 50)
MT3 for 90232 not found
MT  3 19 for 90232 not found
MT3 for 90232 not found
MT  3 20 for 90232 not found
Create input file for pfns for k= 39 and energy number 42 (out of 50)
MT3 for 90232 not found
MT  3 19 for 90232 not found
MT3 for 90232 not found
MT  3 20 for 90232 not found
Create input file for pfns for k= 40 and energy number 42 (out of 50)
MT3 for 90232 not found
MT  3 19 for 90232 not found
MT3 for 90232 not found
MT  3 20 for 90232 not found
Create input file for pfns for k= 41 and energy number 42 (out of 50)
MT3 for 90232 not found
MT  3 19 for 90232 not found
MT3 for 90232 not found
MT  3 20 for 90232 not found
Create input file for pfns for k= 42 and energy number 42 (out of 50)
MT3 for 90232 not found
MT  3 19 for 90232 not found
MT3 for 90232 not found
MT  3 20 for 90232 not found
Create input file for pfns for k= 43 and energy number 42 (out of 50)
MT3 for 90232 not found
MT  3 19 for 90232 not found
MT3 for 90232 not found
MT  3 20 for 90232 not found
Create input file for pfns for k= 44 and energy number 42 (out of 50)
MT3 for 90232 not found
MT  3 19 for 90232 not found
MT3 for 90232 not found
MT  3 20 for 90232 not found
Create input file for pfns for k= 45 and energy number 42 (out of 50)
MT3 for 90232 not found
MT  3 19 for 90232 not found
MT3 for 90232 not found
MT  3 20 for 90232 not found
Create input file for pfns for k= 46 and energy number 42 (out of 50)
MT3 for 90232 not found
MT  3 19 for 90232 not found
MT3 for 90232 not found
MT  3 20 for 90232 not found
Create input file for pfns for k= 47 and energy number 42 (out of 50)
MT3 for 90232 not found
MT  3 19 for 90232 not found
MT3 for 90232 not found
MT  3 20 for 90232 not found
Create input file for pfns for k= 48 and energy number 42 (out of 50)
MT3 for 90232 not found
MT  3 19 for 90232 not found
MT3 for 90232 not found
MT  3 20 for 90232 not found
Create input file for pfns for k= 49 and energy number 42 (out of 50)
MT3 for 90232 not found
MT  3 19 for 90232 not found
MT3 for 90232 not found
MT  3 20 for 90232 not found
Create input file for pfns for k= 50 and energy number 42 (out of 50)
MT3 for 90232 not found
MT  3 19 for 90232 not found
MT3 for 90232 not found
MT  3 20 for 90232 not found
Create input file for pfns for k= 51 and energy number 42 (out of 50)
MT3 for 90232 not found
MT  3 19 for 90232 not found
MT3 for 90232 not found
MT  3 20 for 90232 not found
Create input file for pfns for k= 52 and energy number 42 (out of 50)
MT3 for 90232 not found
MT  3 19 for 90232 not found
MT3 for 90232 not found
MT  3 20 for 90232 not found
Create input file for pfns for k= 53 and energy number 42 (out of 50)
MT3 for 90232 not found
MT  3 19 for 90232 not found
MT3 for 90232 not found
MT  3 20 for 90232 not found
Create input file for pfns for k= 54 and energy number 42 (out of 50)
MT3 for 90232 not found
MT  3 19 for 90232 not found
MT3 for 90232 not found
MT  3 20 for 90232 not found
Create input file for pfns for k= 55 and energy number 42 (out of 50)
MT3 for 90232 not found
MT  3 19 for 90232 not found
MT3 for 90232 not found
MT  3 20 for 90232 not found
Create input file for pfns for k= 56 and energy number 42 (out of 50)
MT3 for 90232 not found
MT  3 19 for 90232 not found
MT3 for 90232 not found
MT  3 20 for 90232 not found
Create input file for pfns for k= 57 and energy number 42 (out of 50)
MT3 for 90232 not found
MT  3 19 for 90232 not found
MT3 for 90232 not found
MT  3 20 for 90232 not found
Create input file for pfns for k= 58 and energy number 42 (out of 50)
MT3 for 90232 not found
MT  3 19 for 90232 not found
MT3 for 90232 not found
MT  3 20 for 90232 not found
Create input file for pfns for k= 59 and energy number 42 (out of 50)
MT3 for 90232 not found
MT  3 19 for 90232 not found
MT3 for 90232 not found
MT  3 20 for 90232 not found
Create input file for pfns for k= 60 and energy number 42 (out of 50)
MT3 for 90232 not found
MT  3 19 for 90232 not found
MT3 for 90232 not found
MT  3 20 for 90232 not found
Create input file for pfns for k= 61 and energy number 42 (out of 50)
MT3 for 90232 not found
MT  3 19 for 90232 not found
MT3 for 90232 not found
MT  3 20 for 90232 not found
Create input file for pfns for k= 62 and energy number 42 (out of 50)
MT3 for 90232 not found
MT  3 19 for 90232 not found
MT3 for 90232 not found
MT  3 20 for 90232 not found
Create input file for pfns for k= 63 and energy number 42 (out of 50)
MT3 for 90232 not found
MT  3 19 for 90232 not found
MT3 for 90232 not found
MT  3 20 for 90232 not found
Create input file for pfns for k= 64 and energy number 42 (out of 50)
MT3 for 90232 not found
MT  3 19 for 90232 not found
MT3 for 90232 not found
MT  3 20 for 90232 not found
Create input file for pfns for k= 65 and energy number 42 (out of 50)
MT3 for 90232 not found
MT  3 19 for 90232 not found
MT3 for 90232 not found
MT  3 20 for 90232 not found
Create input file for pfns for k= 66 and energy number 42 (out of 50)
MT3 for 90232 not found
MT  3 19 for 90232 not found
MT3 for 90232 not found
MT  3 20 for 90232 not found
Create input file for pfns for k= 67 and energy number 42 (out of 50)
MT3 for 90232 not found
MT  3 19 for 90232 not found
MT3 for 90232 not found
MT  3 20 for 90232 not found
Create input file for pfns for k= 68 and energy number 42 (out of 50)
MT3 for 90232 not found
MT  3 19 for 90232 not found
MT3 for 90232 not found
MT  3 20 for 90232 not found
Create input file for pfns for k= 69 and energy number 42 (out of 50)
MT3 for 90232 not found
MT  3 19 for 90232 not found
MT3 for 90232 not found
MT  3 20 for 90232 not found
Create input file for pfns for k= 70 and energy number 42 (out of 50)
MT3 for 90232 not found
MT  3 19 for 90232 not found
MT3 for 90232 not found
MT  3 20 for 90232 not found
Create input file for pfns for k= 71 and energy number 42 (out of 50)
MT3 for 90232 not found
MT  3 19 for 90232 not found
MT3 for 90232 not found
MT  3 20 for 90232 not found
Create input file for pfns for k= 72 and energy number 42 (out of 50)
MT3 for 90232 not found
MT  3 19 for 90232 not found
MT3 for 90232 not found
MT  3 20 for 90232 not found
Create input file for pfns for k= 73 and energy number 42 (out of 50)
MT3 for 90232 not found
MT  3 19 for 90232 not found
MT3 for 90232 not found
MT  3 20 for 90232 not found
Create input file for pfns for k= 74 and energy number 42 (out of 50)
MT3 for 90232 not found
MT  3 19 for 90232 not found
MT3 for 90232 not found
MT  3 20 for 90232 not found
Create input file for pfns for k= 75 and energy number 42 (out of 50)
MT3 for 90232 not found
MT  3 19 for 90232 not found
MT3 for 90232 not found
MT  3 20 for 90232 not found
Create input file for pfns for k= 76 and energy number 42 (out of 50)
MT3 for 90232 not found
MT  3 19 for 90232 not found
MT3 for 90232 not found
MT  3 20 for 90232 not found
Create input file for pfns for k= 77 and energy number 42 (out of 50)
MT3 for 90232 not found
MT  3 19 for 90232 not found
MT3 for 90232 not found
MT  3 20 for 90232 not found
Create input file for pfns for k= 78 and energy number 42 (out of 50)
MT3 for 90232 not found
MT  3 19 for 90232 not found
MT3 for 90232 not found
MT  3 20 for 90232 not found
Create input file for pfns for k= 79 and energy number 42 (out of 50)
MT3 for 90232 not found
MT  3 19 for 90232 not found
MT3 for 90232 not found
MT  3 20 for 90232 not found
Create input file for pfns for k= 80 and energy number 42 (out of 50)
MT3 for 90232 not found
MT  3 19 for 90232 not found
MT3 for 90232 not found
MT  3 20 for 90232 not found
Create input file for pfns for k= 81 and energy number 42 (out of 50)
MT3 for 90232 not found
MT  3 19 for 90232 not found
MT3 for 90232 not found
MT  3 20 for 90232 not found
Create input file for pfns for k= 82 and energy number 42 (out of 50)
MT3 for 90232 not found
MT  3 19 for 90232 not found
MT3 for 90232 not found
MT  3 20 for 90232 not found
Create input file for pfns for k= 83 and energy number 42 (out of 50)
MT3 for 90232 not found
MT  3 19 for 90232 not found
MT3 for 90232 not found
MT  3 20 for 90232 not found
Create input file for pfns for k= 84 and energy number 42 (out of 50)
MT3 for 90232 not found
MT  3 19 for 90232 not found
MT3 for 90232 not found
MT  3 20 for 90232 not found
Create input file for pfns for k= 85 and energy number 42 (out of 50)
MT3 for 90232 not found
MT  3 19 for 90232 not found
MT3 for 90232 not found
MT  3 20 for 90232 not found
Create input file for pfns for k= 86 and energy number 42 (out of 50)
MT3 for 90232 not found
MT  3 19 for 90232 not found
MT3 for 90232 not found
MT  3 20 for 90232 not found
Create input file for pfns for k= 87 and energy number 42 (out of 50)
MT3 for 90232 not found
MT  3 19 for 90232 not found
MT3 for 90232 not found
MT  3 20 for 90232 not found
Create input file for pfns for k= 88 and energy number 42 (out of 50)
MT3 for 90232 not found
MT  3 19 for 90232 not found
MT3 for 90232 not found
MT  3 20 for 90232 not found
Create input file for pfns for k= 89 and energy number 42 (out of 50)
MT3 for 90232 not found
MT  3 19 for 90232 not found
MT3 for 90232 not found
MT  3 20 for 90232 not found
Create input file for pfns for k= 90 and energy number 42 (out of 50)
MT3 for 90232 not found
MT  3 19 for 90232 not found
MT3 for 90232 not found
MT  3 20 for 90232 not found
Create input file for pfns for k= 91 and energy number 42 (out of 50)
MT3 for 90232 not found
MT  3 19 for 90232 not found
MT3 for 90232 not found
MT  3 20 for 90232 not found
Create input file for pfns for k= 92 and energy number 42 (out of 50)
MT3 for 90232 not found
MT  3 19 for 90232 not found
MT3 for 90232 not found
MT  3 20 for 90232 not found
Create input file for pfns for k= 93 and energy number 42 (out of 50)
MT3 for 90232 not found
MT  3 19 for 90232 not found
MT3 for 90232 not found
MT  3 20 for 90232 not found
Create input file for pfns for k= 94 and energy number 42 (out of 50)
MT3 for 90232 not found
MT  3 19 for 90232 not found
MT3 for 90232 not found
MT  3 20 for 90232 not found
Create input file for pfns for k= 95 and energy number 42 (out of 50)
MT3 for 90232 not found
MT  3 19 for 90232 not found
MT3 for 90232 not found
MT  3 20 for 90232 not found
Create input file for pfns for k= 96 and energy number 42 (out of 50)
MT3 for 90232 not found
MT  3 19 for 90232 not found
MT3 for 90232 not found
MT  3 20 for 90232 not found
Create input file for pfns for k= 97 and energy number 42 (out of 50)
MT3 for 90232 not found
MT  3 19 for 90232 not found
MT3 for 90232 not found
MT  3 20 for 90232 not found
Create input file for pfns for k= 98 and energy number 42 (out of 50)
MT3 for 90232 not found
MT  3 19 for 90232 not found
MT3 for 90232 not found
MT  3 20 for 90232 not found
Create input file for pfns for k= 99 and energy number 42 (out of 50)
MT3 for 90232 not found
MT  3 19 for 90232 not found
MT3 for 90232 not found
MT  3 20 for 90232 not found
Create input file for pfns for k= 100 and energy number 42 (out of 50)
MT3 for 90232 not found
MT  3 19 for 90232 not found
MT3 for 90232 not found
MT  3 20 for 90232 not found
Create input file for pfns for k= 0 and energy number 43 (out of 50)
MT3 for 90232 not found
MT  3 19 for 90232 not found
MT3 for 90232 not found
MT  3 20 for 90232 not found
Create input file for pfns for k= 1 and energy number 43 (out of 50)
MT3 for 90232 not found
MT  3 19 for 90232 not found
MT3 for 90232 not found
MT  3 20 for 90232 not found
Create input file for pfns for k= 2 and energy number 43 (out of 50)
MT3 for 90232 not found
MT  3 19 for 90232 not found
MT3 for 90232 not found
MT  3 20 for 90232 not found
Create input file for pfns for k= 3 and energy number 43 (out of 50)
MT3 for 90232 not found
MT  3 19 for 90232 not found
MT3 for 90232 not found
MT  3 20 for 90232 not found
Create input file for pfns for k= 4 and energy number 43 (out of 50)
MT3 for 90232 not found
MT  3 19 for 90232 not found
MT3 for 90232 not found
MT  3 20 for 90232 not found
Create input file for pfns for k= 5 and energy number 43 (out of 50)
MT3 for 90232 not found
MT  3 19 for 90232 not found
MT3 for 90232 not found
MT  3 20 for 90232 not found
Create input file for pfns for k= 6 and energy number 43 (out of 50)
MT3 for 90232 not found
MT  3 19 for 90232 not found
MT3 for 90232 not found
MT  3 20 for 90232 not found
Create input file for pfns for k= 7 and energy number 43 (out of 50)
MT3 for 90232 not found
MT  3 19 for 90232 not found
MT3 for 90232 not found
MT  3 20 for 90232 not found
Create input file for pfns for k= 8 and energy number 43 (out of 50)
MT3 for 90232 not found
MT  3 19 for 90232 not found
MT3 for 90232 not found
MT  3 20 for 90232 not found
Create input file for pfns for k= 9 and energy number 43 (out of 50)
MT3 for 90232 not found
MT  3 19 for 90232 not found
MT3 for 90232 not found
MT  3 20 for 90232 not found
Create input file for pfns for k= 10 and energy number 43 (out of 50)
MT3 for 90232 not found
MT  3 19 for 90232 not found
MT3 for 90232 not found
MT  3 20 for 90232 not found
Create input file for pfns for k= 11 and energy number 43 (out of 50)
MT3 for 90232 not found
MT  3 19 for 90232 not found
MT3 for 90232 not found
MT  3 20 for 90232 not found
Create input file for pfns for k= 12 and energy number 43 (out of 50)
MT3 for 90232 not found
MT  3 19 for 90232 not found
MT3 for 90232 not found
MT  3 20 for 90232 not found
Create input file for pfns for k= 13 and energy number 43 (out of 50)
MT3 for 90232 not found
MT  3 19 for 90232 not found
MT3 for 90232 not found
MT  3 20 for 90232 not found
Create input file for pfns for k= 14 and energy number 43 (out of 50)
MT3 for 90232 not found
MT  3 19 for 90232 not found
MT3 for 90232 not found
MT  3 20 for 90232 not found
Create input file for pfns for k= 15 and energy number 43 (out of 50)
MT3 for 90232 not found
MT  3 19 for 90232 not found
MT3 for 90232 not found
MT  3 20 for 90232 not found
Create input file for pfns for k= 16 and energy number 43 (out of 50)
MT3 for 90232 not found
MT  3 19 for 90232 not found
MT3 for 90232 not found
MT  3 20 for 90232 not found
Create input file for pfns for k= 17 and energy number 43 (out of 50)
MT3 for 90232 not found
MT  3 19 for 90232 not found
MT3 for 90232 not found
MT  3 20 for 90232 not found
Create input file for pfns for k= 18 and energy number 43 (out of 50)
MT3 for 90232 not found
MT  3 19 for 90232 not found
MT3 for 90232 not found
MT  3 20 for 90232 not found
Create input file for pfns for k= 19 and energy number 43 (out of 50)
MT3 for 90232 not found
MT  3 19 for 90232 not found
MT3 for 90232 not found
MT  3 20 for 90232 not found
Create input file for pfns for k= 20 and energy number 43 (out of 50)
MT3 for 90232 not found
MT  3 19 for 90232 not found
MT3 for 90232 not found
MT  3 20 for 90232 not found
Create input file for pfns for k= 21 and energy number 43 (out of 50)
MT3 for 90232 not found
MT  3 19 for 90232 not found
MT3 for 90232 not found
MT  3 20 for 90232 not found
Create input file for pfns for k= 22 and energy number 43 (out of 50)
MT3 for 90232 not found
MT  3 19 for 90232 not found
MT3 for 90232 not found
MT  3 20 for 90232 not found
Create input file for pfns for k= 23 and energy number 43 (out of 50)
MT3 for 90232 not found
MT  3 19 for 90232 not found
MT3 for 90232 not found
MT  3 20 for 90232 not found
Create input file for pfns for k= 24 and energy number 43 (out of 50)
MT3 for 90232 not found
MT  3 19 for 90232 not found
MT3 for 90232 not found
MT  3 20 for 90232 not found
Create input file for pfns for k= 25 and energy number 43 (out of 50)
MT3 for 90232 not found
MT  3 19 for 90232 not found
MT3 for 90232 not found
MT  3 20 for 90232 not found
Create input file for pfns for k= 26 and energy number 43 (out of 50)
MT3 for 90232 not found
MT  3 19 for 90232 not found
MT3 for 90232 not found
MT  3 20 for 90232 not found
Create input file for pfns for k= 27 and energy number 43 (out of 50)
MT3 for 90232 not found
MT  3 19 for 90232 not found
MT3 for 90232 not found
MT  3 20 for 90232 not found
Create input file for pfns for k= 28 and energy number 43 (out of 50)
MT3 for 90232 not found
MT  3 19 for 90232 not found
MT3 for 90232 not found
MT  3 20 for 90232 not found
Create input file for pfns for k= 29 and energy number 43 (out of 50)
MT3 for 90232 not found
MT  3 19 for 90232 not found
MT3 for 90232 not found
MT  3 20 for 90232 not found
Create input file for pfns for k= 30 and energy number 43 (out of 50)
MT3 for 90232 not found
MT  3 19 for 90232 not found
MT3 for 90232 not found
MT  3 20 for 90232 not found
Create input file for pfns for k= 31 and energy number 43 (out of 50)
MT3 for 90232 not found
MT  3 19 for 90232 not found
MT3 for 90232 not found
MT  3 20 for 90232 not found
Create input file for pfns for k= 32 and energy number 43 (out of 50)
MT3 for 90232 not found
MT  3 19 for 90232 not found
MT3 for 90232 not found
MT  3 20 for 90232 not found
Create input file for pfns for k= 33 and energy number 43 (out of 50)
MT3 for 90232 not found
MT  3 19 for 90232 not found
MT3 for 90232 not found
MT  3 20 for 90232 not found
Create input file for pfns for k= 34 and energy number 43 (out of 50)
MT3 for 90232 not found
MT  3 19 for 90232 not found
MT3 for 90232 not found
MT  3 20 for 90232 not found
Create input file for pfns for k= 35 and energy number 43 (out of 50)
MT3 for 90232 not found
MT  3 19 for 90232 not found
MT3 for 90232 not found
MT  3 20 for 90232 not found
Create input file for pfns for k= 36 and energy number 43 (out of 50)
MT3 for 90232 not found
MT  3 19 for 90232 not found
MT3 for 90232 not found
MT  3 20 for 90232 not found
Create input file for pfns for k= 37 and energy number 43 (out of 50)
MT3 for 90232 not found
MT  3 19 for 90232 not found
MT3 for 90232 not found
MT  3 20 for 90232 not found
Create input file for pfns for k= 38 and energy number 43 (out of 50)
MT3 for 90232 not found
MT  3 19 for 90232 not found
MT3 for 90232 not found
MT  3 20 for 90232 not found
Create input file for pfns for k= 39 and energy number 43 (out of 50)
MT3 for 90232 not found
MT  3 19 for 90232 not found
MT3 for 90232 not found
MT  3 20 for 90232 not found
Create input file for pfns for k= 40 and energy number 43 (out of 50)
MT3 for 90232 not found
MT  3 19 for 90232 not found
MT3 for 90232 not found
MT  3 20 for 90232 not found
Create input file for pfns for k= 41 and energy number 43 (out of 50)
MT3 for 90232 not found
MT  3 19 for 90232 not found
MT3 for 90232 not found
MT  3 20 for 90232 not found
Create input file for pfns for k= 42 and energy number 43 (out of 50)
MT3 for 90232 not found
MT  3 19 for 90232 not found
MT3 for 90232 not found
MT  3 20 for 90232 not found
Create input file for pfns for k= 43 and energy number 43 (out of 50)
MT3 for 90232 not found
MT  3 19 for 90232 not found
MT3 for 90232 not found
MT  3 20 for 90232 not found
Create input file for pfns for k= 44 and energy number 43 (out of 50)
MT3 for 90232 not found
MT  3 19 for 90232 not found
MT3 for 90232 not found
MT  3 20 for 90232 not found
Create input file for pfns for k= 45 and energy number 43 (out of 50)
MT3 for 90232 not found
MT  3 19 for 90232 not found
MT3 for 90232 not found
MT  3 20 for 90232 not found
Create input file for pfns for k= 46 and energy number 43 (out of 50)
MT3 for 90232 not found
MT  3 19 for 90232 not found
MT3 for 90232 not found
MT  3 20 for 90232 not found
Create input file for pfns for k= 47 and energy number 43 (out of 50)
MT3 for 90232 not found
MT  3 19 for 90232 not found
MT3 for 90232 not found
MT  3 20 for 90232 not found
Create input file for pfns for k= 48 and energy number 43 (out of 50)
MT3 for 90232 not found
MT  3 19 for 90232 not found
MT3 for 90232 not found
MT  3 20 for 90232 not found
Create input file for pfns for k= 49 and energy number 43 (out of 50)
MT3 for 90232 not found
MT  3 19 for 90232 not found
MT3 for 90232 not found
MT  3 20 for 90232 not found
Create input file for pfns for k= 50 and energy number 43 (out of 50)
MT3 for 90232 not found
MT  3 19 for 90232 not found
MT3 for 90232 not found
MT  3 20 for 90232 not found
Create input file for pfns for k= 51 and energy number 43 (out of 50)
MT3 for 90232 not found
MT  3 19 for 90232 not found
MT3 for 90232 not found
MT  3 20 for 90232 not found
Create input file for pfns for k= 52 and energy number 43 (out of 50)
MT3 for 90232 not found
MT  3 19 for 90232 not found
MT3 for 90232 not found
MT  3 20 for 90232 not found
Create input file for pfns for k= 53 and energy number 43 (out of 50)
MT3 for 90232 not found
MT  3 19 for 90232 not found
MT3 for 90232 not found
MT  3 20 for 90232 not found
Create input file for pfns for k= 54 and energy number 43 (out of 50)
MT3 for 90232 not found
MT  3 19 for 90232 not found
MT3 for 90232 not found
MT  3 20 for 90232 not found
Create input file for pfns for k= 55 and energy number 43 (out of 50)
MT3 for 90232 not found
MT  3 19 for 90232 not found
MT3 for 90232 not found
MT  3 20 for 90232 not found
Create input file for pfns for k= 56 and energy number 43 (out of 50)
MT3 for 90232 not found
MT  3 19 for 90232 not found
MT3 for 90232 not found
MT  3 20 for 90232 not found
Create input file for pfns for k= 57 and energy number 43 (out of 50)
MT3 for 90232 not found
MT  3 19 for 90232 not found
MT3 for 90232 not found
MT  3 20 for 90232 not found
Create input file for pfns for k= 58 and energy number 43 (out of 50)
MT3 for 90232 not found
MT  3 19 for 90232 not found
MT3 for 90232 not found
MT  3 20 for 90232 not found
Create input file for pfns for k= 59 and energy number 43 (out of 50)
MT3 for 90232 not found
MT  3 19 for 90232 not found
MT3 for 90232 not found
MT  3 20 for 90232 not found
Create input file for pfns for k= 60 and energy number 43 (out of 50)
MT3 for 90232 not found
MT  3 19 for 90232 not found
MT3 for 90232 not found
MT  3 20 for 90232 not found
Create input file for pfns for k= 61 and energy number 43 (out of 50)
MT3 for 90232 not found
MT  3 19 for 90232 not found
MT3 for 90232 not found
MT  3 20 for 90232 not found
Create input file for pfns for k= 62 and energy number 43 (out of 50)
MT3 for 90232 not found
MT  3 19 for 90232 not found
MT3 for 90232 not found
MT  3 20 for 90232 not found
Create input file for pfns for k= 63 and energy number 43 (out of 50)
MT3 for 90232 not found
MT  3 19 for 90232 not found
MT3 for 90232 not found
MT  3 20 for 90232 not found
Create input file for pfns for k= 64 and energy number 43 (out of 50)
MT3 for 90232 not found
MT  3 19 for 90232 not found
MT3 for 90232 not found
MT  3 20 for 90232 not found
Create input file for pfns for k= 65 and energy number 43 (out of 50)
MT3 for 90232 not found
MT  3 19 for 90232 not found
MT3 for 90232 not found
MT  3 20 for 90232 not found
Create input file for pfns for k= 66 and energy number 43 (out of 50)
MT3 for 90232 not found
MT  3 19 for 90232 not found
MT3 for 90232 not found
MT  3 20 for 90232 not found
Create input file for pfns for k= 67 and energy number 43 (out of 50)
MT3 for 90232 not found
MT  3 19 for 90232 not found
MT3 for 90232 not found
MT  3 20 for 90232 not found
Create input file for pfns for k= 68 and energy number 43 (out of 50)
MT3 for 90232 not found
MT  3 19 for 90232 not found
MT3 for 90232 not found
MT  3 20 for 90232 not found
Create input file for pfns for k= 69 and energy number 43 (out of 50)
MT3 for 90232 not found
MT  3 19 for 90232 not found
MT3 for 90232 not found
MT  3 20 for 90232 not found
Create input file for pfns for k= 70 and energy number 43 (out of 50)
MT3 for 90232 not found
MT  3 19 for 90232 not found
MT3 for 90232 not found
MT  3 20 for 90232 not found
Create input file for pfns for k= 71 and energy number 43 (out of 50)
MT3 for 90232 not found
MT  3 19 for 90232 not found
MT3 for 90232 not found
MT  3 20 for 90232 not found
Create input file for pfns for k= 72 and energy number 43 (out of 50)
MT3 for 90232 not found
MT  3 19 for 90232 not found
MT3 for 90232 not found
MT  3 20 for 90232 not found
Create input file for pfns for k= 73 and energy number 43 (out of 50)
MT3 for 90232 not found
MT  3 19 for 90232 not found
MT3 for 90232 not found
MT  3 20 for 90232 not found
Create input file for pfns for k= 74 and energy number 43 (out of 50)
MT3 for 90232 not found
MT  3 19 for 90232 not found
MT3 for 90232 not found
MT  3 20 for 90232 not found
Create input file for pfns for k= 75 and energy number 43 (out of 50)
MT3 for 90232 not found
MT  3 19 for 90232 not found
MT3 for 90232 not found
MT  3 20 for 90232 not found
Create input file for pfns for k= 76 and energy number 43 (out of 50)
MT3 for 90232 not found
MT  3 19 for 90232 not found
MT3 for 90232 not found
MT  3 20 for 90232 not found
Create input file for pfns for k= 77 and energy number 43 (out of 50)
MT3 for 90232 not found
MT  3 19 for 90232 not found
MT3 for 90232 not found
MT  3 20 for 90232 not found
Create input file for pfns for k= 78 and energy number 43 (out of 50)
MT3 for 90232 not found
MT  3 19 for 90232 not found
MT3 for 90232 not found
MT  3 20 for 90232 not found
Create input file for pfns for k= 79 and energy number 43 (out of 50)
MT3 for 90232 not found
MT  3 19 for 90232 not found
MT3 for 90232 not found
MT  3 20 for 90232 not found
Create input file for pfns for k= 80 and energy number 43 (out of 50)
MT3 for 90232 not found
MT  3 19 for 90232 not found
MT3 for 90232 not found
MT  3 20 for 90232 not found
Create input file for pfns for k= 81 and energy number 43 (out of 50)
MT3 for 90232 not found
MT  3 19 for 90232 not found
MT3 for 90232 not found
MT  3 20 for 90232 not found
Create input file for pfns for k= 82 and energy number 43 (out of 50)
MT3 for 90232 not found
MT  3 19 for 90232 not found
MT3 for 90232 not found
MT  3 20 for 90232 not found
Create input file for pfns for k= 83 and energy number 43 (out of 50)
MT3 for 90232 not found
MT  3 19 for 90232 not found
MT3 for 90232 not found
MT  3 20 for 90232 not found
Create input file for pfns for k= 84 and energy number 43 (out of 50)
MT3 for 90232 not found
MT  3 19 for 90232 not found
MT3 for 90232 not found
MT  3 20 for 90232 not found
Create input file for pfns for k= 85 and energy number 43 (out of 50)
MT3 for 90232 not found
MT  3 19 for 90232 not found
MT3 for 90232 not found
MT  3 20 for 90232 not found
Create input file for pfns for k= 86 and energy number 43 (out of 50)
MT3 for 90232 not found
MT  3 19 for 90232 not found
MT3 for 90232 not found
MT  3 20 for 90232 not found
Create input file for pfns for k= 87 and energy number 43 (out of 50)
MT3 for 90232 not found
MT  3 19 for 90232 not found
MT3 for 90232 not found
MT  3 20 for 90232 not found
Create input file for pfns for k= 88 and energy number 43 (out of 50)
MT3 for 90232 not found
MT  3 19 for 90232 not found
MT3 for 90232 not found
MT  3 20 for 90232 not found
Create input file for pfns for k= 89 and energy number 43 (out of 50)
MT3 for 90232 not found
MT  3 19 for 90232 not found
MT3 for 90232 not found
MT  3 20 for 90232 not found
Create input file for pfns for k= 90 and energy number 43 (out of 50)
MT3 for 90232 not found
MT  3 19 for 90232 not found
MT3 for 90232 not found
MT  3 20 for 90232 not found
Create input file for pfns for k= 91 and energy number 43 (out of 50)
MT3 for 90232 not found
MT  3 19 for 90232 not found
MT3 for 90232 not found
MT  3 20 for 90232 not found
Create input file for pfns for k= 92 and energy number 43 (out of 50)
MT3 for 90232 not found
MT  3 19 for 90232 not found
MT3 for 90232 not found
MT  3 20 for 90232 not found
Create input file for pfns for k= 93 and energy number 43 (out of 50)
MT3 for 90232 not found
MT  3 19 for 90232 not found
MT3 for 90232 not found
MT  3 20 for 90232 not found
Create input file for pfns for k= 94 and energy number 43 (out of 50)
MT3 for 90232 not found
MT  3 19 for 90232 not found
MT3 for 90232 not found
MT  3 20 for 90232 not found
Create input file for pfns for k= 95 and energy number 43 (out of 50)
MT3 for 90232 not found
MT  3 19 for 90232 not found
MT3 for 90232 not found
MT  3 20 for 90232 not found
Create input file for pfns for k= 96 and energy number 43 (out of 50)
MT3 for 90232 not found
MT  3 19 for 90232 not found
MT3 for 90232 not found
MT  3 20 for 90232 not found
Create input file for pfns for k= 97 and energy number 43 (out of 50)
MT3 for 90232 not found
MT  3 19 for 90232 not found
MT3 for 90232 not found
MT  3 20 for 90232 not found
Create input file for pfns for k= 98 and energy number 43 (out of 50)
MT3 for 90232 not found
MT  3 19 for 90232 not found
MT3 for 90232 not found
MT  3 20 for 90232 not found
Create input file for pfns for k= 99 and energy number 43 (out of 50)
MT3 for 90232 not found
MT  3 19 for 90232 not found
MT3 for 90232 not found
MT  3 20 for 90232 not found
Create input file for pfns for k= 100 and energy number 43 (out of 50)
MT3 for 90232 not found
MT  3 19 for 90232 not found
MT3 for 90232 not found
MT  3 20 for 90232 not found
Create input file for pfns for k= 0 and energy number 44 (out of 50)
MT3 for 90232 not found
MT  3 19 for 90232 not found
MT3 for 90232 not found
MT  3 20 for 90232 not found
Create input file for pfns for k= 1 and energy number 44 (out of 50)
MT3 for 90232 not found
MT  3 19 for 90232 not found
MT3 for 90232 not found
MT  3 20 for 90232 not found
Create input file for pfns for k= 2 and energy number 44 (out of 50)
MT3 for 90232 not found
MT  3 19 for 90232 not found
MT3 for 90232 not found
MT  3 20 for 90232 not found
Create input file for pfns for k= 3 and energy number 44 (out of 50)
MT3 for 90232 not found
MT  3 19 for 90232 not found
MT3 for 90232 not found
MT  3 20 for 90232 not found
Create input file for pfns for k= 4 and energy number 44 (out of 50)
MT3 for 90232 not found
MT  3 19 for 90232 not found
MT3 for 90232 not found
MT  3 20 for 90232 not found
Create input file for pfns for k= 5 and energy number 44 (out of 50)
MT3 for 90232 not found
MT  3 19 for 90232 not found
MT3 for 90232 not found
MT  3 20 for 90232 not found
Create input file for pfns for k= 6 and energy number 44 (out of 50)
MT3 for 90232 not found
MT  3 19 for 90232 not found
MT3 for 90232 not found
MT  3 20 for 90232 not found
Create input file for pfns for k= 7 and energy number 44 (out of 50)
MT3 for 90232 not found
MT  3 19 for 90232 not found
MT3 for 90232 not found
MT  3 20 for 90232 not found
Create input file for pfns for k= 8 and energy number 44 (out of 50)
MT3 for 90232 not found
MT  3 19 for 90232 not found
MT3 for 90232 not found
MT  3 20 for 90232 not found
Create input file for pfns for k= 9 and energy number 44 (out of 50)
MT3 for 90232 not found
MT  3 19 for 90232 not found
MT3 for 90232 not found
MT  3 20 for 90232 not found
Create input file for pfns for k= 10 and energy number 44 (out of 50)
MT3 for 90232 not found
MT  3 19 for 90232 not found
MT3 for 90232 not found
MT  3 20 for 90232 not found
Create input file for pfns for k= 11 and energy number 44 (out of 50)
MT3 for 90232 not found
MT  3 19 for 90232 not found
MT3 for 90232 not found
MT  3 20 for 90232 not found
Create input file for pfns for k= 12 and energy number 44 (out of 50)
MT3 for 90232 not found
MT  3 19 for 90232 not found
MT3 for 90232 not found
MT  3 20 for 90232 not found
Create input file for pfns for k= 13 and energy number 44 (out of 50)
MT3 for 90232 not found
MT  3 19 for 90232 not found
MT3 for 90232 not found
MT  3 20 for 90232 not found
Create input file for pfns for k= 14 and energy number 44 (out of 50)
MT3 for 90232 not found
MT  3 19 for 90232 not found
MT3 for 90232 not found
MT  3 20 for 90232 not found
Create input file for pfns for k= 15 and energy number 44 (out of 50)
MT3 for 90232 not found
MT  3 19 for 90232 not found
MT3 for 90232 not found
MT  3 20 for 90232 not found
Create input file for pfns for k= 16 and energy number 44 (out of 50)
MT3 for 90232 not found
MT  3 19 for 90232 not found
MT3 for 90232 not found
MT  3 20 for 90232 not found
Create input file for pfns for k= 17 and energy number 44 (out of 50)
MT3 for 90232 not found
MT  3 19 for 90232 not found
MT3 for 90232 not found
MT  3 20 for 90232 not found
Create input file for pfns for k= 18 and energy number 44 (out of 50)
MT3 for 90232 not found
MT  3 19 for 90232 not found
MT3 for 90232 not found
MT  3 20 for 90232 not found
Create input file for pfns for k= 19 and energy number 44 (out of 50)
MT3 for 90232 not found
MT  3 19 for 90232 not found
MT3 for 90232 not found
MT  3 20 for 90232 not found
Create input file for pfns for k= 20 and energy number 44 (out of 50)
MT3 for 90232 not found
MT  3 19 for 90232 not found
MT3 for 90232 not found
MT  3 20 for 90232 not found
Create input file for pfns for k= 21 and energy number 44 (out of 50)
MT3 for 90232 not found
MT  3 19 for 90232 not found
MT3 for 90232 not found
MT  3 20 for 90232 not found
Create input file for pfns for k= 22 and energy number 44 (out of 50)
MT3 for 90232 not found
MT  3 19 for 90232 not found
MT3 for 90232 not found
MT  3 20 for 90232 not found
Create input file for pfns for k= 23 and energy number 44 (out of 50)
MT3 for 90232 not found
MT  3 19 for 90232 not found
MT3 for 90232 not found
MT  3 20 for 90232 not found
Create input file for pfns for k= 24 and energy number 44 (out of 50)
MT3 for 90232 not found
MT  3 19 for 90232 not found
MT3 for 90232 not found
MT  3 20 for 90232 not found
Create input file for pfns for k= 25 and energy number 44 (out of 50)
MT3 for 90232 not found
MT  3 19 for 90232 not found
MT3 for 90232 not found
MT  3 20 for 90232 not found
Create input file for pfns for k= 26 and energy number 44 (out of 50)
MT3 for 90232 not found
MT  3 19 for 90232 not found
MT3 for 90232 not found
MT  3 20 for 90232 not found
Create input file for pfns for k= 27 and energy number 44 (out of 50)
MT3 for 90232 not found
MT  3 19 for 90232 not found
MT3 for 90232 not found
MT  3 20 for 90232 not found
Create input file for pfns for k= 28 and energy number 44 (out of 50)
MT3 for 90232 not found
MT  3 19 for 90232 not found
MT3 for 90232 not found
MT  3 20 for 90232 not found
Create input file for pfns for k= 29 and energy number 44 (out of 50)
MT3 for 90232 not found
MT  3 19 for 90232 not found
MT3 for 90232 not found
MT  3 20 for 90232 not found
Create input file for pfns for k= 30 and energy number 44 (out of 50)
MT3 for 90232 not found
MT  3 19 for 90232 not found
MT3 for 90232 not found
MT  3 20 for 90232 not found
Create input file for pfns for k= 31 and energy number 44 (out of 50)
MT3 for 90232 not found
MT  3 19 for 90232 not found
MT3 for 90232 not found
MT  3 20 for 90232 not found
Create input file for pfns for k= 32 and energy number 44 (out of 50)
MT3 for 90232 not found
MT  3 19 for 90232 not found
MT3 for 90232 not found
MT  3 20 for 90232 not found
Create input file for pfns for k= 33 and energy number 44 (out of 50)
MT3 for 90232 not found
MT  3 19 for 90232 not found
MT3 for 90232 not found
MT  3 20 for 90232 not found
Create input file for pfns for k= 34 and energy number 44 (out of 50)
MT3 for 90232 not found
MT  3 19 for 90232 not found
MT3 for 90232 not found
MT  3 20 for 90232 not found
Create input file for pfns for k= 35 and energy number 44 (out of 50)
MT3 for 90232 not found
MT  3 19 for 90232 not found
MT3 for 90232 not found
MT  3 20 for 90232 not found
Create input file for pfns for k= 36 and energy number 44 (out of 50)
MT3 for 90232 not found
MT  3 19 for 90232 not found
MT3 for 90232 not found
MT  3 20 for 90232 not found
Create input file for pfns for k= 37 and energy number 44 (out of 50)
MT3 for 90232 not found
MT  3 19 for 90232 not found
MT3 for 90232 not found
MT  3 20 for 90232 not found
Create input file for pfns for k= 38 and energy number 44 (out of 50)
MT3 for 90232 not found
MT  3 19 for 90232 not found
MT3 for 90232 not found
MT  3 20 for 90232 not found
Create input file for pfns for k= 39 and energy number 44 (out of 50)
MT3 for 90232 not found
MT  3 19 for 90232 not found
MT3 for 90232 not found
MT  3 20 for 90232 not found
Create input file for pfns for k= 40 and energy number 44 (out of 50)
MT3 for 90232 not found
MT  3 19 for 90232 not found
MT3 for 90232 not found
MT  3 20 for 90232 not found
Create input file for pfns for k= 41 and energy number 44 (out of 50)
MT3 for 90232 not found
MT  3 19 for 90232 not found
MT3 for 90232 not found
MT  3 20 for 90232 not found
Create input file for pfns for k= 42 and energy number 44 (out of 50)
MT3 for 90232 not found
MT  3 19 for 90232 not found
MT3 for 90232 not found
MT  3 20 for 90232 not found
Create input file for pfns for k= 43 and energy number 44 (out of 50)
MT3 for 90232 not found
MT  3 19 for 90232 not found
MT3 for 90232 not found
MT  3 20 for 90232 not found
Create input file for pfns for k= 44 and energy number 44 (out of 50)
MT3 for 90232 not found
MT  3 19 for 90232 not found
MT3 for 90232 not found
MT  3 20 for 90232 not found
Create input file for pfns for k= 45 and energy number 44 (out of 50)
MT3 for 90232 not found
MT  3 19 for 90232 not found
MT3 for 90232 not found
MT  3 20 for 90232 not found
Create input file for pfns for k= 46 and energy number 44 (out of 50)
MT3 for 90232 not found
MT  3 19 for 90232 not found
MT3 for 90232 not found
MT  3 20 for 90232 not found
Create input file for pfns for k= 47 and energy number 44 (out of 50)
MT3 for 90232 not found
MT  3 19 for 90232 not found
MT3 for 90232 not found
MT  3 20 for 90232 not found
Create input file for pfns for k= 48 and energy number 44 (out of 50)
MT3 for 90232 not found
MT  3 19 for 90232 not found
MT3 for 90232 not found
MT  3 20 for 90232 not found
Create input file for pfns for k= 49 and energy number 44 (out of 50)
MT3 for 90232 not found
MT  3 19 for 90232 not found
MT3 for 90232 not found
MT  3 20 for 90232 not found
Create input file for pfns for k= 50 and energy number 44 (out of 50)
MT3 for 90232 not found
MT  3 19 for 90232 not found
MT3 for 90232 not found
MT  3 20 for 90232 not found
Create input file for pfns for k= 51 and energy number 44 (out of 50)
MT3 for 90232 not found
MT  3 19 for 90232 not found
MT3 for 90232 not found
MT  3 20 for 90232 not found
Create input file for pfns for k= 52 and energy number 44 (out of 50)
MT3 for 90232 not found
MT  3 19 for 90232 not found
MT3 for 90232 not found
MT  3 20 for 90232 not found
Create input file for pfns for k= 53 and energy number 44 (out of 50)
MT3 for 90232 not found
MT  3 19 for 90232 not found
MT3 for 90232 not found
MT  3 20 for 90232 not found
Create input file for pfns for k= 54 and energy number 44 (out of 50)
MT3 for 90232 not found
MT  3 19 for 90232 not found
MT3 for 90232 not found
MT  3 20 for 90232 not found
Create input file for pfns for k= 55 and energy number 44 (out of 50)
MT3 for 90232 not found
MT  3 19 for 90232 not found
MT3 for 90232 not found
MT  3 20 for 90232 not found
Create input file for pfns for k= 56 and energy number 44 (out of 50)
MT3 for 90232 not found
MT  3 19 for 90232 not found
MT3 for 90232 not found
MT  3 20 for 90232 not found
Create input file for pfns for k= 57 and energy number 44 (out of 50)
MT3 for 90232 not found
MT  3 19 for 90232 not found
MT3 for 90232 not found
MT  3 20 for 90232 not found
Create input file for pfns for k= 58 and energy number 44 (out of 50)
MT3 for 90232 not found
MT  3 19 for 90232 not found
MT3 for 90232 not found
MT  3 20 for 90232 not found
Create input file for pfns for k= 59 and energy number 44 (out of 50)
MT3 for 90232 not found
MT  3 19 for 90232 not found
MT3 for 90232 not found
MT  3 20 for 90232 not found
Create input file for pfns for k= 60 and energy number 44 (out of 50)
MT3 for 90232 not found
MT  3 19 for 90232 not found
MT3 for 90232 not found
MT  3 20 for 90232 not found
Create input file for pfns for k= 61 and energy number 44 (out of 50)
MT3 for 90232 not found
MT  3 19 for 90232 not found
MT3 for 90232 not found
MT  3 20 for 90232 not found
Create input file for pfns for k= 62 and energy number 44 (out of 50)
MT3 for 90232 not found
MT  3 19 for 90232 not found
MT3 for 90232 not found
MT  3 20 for 90232 not found
Create input file for pfns for k= 63 and energy number 44 (out of 50)
MT3 for 90232 not found
MT  3 19 for 90232 not found
MT3 for 90232 not found
MT  3 20 for 90232 not found
Create input file for pfns for k= 64 and energy number 44 (out of 50)
MT3 for 90232 not found
MT  3 19 for 90232 not found
MT3 for 90232 not found
MT  3 20 for 90232 not found
Create input file for pfns for k= 65 and energy number 44 (out of 50)
MT3 for 90232 not found
MT  3 19 for 90232 not found
MT3 for 90232 not found
MT  3 20 for 90232 not found
Create input file for pfns for k= 66 and energy number 44 (out of 50)
MT3 for 90232 not found
MT  3 19 for 90232 not found
MT3 for 90232 not found
MT  3 20 for 90232 not found
Create input file for pfns for k= 67 and energy number 44 (out of 50)
MT3 for 90232 not found
MT  3 19 for 90232 not found
MT3 for 90232 not found
MT  3 20 for 90232 not found
Create input file for pfns for k= 68 and energy number 44 (out of 50)
MT3 for 90232 not found
MT  3 19 for 90232 not found
MT3 for 90232 not found
MT  3 20 for 90232 not found
Create input file for pfns for k= 69 and energy number 44 (out of 50)
MT3 for 90232 not found
MT  3 19 for 90232 not found
MT3 for 90232 not found
MT  3 20 for 90232 not found
Create input file for pfns for k= 70 and energy number 44 (out of 50)
MT3 for 90232 not found
MT  3 19 for 90232 not found
MT3 for 90232 not found
MT  3 20 for 90232 not found
Create input file for pfns for k= 71 and energy number 44 (out of 50)
MT3 for 90232 not found
MT  3 19 for 90232 not found
MT3 for 90232 not found
MT  3 20 for 90232 not found
Create input file for pfns for k= 72 and energy number 44 (out of 50)
MT3 for 90232 not found
MT  3 19 for 90232 not found
MT3 for 90232 not found
MT  3 20 for 90232 not found
Create input file for pfns for k= 73 and energy number 44 (out of 50)
MT3 for 90232 not found
MT  3 19 for 90232 not found
MT3 for 90232 not found
MT  3 20 for 90232 not found
Create input file for pfns for k= 74 and energy number 44 (out of 50)
MT3 for 90232 not found
MT  3 19 for 90232 not found
MT3 for 90232 not found
MT  3 20 for 90232 not found
Create input file for pfns for k= 75 and energy number 44 (out of 50)
MT3 for 90232 not found
MT  3 19 for 90232 not found
MT3 for 90232 not found
MT  3 20 for 90232 not found
Create input file for pfns for k= 76 and energy number 44 (out of 50)
MT3 for 90232 not found
MT  3 19 for 90232 not found
MT3 for 90232 not found
MT  3 20 for 90232 not found
Create input file for pfns for k= 77 and energy number 44 (out of 50)
MT3 for 90232 not found
MT  3 19 for 90232 not found
MT3 for 90232 not found
MT  3 20 for 90232 not found
Create input file for pfns for k= 78 and energy number 44 (out of 50)
MT3 for 90232 not found
MT  3 19 for 90232 not found
MT3 for 90232 not found
MT  3 20 for 90232 not found
Create input file for pfns for k= 79 and energy number 44 (out of 50)
MT3 for 90232 not found
MT  3 19 for 90232 not found
MT3 for 90232 not found
MT  3 20 for 90232 not found
Create input file for pfns for k= 80 and energy number 44 (out of 50)
MT3 for 90232 not found
MT  3 19 for 90232 not found
MT3 for 90232 not found
MT  3 20 for 90232 not found
Create input file for pfns for k= 81 and energy number 44 (out of 50)
MT3 for 90232 not found
MT  3 19 for 90232 not found
MT3 for 90232 not found
MT  3 20 for 90232 not found
Create input file for pfns for k= 82 and energy number 44 (out of 50)
MT3 for 90232 not found
MT  3 19 for 90232 not found
MT3 for 90232 not found
MT  3 20 for 90232 not found
Create input file for pfns for k= 83 and energy number 44 (out of 50)
MT3 for 90232 not found
MT  3 19 for 90232 not found
MT3 for 90232 not found
MT  3 20 for 90232 not found
Create input file for pfns for k= 84 and energy number 44 (out of 50)
MT3 for 90232 not found
MT  3 19 for 90232 not found
MT3 for 90232 not found
MT  3 20 for 90232 not found
Create input file for pfns for k= 85 and energy number 44 (out of 50)
MT3 for 90232 not found
MT  3 19 for 90232 not found
MT3 for 90232 not found
MT  3 20 for 90232 not found
Create input file for pfns for k= 86 and energy number 44 (out of 50)
MT3 for 90232 not found
MT  3 19 for 90232 not found
MT3 for 90232 not found
MT  3 20 for 90232 not found
Create input file for pfns for k= 87 and energy number 44 (out of 50)
MT3 for 90232 not found
MT  3 19 for 90232 not found
MT3 for 90232 not found
MT  3 20 for 90232 not found
Create input file for pfns for k= 88 and energy number 44 (out of 50)
MT3 for 90232 not found
MT  3 19 for 90232 not found
MT3 for 90232 not found
MT  3 20 for 90232 not found
Create input file for pfns for k= 89 and energy number 44 (out of 50)
MT3 for 90232 not found
MT  3 19 for 90232 not found
MT3 for 90232 not found
MT  3 20 for 90232 not found
Create input file for pfns for k= 90 and energy number 44 (out of 50)
MT3 for 90232 not found
MT  3 19 for 90232 not found
MT3 for 90232 not found
MT  3 20 for 90232 not found
Create input file for pfns for k= 91 and energy number 44 (out of 50)
MT3 for 90232 not found
MT  3 19 for 90232 not found
MT3 for 90232 not found
MT  3 20 for 90232 not found
Create input file for pfns for k= 92 and energy number 44 (out of 50)
MT3 for 90232 not found
MT  3 19 for 90232 not found
MT3 for 90232 not found
MT  3 20 for 90232 not found
Create input file for pfns for k= 93 and energy number 44 (out of 50)
MT3 for 90232 not found
MT  3 19 for 90232 not found
MT3 for 90232 not found
MT  3 20 for 90232 not found
Create input file for pfns for k= 94 and energy number 44 (out of 50)
MT3 for 90232 not found
MT  3 19 for 90232 not found
MT3 for 90232 not found
MT  3 20 for 90232 not found
Create input file for pfns for k= 95 and energy number 44 (out of 50)
MT3 for 90232 not found
MT  3 19 for 90232 not found
MT3 for 90232 not found
MT  3 20 for 90232 not found
Create input file for pfns for k= 96 and energy number 44 (out of 50)
MT3 for 90232 not found
MT  3 19 for 90232 not found
MT3 for 90232 not found
MT  3 20 for 90232 not found
Create input file for pfns for k= 97 and energy number 44 (out of 50)
MT3 for 90232 not found
MT  3 19 for 90232 not found
MT3 for 90232 not found
MT  3 20 for 90232 not found
Create input file for pfns for k= 98 and energy number 44 (out of 50)
MT3 for 90232 not found
MT  3 19 for 90232 not found
MT3 for 90232 not found
MT  3 20 for 90232 not found
Create input file for pfns for k= 99 and energy number 44 (out of 50)
MT3 for 90232 not found
MT  3 19 for 90232 not found
MT3 for 90232 not found
MT  3 20 for 90232 not found
Create input file for pfns for k= 100 and energy number 44 (out of 50)
MT3 for 90232 not found
MT  3 19 for 90232 not found
MT3 for 90232 not found
MT  3 20 for 90232 not found
Create input file for pfns for k= 0 and energy number 45 (out of 50)
MT3 for 90232 not found
MT  3 19 for 90232 not found
MT3 for 90232 not found
MT  3 20 for 90232 not found
Create input file for pfns for k= 1 and energy number 45 (out of 50)
MT3 for 90232 not found
MT  3 19 for 90232 not found
MT3 for 90232 not found
MT  3 20 for 90232 not found
Create input file for pfns for k= 2 and energy number 45 (out of 50)
MT3 for 90232 not found
MT  3 19 for 90232 not found
MT3 for 90232 not found
MT  3 20 for 90232 not found
Create input file for pfns for k= 3 and energy number 45 (out of 50)
MT3 for 90232 not found
MT  3 19 for 90232 not found
MT3 for 90232 not found
MT  3 20 for 90232 not found
Create input file for pfns for k= 4 and energy number 45 (out of 50)
MT3 for 90232 not found
MT  3 19 for 90232 not found
MT3 for 90232 not found
MT  3 20 for 90232 not found
Create input file for pfns for k= 5 and energy number 45 (out of 50)
MT3 for 90232 not found
MT  3 19 for 90232 not found
MT3 for 90232 not found
MT  3 20 for 90232 not found
Create input file for pfns for k= 6 and energy number 45 (out of 50)
MT3 for 90232 not found
MT  3 19 for 90232 not found
MT3 for 90232 not found
MT  3 20 for 90232 not found
Create input file for pfns for k= 7 and energy number 45 (out of 50)
MT3 for 90232 not found
MT  3 19 for 90232 not found
MT3 for 90232 not found
MT  3 20 for 90232 not found
Create input file for pfns for k= 8 and energy number 45 (out of 50)
MT3 for 90232 not found
MT  3 19 for 90232 not found
MT3 for 90232 not found
MT  3 20 for 90232 not found
Create input file for pfns for k= 9 and energy number 45 (out of 50)
MT3 for 90232 not found
MT  3 19 for 90232 not found
MT3 for 90232 not found
MT  3 20 for 90232 not found
Create input file for pfns for k= 10 and energy number 45 (out of 50)
MT3 for 90232 not found
MT  3 19 for 90232 not found
MT3 for 90232 not found
MT  3 20 for 90232 not found
Create input file for pfns for k= 11 and energy number 45 (out of 50)
MT3 for 90232 not found
MT  3 19 for 90232 not found
MT3 for 90232 not found
MT  3 20 for 90232 not found
Create input file for pfns for k= 12 and energy number 45 (out of 50)
MT3 for 90232 not found
MT  3 19 for 90232 not found
MT3 for 90232 not found
MT  3 20 for 90232 not found
Create input file for pfns for k= 13 and energy number 45 (out of 50)
MT3 for 90232 not found
MT  3 19 for 90232 not found
MT3 for 90232 not found
MT  3 20 for 90232 not found
Create input file for pfns for k= 14 and energy number 45 (out of 50)
MT3 for 90232 not found
MT  3 19 for 90232 not found
MT3 for 90232 not found
MT  3 20 for 90232 not found
Create input file for pfns for k= 15 and energy number 45 (out of 50)
MT3 for 90232 not found
MT  3 19 for 90232 not found
MT3 for 90232 not found
MT  3 20 for 90232 not found
Create input file for pfns for k= 16 and energy number 45 (out of 50)
MT3 for 90232 not found
MT  3 19 for 90232 not found
MT3 for 90232 not found
MT  3 20 for 90232 not found
Create input file for pfns for k= 17 and energy number 45 (out of 50)
MT3 for 90232 not found
MT  3 19 for 90232 not found
MT3 for 90232 not found
MT  3 20 for 90232 not found
Create input file for pfns for k= 18 and energy number 45 (out of 50)
MT3 for 90232 not found
MT  3 19 for 90232 not found
MT3 for 90232 not found
MT  3 20 for 90232 not found
Create input file for pfns for k= 19 and energy number 45 (out of 50)
MT3 for 90232 not found
MT  3 19 for 90232 not found
MT3 for 90232 not found
MT  3 20 for 90232 not found
Create input file for pfns for k= 20 and energy number 45 (out of 50)
MT3 for 90232 not found
MT  3 19 for 90232 not found
MT3 for 90232 not found
MT  3 20 for 90232 not found
Create input file for pfns for k= 21 and energy number 45 (out of 50)
MT3 for 90232 not found
MT  3 19 for 90232 not found
MT3 for 90232 not found
MT  3 20 for 90232 not found
Create input file for pfns for k= 22 and energy number 45 (out of 50)
MT3 for 90232 not found
MT  3 19 for 90232 not found
MT3 for 90232 not found
MT  3 20 for 90232 not found
Create input file for pfns for k= 23 and energy number 45 (out of 50)
MT3 for 90232 not found
MT  3 19 for 90232 not found
MT3 for 90232 not found
MT  3 20 for 90232 not found
Create input file for pfns for k= 24 and energy number 45 (out of 50)
MT3 for 90232 not found
MT  3 19 for 90232 not found
MT3 for 90232 not found
MT  3 20 for 90232 not found
Create input file for pfns for k= 25 and energy number 45 (out of 50)
MT3 for 90232 not found
MT  3 19 for 90232 not found
MT3 for 90232 not found
MT  3 20 for 90232 not found
Create input file for pfns for k= 26 and energy number 45 (out of 50)
MT3 for 90232 not found
MT  3 19 for 90232 not found
MT3 for 90232 not found
MT  3 20 for 90232 not found
Create input file for pfns for k= 27 and energy number 45 (out of 50)
MT3 for 90232 not found
MT  3 19 for 90232 not found
MT3 for 90232 not found
MT  3 20 for 90232 not found
Create input file for pfns for k= 28 and energy number 45 (out of 50)
MT3 for 90232 not found
MT  3 19 for 90232 not found
MT3 for 90232 not found
MT  3 20 for 90232 not found
Create input file for pfns for k= 29 and energy number 45 (out of 50)
MT3 for 90232 not found
MT  3 19 for 90232 not found
MT3 for 90232 not found
MT  3 20 for 90232 not found
Create input file for pfns for k= 30 and energy number 45 (out of 50)
MT3 for 90232 not found
MT  3 19 for 90232 not found
MT3 for 90232 not found
MT  3 20 for 90232 not found
Create input file for pfns for k= 31 and energy number 45 (out of 50)
MT3 for 90232 not found
MT  3 19 for 90232 not found
MT3 for 90232 not found
MT  3 20 for 90232 not found
Create input file for pfns for k= 32 and energy number 45 (out of 50)
MT3 for 90232 not found
MT  3 19 for 90232 not found
MT3 for 90232 not found
MT  3 20 for 90232 not found
Create input file for pfns for k= 33 and energy number 45 (out of 50)
MT3 for 90232 not found
MT  3 19 for 90232 not found
MT3 for 90232 not found
MT  3 20 for 90232 not found
Create input file for pfns for k= 34 and energy number 45 (out of 50)
MT3 for 90232 not found
MT  3 19 for 90232 not found
MT3 for 90232 not found
MT  3 20 for 90232 not found
Create input file for pfns for k= 35 and energy number 45 (out of 50)
MT3 for 90232 not found
MT  3 19 for 90232 not found
MT3 for 90232 not found
MT  3 20 for 90232 not found
Create input file for pfns for k= 36 and energy number 45 (out of 50)
MT3 for 90232 not found
MT  3 19 for 90232 not found
MT3 for 90232 not found
MT  3 20 for 90232 not found
Create input file for pfns for k= 37 and energy number 45 (out of 50)
MT3 for 90232 not found
MT  3 19 for 90232 not found
MT3 for 90232 not found
MT  3 20 for 90232 not found
Create input file for pfns for k= 38 and energy number 45 (out of 50)
MT3 for 90232 not found
MT  3 19 for 90232 not found
MT3 for 90232 not found
MT  3 20 for 90232 not found
Create input file for pfns for k= 39 and energy number 45 (out of 50)
MT3 for 90232 not found
MT  3 19 for 90232 not found
MT3 for 90232 not found
MT  3 20 for 90232 not found
Create input file for pfns for k= 40 and energy number 45 (out of 50)
MT3 for 90232 not found
MT  3 19 for 90232 not found
MT3 for 90232 not found
MT  3 20 for 90232 not found
Create input file for pfns for k= 41 and energy number 45 (out of 50)
MT3 for 90232 not found
MT  3 19 for 90232 not found
MT3 for 90232 not found
MT  3 20 for 90232 not found
Create input file for pfns for k= 42 and energy number 45 (out of 50)
MT3 for 90232 not found
MT  3 19 for 90232 not found
MT3 for 90232 not found
MT  3 20 for 90232 not found
Create input file for pfns for k= 43 and energy number 45 (out of 50)
MT3 for 90232 not found
MT  3 19 for 90232 not found
MT3 for 90232 not found
MT  3 20 for 90232 not found
Create input file for pfns for k= 44 and energy number 45 (out of 50)
MT3 for 90232 not found
MT  3 19 for 90232 not found
MT3 for 90232 not found
MT  3 20 for 90232 not found
Create input file for pfns for k= 45 and energy number 45 (out of 50)
MT3 for 90232 not found
MT  3 19 for 90232 not found
MT3 for 90232 not found
MT  3 20 for 90232 not found
Create input file for pfns for k= 46 and energy number 45 (out of 50)
MT3 for 90232 not found
MT  3 19 for 90232 not found
MT3 for 90232 not found
MT  3 20 for 90232 not found
Create input file for pfns for k= 47 and energy number 45 (out of 50)
MT3 for 90232 not found
MT  3 19 for 90232 not found
MT3 for 90232 not found
MT  3 20 for 90232 not found
Create input file for pfns for k= 48 and energy number 45 (out of 50)
MT3 for 90232 not found
MT  3 19 for 90232 not found
MT3 for 90232 not found
MT  3 20 for 90232 not found
Create input file for pfns for k= 49 and energy number 45 (out of 50)
MT3 for 90232 not found
MT  3 19 for 90232 not found
MT3 for 90232 not found
MT  3 20 for 90232 not found
Create input file for pfns for k= 50 and energy number 45 (out of 50)
MT3 for 90232 not found
MT  3 19 for 90232 not found
MT3 for 90232 not found
MT  3 20 for 90232 not found
Create input file for pfns for k= 51 and energy number 45 (out of 50)
MT3 for 90232 not found
MT  3 19 for 90232 not found
MT3 for 90232 not found
MT  3 20 for 90232 not found
Create input file for pfns for k= 52 and energy number 45 (out of 50)
MT3 for 90232 not found
MT  3 19 for 90232 not found
MT3 for 90232 not found
MT  3 20 for 90232 not found
Create input file for pfns for k= 53 and energy number 45 (out of 50)
MT3 for 90232 not found
MT  3 19 for 90232 not found
MT3 for 90232 not found
MT  3 20 for 90232 not found
Create input file for pfns for k= 54 and energy number 45 (out of 50)
MT3 for 90232 not found
MT  3 19 for 90232 not found
MT3 for 90232 not found
MT  3 20 for 90232 not found
Create input file for pfns for k= 55 and energy number 45 (out of 50)
MT3 for 90232 not found
MT  3 19 for 90232 not found
MT3 for 90232 not found
MT  3 20 for 90232 not found
Create input file for pfns for k= 56 and energy number 45 (out of 50)
MT3 for 90232 not found
MT  3 19 for 90232 not found
MT3 for 90232 not found
MT  3 20 for 90232 not found
Create input file for pfns for k= 57 and energy number 45 (out of 50)
MT3 for 90232 not found
MT  3 19 for 90232 not found
MT3 for 90232 not found
MT  3 20 for 90232 not found
Create input file for pfns for k= 58 and energy number 45 (out of 50)
MT3 for 90232 not found
MT  3 19 for 90232 not found
MT3 for 90232 not found
MT  3 20 for 90232 not found
Create input file for pfns for k= 59 and energy number 45 (out of 50)
MT3 for 90232 not found
MT  3 19 for 90232 not found
MT3 for 90232 not found
MT  3 20 for 90232 not found
Create input file for pfns for k= 60 and energy number 45 (out of 50)
MT3 for 90232 not found
MT  3 19 for 90232 not found
MT3 for 90232 not found
MT  3 20 for 90232 not found
Create input file for pfns for k= 61 and energy number 45 (out of 50)
MT3 for 90232 not found
MT  3 19 for 90232 not found
MT3 for 90232 not found
MT  3 20 for 90232 not found
Create input file for pfns for k= 62 and energy number 45 (out of 50)
MT3 for 90232 not found
MT  3 19 for 90232 not found
MT3 for 90232 not found
MT  3 20 for 90232 not found
Create input file for pfns for k= 63 and energy number 45 (out of 50)
MT3 for 90232 not found
MT  3 19 for 90232 not found
MT3 for 90232 not found
MT  3 20 for 90232 not found
Create input file for pfns for k= 64 and energy number 45 (out of 50)
MT3 for 90232 not found
MT  3 19 for 90232 not found
MT3 for 90232 not found
MT  3 20 for 90232 not found
Create input file for pfns for k= 65 and energy number 45 (out of 50)
MT3 for 90232 not found
MT  3 19 for 90232 not found
MT3 for 90232 not found
MT  3 20 for 90232 not found
Create input file for pfns for k= 66 and energy number 45 (out of 50)
MT3 for 90232 not found
MT  3 19 for 90232 not found
MT3 for 90232 not found
MT  3 20 for 90232 not found
Create input file for pfns for k= 67 and energy number 45 (out of 50)
MT3 for 90232 not found
MT  3 19 for 90232 not found
MT3 for 90232 not found
MT  3 20 for 90232 not found
Create input file for pfns for k= 68 and energy number 45 (out of 50)
MT3 for 90232 not found
MT  3 19 for 90232 not found
MT3 for 90232 not found
MT  3 20 for 90232 not found
Create input file for pfns for k= 69 and energy number 45 (out of 50)
MT3 for 90232 not found
MT  3 19 for 90232 not found
MT3 for 90232 not found
MT  3 20 for 90232 not found
Create input file for pfns for k= 70 and energy number 45 (out of 50)
MT3 for 90232 not found
MT  3 19 for 90232 not found
MT3 for 90232 not found
MT  3 20 for 90232 not found
Create input file for pfns for k= 71 and energy number 45 (out of 50)
MT3 for 90232 not found
MT  3 19 for 90232 not found
MT3 for 90232 not found
MT  3 20 for 90232 not found
Create input file for pfns for k= 72 and energy number 45 (out of 50)
MT3 for 90232 not found
MT  3 19 for 90232 not found
MT3 for 90232 not found
MT  3 20 for 90232 not found
Create input file for pfns for k= 73 and energy number 45 (out of 50)
MT3 for 90232 not found
MT  3 19 for 90232 not found
MT3 for 90232 not found
MT  3 20 for 90232 not found
Create input file for pfns for k= 74 and energy number 45 (out of 50)
MT3 for 90232 not found
MT  3 19 for 90232 not found
MT3 for 90232 not found
MT  3 20 for 90232 not found
Create input file for pfns for k= 75 and energy number 45 (out of 50)
MT3 for 90232 not found
MT  3 19 for 90232 not found
MT3 for 90232 not found
MT  3 20 for 90232 not found
Create input file for pfns for k= 76 and energy number 45 (out of 50)
MT3 for 90232 not found
MT  3 19 for 90232 not found
MT3 for 90232 not found
MT  3 20 for 90232 not found
Create input file for pfns for k= 77 and energy number 45 (out of 50)
MT3 for 90232 not found
MT  3 19 for 90232 not found
MT3 for 90232 not found
MT  3 20 for 90232 not found
Create input file for pfns for k= 78 and energy number 45 (out of 50)
MT3 for 90232 not found
MT  3 19 for 90232 not found
MT3 for 90232 not found
MT  3 20 for 90232 not found
Create input file for pfns for k= 79 and energy number 45 (out of 50)
MT3 for 90232 not found
MT  3 19 for 90232 not found
MT3 for 90232 not found
MT  3 20 for 90232 not found
Create input file for pfns for k= 80 and energy number 45 (out of 50)
MT3 for 90232 not found
MT  3 19 for 90232 not found
MT3 for 90232 not found
MT  3 20 for 90232 not found
Create input file for pfns for k= 81 and energy number 45 (out of 50)
MT3 for 90232 not found
MT  3 19 for 90232 not found
MT3 for 90232 not found
MT  3 20 for 90232 not found
Create input file for pfns for k= 82 and energy number 45 (out of 50)
MT3 for 90232 not found
MT  3 19 for 90232 not found
MT3 for 90232 not found
MT  3 20 for 90232 not found
Create input file for pfns for k= 83 and energy number 45 (out of 50)
MT3 for 90232 not found
MT  3 19 for 90232 not found
MT3 for 90232 not found
MT  3 20 for 90232 not found
Create input file for pfns for k= 84 and energy number 45 (out of 50)
MT3 for 90232 not found
MT  3 19 for 90232 not found
MT3 for 90232 not found
MT  3 20 for 90232 not found
Create input file for pfns for k= 85 and energy number 45 (out of 50)
MT3 for 90232 not found
MT  3 19 for 90232 not found
MT3 for 90232 not found
MT  3 20 for 90232 not found
Create input file for pfns for k= 86 and energy number 45 (out of 50)
MT3 for 90232 not found
MT  3 19 for 90232 not found
MT3 for 90232 not found
MT  3 20 for 90232 not found
Create input file for pfns for k= 87 and energy number 45 (out of 50)
MT3 for 90232 not found
MT  3 19 for 90232 not found
MT3 for 90232 not found
MT  3 20 for 90232 not found
Create input file for pfns for k= 88 and energy number 45 (out of 50)
MT3 for 90232 not found
MT  3 19 for 90232 not found
MT3 for 90232 not found
MT  3 20 for 90232 not found
Create input file for pfns for k= 89 and energy number 45 (out of 50)
MT3 for 90232 not found
MT  3 19 for 90232 not found
MT3 for 90232 not found
MT  3 20 for 90232 not found
Create input file for pfns for k= 90 and energy number 45 (out of 50)
MT3 for 90232 not found
MT  3 19 for 90232 not found
MT3 for 90232 not found
MT  3 20 for 90232 not found
Create input file for pfns for k= 91 and energy number 45 (out of 50)
MT3 for 90232 not found
MT  3 19 for 90232 not found
MT3 for 90232 not found
MT  3 20 for 90232 not found
Create input file for pfns for k= 92 and energy number 45 (out of 50)
MT3 for 90232 not found
MT  3 19 for 90232 not found
MT3 for 90232 not found
MT  3 20 for 90232 not found
Create input file for pfns for k= 93 and energy number 45 (out of 50)
MT3 for 90232 not found
MT  3 19 for 90232 not found
MT3 for 90232 not found
MT  3 20 for 90232 not found
Create input file for pfns for k= 94 and energy number 45 (out of 50)
MT3 for 90232 not found
MT  3 19 for 90232 not found
MT3 for 90232 not found
MT  3 20 for 90232 not found
Create input file for pfns for k= 95 and energy number 45 (out of 50)
MT3 for 90232 not found
MT  3 19 for 90232 not found
MT3 for 90232 not found
MT  3 20 for 90232 not found
Create input file for pfns for k= 96 and energy number 45 (out of 50)
MT3 for 90232 not found
MT  3 19 for 90232 not found
MT3 for 90232 not found
MT  3 20 for 90232 not found
Create input file for pfns for k= 97 and energy number 45 (out of 50)
MT3 for 90232 not found
MT  3 19 for 90232 not found
MT3 for 90232 not found
MT  3 20 for 90232 not found
Create input file for pfns for k= 98 and energy number 45 (out of 50)
MT3 for 90232 not found
MT  3 19 for 90232 not found
MT3 for 90232 not found
MT  3 20 for 90232 not found
Create input file for pfns for k= 99 and energy number 45 (out of 50)
MT3 for 90232 not found
MT  3 19 for 90232 not found
MT3 for 90232 not found
MT  3 20 for 90232 not found
Create input file for pfns for k= 100 and energy number 45 (out of 50)
MT3 for 90232 not found
MT  3 19 for 90232 not found
MT3 for 90232 not found
MT  3 20 for 90232 not found
Create input file for pfns for k= 0 and energy number 46 (out of 50)
MT3 for 90232 not found
MT  3 19 for 90232 not found
MT3 for 90232 not found
MT  3 20 for 90232 not found
Create input file for pfns for k= 1 and energy number 46 (out of 50)
MT3 for 90232 not found
MT  3 19 for 90232 not found
MT3 for 90232 not found
MT  3 20 for 90232 not found
Create input file for pfns for k= 2 and energy number 46 (out of 50)
MT3 for 90232 not found
MT  3 19 for 90232 not found
MT3 for 90232 not found
MT  3 20 for 90232 not found
Create input file for pfns for k= 3 and energy number 46 (out of 50)
MT3 for 90232 not found
MT  3 19 for 90232 not found
MT3 for 90232 not found
MT  3 20 for 90232 not found
Create input file for pfns for k= 4 and energy number 46 (out of 50)
MT3 for 90232 not found
MT  3 19 for 90232 not found
MT3 for 90232 not found
MT  3 20 for 90232 not found
Create input file for pfns for k= 5 and energy number 46 (out of 50)
MT3 for 90232 not found
MT  3 19 for 90232 not found
MT3 for 90232 not found
MT  3 20 for 90232 not found
Create input file for pfns for k= 6 and energy number 46 (out of 50)
MT3 for 90232 not found
MT  3 19 for 90232 not found
MT3 for 90232 not found
MT  3 20 for 90232 not found
Create input file for pfns for k= 7 and energy number 46 (out of 50)
MT3 for 90232 not found
MT  3 19 for 90232 not found
MT3 for 90232 not found
MT  3 20 for 90232 not found
Create input file for pfns for k= 8 and energy number 46 (out of 50)
MT3 for 90232 not found
MT  3 19 for 90232 not found
MT3 for 90232 not found
MT  3 20 for 90232 not found
Create input file for pfns for k= 9 and energy number 46 (out of 50)
MT3 for 90232 not found
MT  3 19 for 90232 not found
MT3 for 90232 not found
MT  3 20 for 90232 not found
Create input file for pfns for k= 10 and energy number 46 (out of 50)
MT3 for 90232 not found
MT  3 19 for 90232 not found
MT3 for 90232 not found
MT  3 20 for 90232 not found
Create input file for pfns for k= 11 and energy number 46 (out of 50)
MT3 for 90232 not found
MT  3 19 for 90232 not found
MT3 for 90232 not found
MT  3 20 for 90232 not found
Create input file for pfns for k= 12 and energy number 46 (out of 50)
MT3 for 90232 not found
MT  3 19 for 90232 not found
MT3 for 90232 not found
MT  3 20 for 90232 not found
Create input file for pfns for k= 13 and energy number 46 (out of 50)
MT3 for 90232 not found
MT  3 19 for 90232 not found
MT3 for 90232 not found
MT  3 20 for 90232 not found
Create input file for pfns for k= 14 and energy number 46 (out of 50)
MT3 for 90232 not found
MT  3 19 for 90232 not found
MT3 for 90232 not found
MT  3 20 for 90232 not found
Create input file for pfns for k= 15 and energy number 46 (out of 50)
MT3 for 90232 not found
MT  3 19 for 90232 not found
MT3 for 90232 not found
MT  3 20 for 90232 not found
Create input file for pfns for k= 16 and energy number 46 (out of 50)
MT3 for 90232 not found
MT  3 19 for 90232 not found
MT3 for 90232 not found
MT  3 20 for 90232 not found
Create input file for pfns for k= 17 and energy number 46 (out of 50)
MT3 for 90232 not found
MT  3 19 for 90232 not found
MT3 for 90232 not found
MT  3 20 for 90232 not found
Create input file for pfns for k= 18 and energy number 46 (out of 50)
MT3 for 90232 not found
MT  3 19 for 90232 not found
MT3 for 90232 not found
MT  3 20 for 90232 not found
Create input file for pfns for k= 19 and energy number 46 (out of 50)
MT3 for 90232 not found
MT  3 19 for 90232 not found
MT3 for 90232 not found
MT  3 20 for 90232 not found
Create input file for pfns for k= 20 and energy number 46 (out of 50)
MT3 for 90232 not found
MT  3 19 for 90232 not found
MT3 for 90232 not found
MT  3 20 for 90232 not found
Create input file for pfns for k= 21 and energy number 46 (out of 50)
MT3 for 90232 not found
MT  3 19 for 90232 not found
MT3 for 90232 not found
MT  3 20 for 90232 not found
Create input file for pfns for k= 22 and energy number 46 (out of 50)
MT3 for 90232 not found
MT  3 19 for 90232 not found
MT3 for 90232 not found
MT  3 20 for 90232 not found
Create input file for pfns for k= 23 and energy number 46 (out of 50)
MT3 for 90232 not found
MT  3 19 for 90232 not found
MT3 for 90232 not found
MT  3 20 for 90232 not found
Create input file for pfns for k= 24 and energy number 46 (out of 50)
MT3 for 90232 not found
MT  3 19 for 90232 not found
MT3 for 90232 not found
MT  3 20 for 90232 not found
Create input file for pfns for k= 25 and energy number 46 (out of 50)
MT3 for 90232 not found
MT  3 19 for 90232 not found
MT3 for 90232 not found
MT  3 20 for 90232 not found
Create input file for pfns for k= 26 and energy number 46 (out of 50)
MT3 for 90232 not found
MT  3 19 for 90232 not found
MT3 for 90232 not found
MT  3 20 for 90232 not found
Create input file for pfns for k= 27 and energy number 46 (out of 50)
MT3 for 90232 not found
MT  3 19 for 90232 not found
MT3 for 90232 not found
MT  3 20 for 90232 not found
Create input file for pfns for k= 28 and energy number 46 (out of 50)
MT3 for 90232 not found
MT  3 19 for 90232 not found
MT3 for 90232 not found
MT  3 20 for 90232 not found
Create input file for pfns for k= 29 and energy number 46 (out of 50)
MT3 for 90232 not found
MT  3 19 for 90232 not found
MT3 for 90232 not found
MT  3 20 for 90232 not found
Create input file for pfns for k= 30 and energy number 46 (out of 50)
MT3 for 90232 not found
MT  3 19 for 90232 not found
MT3 for 90232 not found
MT  3 20 for 90232 not found
Create input file for pfns for k= 31 and energy number 46 (out of 50)
MT3 for 90232 not found
MT  3 19 for 90232 not found
MT3 for 90232 not found
MT  3 20 for 90232 not found
Create input file for pfns for k= 32 and energy number 46 (out of 50)
MT3 for 90232 not found
MT  3 19 for 90232 not found
MT3 for 90232 not found
MT  3 20 for 90232 not found
Create input file for pfns for k= 33 and energy number 46 (out of 50)
MT3 for 90232 not found
MT  3 19 for 90232 not found
MT3 for 90232 not found
MT  3 20 for 90232 not found
Create input file for pfns for k= 34 and energy number 46 (out of 50)
MT3 for 90232 not found
MT  3 19 for 90232 not found
MT3 for 90232 not found
MT  3 20 for 90232 not found
Create input file for pfns for k= 35 and energy number 46 (out of 50)
MT3 for 90232 not found
MT  3 19 for 90232 not found
MT3 for 90232 not found
MT  3 20 for 90232 not found
Create input file for pfns for k= 36 and energy number 46 (out of 50)
MT3 for 90232 not found
MT  3 19 for 90232 not found
MT3 for 90232 not found
MT  3 20 for 90232 not found
Create input file for pfns for k= 37 and energy number 46 (out of 50)
MT3 for 90232 not found
MT  3 19 for 90232 not found
MT3 for 90232 not found
MT  3 20 for 90232 not found
Create input file for pfns for k= 38 and energy number 46 (out of 50)
MT3 for 90232 not found
MT  3 19 for 90232 not found
MT3 for 90232 not found
MT  3 20 for 90232 not found
Create input file for pfns for k= 39 and energy number 46 (out of 50)
MT3 for 90232 not found
MT  3 19 for 90232 not found
MT3 for 90232 not found
MT  3 20 for 90232 not found
Create input file for pfns for k= 40 and energy number 46 (out of 50)
MT3 for 90232 not found
MT  3 19 for 90232 not found
MT3 for 90232 not found
MT  3 20 for 90232 not found
Create input file for pfns for k= 41 and energy number 46 (out of 50)
MT3 for 90232 not found
MT  3 19 for 90232 not found
MT3 for 90232 not found
MT  3 20 for 90232 not found
Create input file for pfns for k= 42 and energy number 46 (out of 50)
MT3 for 90232 not found
MT  3 19 for 90232 not found
MT3 for 90232 not found
MT  3 20 for 90232 not found
Create input file for pfns for k= 43 and energy number 46 (out of 50)
MT3 for 90232 not found
MT  3 19 for 90232 not found
MT3 for 90232 not found
MT  3 20 for 90232 not found
Create input file for pfns for k= 44 and energy number 46 (out of 50)
MT3 for 90232 not found
MT  3 19 for 90232 not found
MT3 for 90232 not found
MT  3 20 for 90232 not found
Create input file for pfns for k= 45 and energy number 46 (out of 50)
MT3 for 90232 not found
MT  3 19 for 90232 not found
MT3 for 90232 not found
MT  3 20 for 90232 not found
Create input file for pfns for k= 46 and energy number 46 (out of 50)
MT3 for 90232 not found
MT  3 19 for 90232 not found
MT3 for 90232 not found
MT  3 20 for 90232 not found
Create input file for pfns for k= 47 and energy number 46 (out of 50)
MT3 for 90232 not found
MT  3 19 for 90232 not found
MT3 for 90232 not found
MT  3 20 for 90232 not found
Create input file for pfns for k= 48 and energy number 46 (out of 50)
MT3 for 90232 not found
MT  3 19 for 90232 not found
MT3 for 90232 not found
MT  3 20 for 90232 not found
Create input file for pfns for k= 49 and energy number 46 (out of 50)
MT3 for 90232 not found
MT  3 19 for 90232 not found
MT3 for 90232 not found
MT  3 20 for 90232 not found
Create input file for pfns for k= 50 and energy number 46 (out of 50)
MT3 for 90232 not found
MT  3 19 for 90232 not found
MT3 for 90232 not found
MT  3 20 for 90232 not found
Create input file for pfns for k= 51 and energy number 46 (out of 50)
MT3 for 90232 not found
MT  3 19 for 90232 not found
MT3 for 90232 not found
MT  3 20 for 90232 not found
Create input file for pfns for k= 52 and energy number 46 (out of 50)
MT3 for 90232 not found
MT  3 19 for 90232 not found
MT3 for 90232 not found
MT  3 20 for 90232 not found
Create input file for pfns for k= 53 and energy number 46 (out of 50)
MT3 for 90232 not found
MT  3 19 for 90232 not found
MT3 for 90232 not found
MT  3 20 for 90232 not found
Create input file for pfns for k= 54 and energy number 46 (out of 50)
MT3 for 90232 not found
MT  3 19 for 90232 not found
MT3 for 90232 not found
MT  3 20 for 90232 not found
Create input file for pfns for k= 55 and energy number 46 (out of 50)
MT3 for 90232 not found
MT  3 19 for 90232 not found
MT3 for 90232 not found
MT  3 20 for 90232 not found
Create input file for pfns for k= 56 and energy number 46 (out of 50)
MT3 for 90232 not found
MT  3 19 for 90232 not found
MT3 for 90232 not found
MT  3 20 for 90232 not found
Create input file for pfns for k= 57 and energy number 46 (out of 50)
MT3 for 90232 not found
MT  3 19 for 90232 not found
MT3 for 90232 not found
MT  3 20 for 90232 not found
Create input file for pfns for k= 58 and energy number 46 (out of 50)
MT3 for 90232 not found
MT  3 19 for 90232 not found
MT3 for 90232 not found
MT  3 20 for 90232 not found
Create input file for pfns for k= 59 and energy number 46 (out of 50)
MT3 for 90232 not found
MT  3 19 for 90232 not found
MT3 for 90232 not found
MT  3 20 for 90232 not found
Create input file for pfns for k= 60 and energy number 46 (out of 50)
MT3 for 90232 not found
MT  3 19 for 90232 not found
MT3 for 90232 not found
MT  3 20 for 90232 not found
Create input file for pfns for k= 61 and energy number 46 (out of 50)
MT3 for 90232 not found
MT  3 19 for 90232 not found
MT3 for 90232 not found
MT  3 20 for 90232 not found
Create input file for pfns for k= 62 and energy number 46 (out of 50)
MT3 for 90232 not found
MT  3 19 for 90232 not found
MT3 for 90232 not found
MT  3 20 for 90232 not found
Create input file for pfns for k= 63 and energy number 46 (out of 50)
MT3 for 90232 not found
MT  3 19 for 90232 not found
MT3 for 90232 not found
MT  3 20 for 90232 not found
Create input file for pfns for k= 64 and energy number 46 (out of 50)
MT3 for 90232 not found
MT  3 19 for 90232 not found
MT3 for 90232 not found
MT  3 20 for 90232 not found
Create input file for pfns for k= 65 and energy number 46 (out of 50)
MT3 for 90232 not found
MT  3 19 for 90232 not found
MT3 for 90232 not found
MT  3 20 for 90232 not found
Create input file for pfns for k= 66 and energy number 46 (out of 50)
MT3 for 90232 not found
MT  3 19 for 90232 not found
MT3 for 90232 not found
MT  3 20 for 90232 not found
Create input file for pfns for k= 67 and energy number 46 (out of 50)
MT3 for 90232 not found
MT  3 19 for 90232 not found
MT3 for 90232 not found
MT  3 20 for 90232 not found
Create input file for pfns for k= 68 and energy number 46 (out of 50)
MT3 for 90232 not found
MT  3 19 for 90232 not found
MT3 for 90232 not found
MT  3 20 for 90232 not found
Create input file for pfns for k= 69 and energy number 46 (out of 50)
MT3 for 90232 not found
MT  3 19 for 90232 not found
MT3 for 90232 not found
MT  3 20 for 90232 not found
Create input file for pfns for k= 70 and energy number 46 (out of 50)
MT3 for 90232 not found
MT  3 19 for 90232 not found
MT3 for 90232 not found
MT  3 20 for 90232 not found
Create input file for pfns for k= 71 and energy number 46 (out of 50)
MT3 for 90232 not found
MT  3 19 for 90232 not found
MT3 for 90232 not found
MT  3 20 for 90232 not found
Create input file for pfns for k= 72 and energy number 46 (out of 50)
MT3 for 90232 not found
MT  3 19 for 90232 not found
MT3 for 90232 not found
MT  3 20 for 90232 not found
Create input file for pfns for k= 73 and energy number 46 (out of 50)
MT3 for 90232 not found
MT  3 19 for 90232 not found
MT3 for 90232 not found
MT  3 20 for 90232 not found
Create input file for pfns for k= 74 and energy number 46 (out of 50)
MT3 for 90232 not found
MT  3 19 for 90232 not found
MT3 for 90232 not found
MT  3 20 for 90232 not found
Create input file for pfns for k= 75 and energy number 46 (out of 50)
MT3 for 90232 not found
MT  3 19 for 90232 not found
MT3 for 90232 not found
MT  3 20 for 90232 not found
Create input file for pfns for k= 76 and energy number 46 (out of 50)
MT3 for 90232 not found
MT  3 19 for 90232 not found
MT3 for 90232 not found
MT  3 20 for 90232 not found
Create input file for pfns for k= 77 and energy number 46 (out of 50)
MT3 for 90232 not found
MT  3 19 for 90232 not found
MT3 for 90232 not found
MT  3 20 for 90232 not found
Create input file for pfns for k= 78 and energy number 46 (out of 50)
MT3 for 90232 not found
MT  3 19 for 90232 not found
MT3 for 90232 not found
MT  3 20 for 90232 not found
Create input file for pfns for k= 79 and energy number 46 (out of 50)
MT3 for 90232 not found
MT  3 19 for 90232 not found
MT3 for 90232 not found
MT  3 20 for 90232 not found
Create input file for pfns for k= 80 and energy number 46 (out of 50)
MT3 for 90232 not found
MT  3 19 for 90232 not found
MT3 for 90232 not found
MT  3 20 for 90232 not found
Create input file for pfns for k= 81 and energy number 46 (out of 50)
MT3 for 90232 not found
MT  3 19 for 90232 not found
MT3 for 90232 not found
MT  3 20 for 90232 not found
Create input file for pfns for k= 82 and energy number 46 (out of 50)
MT3 for 90232 not found
MT  3 19 for 90232 not found
MT3 for 90232 not found
MT  3 20 for 90232 not found
Create input file for pfns for k= 83 and energy number 46 (out of 50)
MT3 for 90232 not found
MT  3 19 for 90232 not found
MT3 for 90232 not found
MT  3 20 for 90232 not found
Create input file for pfns for k= 84 and energy number 46 (out of 50)
MT3 for 90232 not found
MT  3 19 for 90232 not found
MT3 for 90232 not found
MT  3 20 for 90232 not found
Create input file for pfns for k= 85 and energy number 46 (out of 50)
MT3 for 90232 not found
MT  3 19 for 90232 not found
MT3 for 90232 not found
MT  3 20 for 90232 not found
Create input file for pfns for k= 86 and energy number 46 (out of 50)
MT3 for 90232 not found
MT  3 19 for 90232 not found
MT3 for 90232 not found
MT  3 20 for 90232 not found
Create input file for pfns for k= 87 and energy number 46 (out of 50)
MT3 for 90232 not found
MT  3 19 for 90232 not found
MT3 for 90232 not found
MT  3 20 for 90232 not found
Create input file for pfns for k= 88 and energy number 46 (out of 50)
MT3 for 90232 not found
MT  3 19 for 90232 not found
MT3 for 90232 not found
MT  3 20 for 90232 not found
Create input file for pfns for k= 89 and energy number 46 (out of 50)
MT3 for 90232 not found
MT  3 19 for 90232 not found
MT3 for 90232 not found
MT  3 20 for 90232 not found
Create input file for pfns for k= 90 and energy number 46 (out of 50)
MT3 for 90232 not found
MT  3 19 for 90232 not found
MT3 for 90232 not found
MT  3 20 for 90232 not found
Create input file for pfns for k= 91 and energy number 46 (out of 50)
MT3 for 90232 not found
MT  3 19 for 90232 not found
MT3 for 90232 not found
MT  3 20 for 90232 not found
Create input file for pfns for k= 92 and energy number 46 (out of 50)
MT3 for 90232 not found
MT  3 19 for 90232 not found
MT3 for 90232 not found
MT  3 20 for 90232 not found
Create input file for pfns for k= 93 and energy number 46 (out of 50)
MT3 for 90232 not found
MT  3 19 for 90232 not found
MT3 for 90232 not found
MT  3 20 for 90232 not found
Create input file for pfns for k= 94 and energy number 46 (out of 50)
MT3 for 90232 not found
MT  3 19 for 90232 not found
MT3 for 90232 not found
MT  3 20 for 90232 not found
Create input file for pfns for k= 95 and energy number 46 (out of 50)
MT3 for 90232 not found
MT  3 19 for 90232 not found
MT3 for 90232 not found
MT  3 20 for 90232 not found
Create input file for pfns for k= 96 and energy number 46 (out of 50)
MT3 for 90232 not found
MT  3 19 for 90232 not found
MT3 for 90232 not found
MT  3 20 for 90232 not found
Create input file for pfns for k= 97 and energy number 46 (out of 50)
MT3 for 90232 not found
MT  3 19 for 90232 not found
MT3 for 90232 not found
MT  3 20 for 90232 not found
Create input file for pfns for k= 98 and energy number 46 (out of 50)
MT3 for 90232 not found
MT  3 19 for 90232 not found
MT3 for 90232 not found
MT  3 20 for 90232 not found
Create input file for pfns for k= 99 and energy number 46 (out of 50)
MT3 for 90232 not found
MT  3 19 for 90232 not found
MT3 for 90232 not found
MT  3 20 for 90232 not found
Create input file for pfns for k= 100 and energy number 46 (out of 50)
MT3 for 90232 not found
MT  3 19 for 90232 not found
MT3 for 90232 not found
MT  3 20 for 90232 not found
Create input file for pfns for k= 0 and energy number 47 (out of 50)
MT3 for 90232 not found
MT  3 19 for 90232 not found
MT3 for 90232 not found
MT  3 20 for 90232 not found
Create input file for pfns for k= 1 and energy number 47 (out of 50)
MT3 for 90232 not found
MT  3 19 for 90232 not found
MT3 for 90232 not found
MT  3 20 for 90232 not found
Create input file for pfns for k= 2 and energy number 47 (out of 50)
MT3 for 90232 not found
MT  3 19 for 90232 not found
MT3 for 90232 not found
MT  3 20 for 90232 not found
Create input file for pfns for k= 3 and energy number 47 (out of 50)
MT3 for 90232 not found
MT  3 19 for 90232 not found
MT3 for 90232 not found
MT  3 20 for 90232 not found
Create input file for pfns for k= 4 and energy number 47 (out of 50)
MT3 for 90232 not found
MT  3 19 for 90232 not found
MT3 for 90232 not found
MT  3 20 for 90232 not found
Create input file for pfns for k= 5 and energy number 47 (out of 50)
MT3 for 90232 not found
MT  3 19 for 90232 not found
MT3 for 90232 not found
MT  3 20 for 90232 not found
Create input file for pfns for k= 6 and energy number 47 (out of 50)
MT3 for 90232 not found
MT  3 19 for 90232 not found
MT3 for 90232 not found
MT  3 20 for 90232 not found
Create input file for pfns for k= 7 and energy number 47 (out of 50)
MT3 for 90232 not found
MT  3 19 for 90232 not found
MT3 for 90232 not found
MT  3 20 for 90232 not found
Create input file for pfns for k= 8 and energy number 47 (out of 50)
MT3 for 90232 not found
MT  3 19 for 90232 not found
MT3 for 90232 not found
MT  3 20 for 90232 not found
Create input file for pfns for k= 9 and energy number 47 (out of 50)
MT3 for 90232 not found
MT  3 19 for 90232 not found
MT3 for 90232 not found
MT  3 20 for 90232 not found
Create input file for pfns for k= 10 and energy number 47 (out of 50)
MT3 for 90232 not found
MT  3 19 for 90232 not found
MT3 for 90232 not found
MT  3 20 for 90232 not found
Create input file for pfns for k= 11 and energy number 47 (out of 50)
MT3 for 90232 not found
MT  3 19 for 90232 not found
MT3 for 90232 not found
MT  3 20 for 90232 not found
Create input file for pfns for k= 12 and energy number 47 (out of 50)
MT3 for 90232 not found
MT  3 19 for 90232 not found
MT3 for 90232 not found
MT  3 20 for 90232 not found
Create input file for pfns for k= 13 and energy number 47 (out of 50)
MT3 for 90232 not found
MT  3 19 for 90232 not found
MT3 for 90232 not found
MT  3 20 for 90232 not found
Create input file for pfns for k= 14 and energy number 47 (out of 50)
MT3 for 90232 not found
MT  3 19 for 90232 not found
MT3 for 90232 not found
MT  3 20 for 90232 not found
Create input file for pfns for k= 15 and energy number 47 (out of 50)
MT3 for 90232 not found
MT  3 19 for 90232 not found
MT3 for 90232 not found
MT  3 20 for 90232 not found
Create input file for pfns for k= 16 and energy number 47 (out of 50)
MT3 for 90232 not found
MT  3 19 for 90232 not found
MT3 for 90232 not found
MT  3 20 for 90232 not found
Create input file for pfns for k= 17 and energy number 47 (out of 50)
MT3 for 90232 not found
MT  3 19 for 90232 not found
MT3 for 90232 not found
MT  3 20 for 90232 not found
Create input file for pfns for k= 18 and energy number 47 (out of 50)
MT3 for 90232 not found
MT  3 19 for 90232 not found
MT3 for 90232 not found
MT  3 20 for 90232 not found
Create input file for pfns for k= 19 and energy number 47 (out of 50)
MT3 for 90232 not found
MT  3 19 for 90232 not found
MT3 for 90232 not found
MT  3 20 for 90232 not found
Create input file for pfns for k= 20 and energy number 47 (out of 50)
MT3 for 90232 not found
MT  3 19 for 90232 not found
MT3 for 90232 not found
MT  3 20 for 90232 not found
Create input file for pfns for k= 21 and energy number 47 (out of 50)
MT3 for 90232 not found
MT  3 19 for 90232 not found
MT3 for 90232 not found
MT  3 20 for 90232 not found
Create input file for pfns for k= 22 and energy number 47 (out of 50)
MT3 for 90232 not found
MT  3 19 for 90232 not found
MT3 for 90232 not found
MT  3 20 for 90232 not found
Create input file for pfns for k= 23 and energy number 47 (out of 50)
MT3 for 90232 not found
MT  3 19 for 90232 not found
MT3 for 90232 not found
MT  3 20 for 90232 not found
Create input file for pfns for k= 24 and energy number 47 (out of 50)
MT3 for 90232 not found
MT  3 19 for 90232 not found
MT3 for 90232 not found
MT  3 20 for 90232 not found
Create input file for pfns for k= 25 and energy number 47 (out of 50)
MT3 for 90232 not found
MT  3 19 for 90232 not found
MT3 for 90232 not found
MT  3 20 for 90232 not found
Create input file for pfns for k= 26 and energy number 47 (out of 50)
MT3 for 90232 not found
MT  3 19 for 90232 not found
MT3 for 90232 not found
MT  3 20 for 90232 not found
Create input file for pfns for k= 27 and energy number 47 (out of 50)
MT3 for 90232 not found
MT  3 19 for 90232 not found
MT3 for 90232 not found
MT  3 20 for 90232 not found
Create input file for pfns for k= 28 and energy number 47 (out of 50)
MT3 for 90232 not found
MT  3 19 for 90232 not found
MT3 for 90232 not found
MT  3 20 for 90232 not found
Create input file for pfns for k= 29 and energy number 47 (out of 50)
MT3 for 90232 not found
MT  3 19 for 90232 not found
MT3 for 90232 not found
MT  3 20 for 90232 not found
Create input file for pfns for k= 30 and energy number 47 (out of 50)
MT3 for 90232 not found
MT  3 19 for 90232 not found
MT3 for 90232 not found
MT  3 20 for 90232 not found
Create input file for pfns for k= 31 and energy number 47 (out of 50)
MT3 for 90232 not found
MT  3 19 for 90232 not found
MT3 for 90232 not found
MT  3 20 for 90232 not found
Create input file for pfns for k= 32 and energy number 47 (out of 50)
MT3 for 90232 not found
MT  3 19 for 90232 not found
MT3 for 90232 not found
MT  3 20 for 90232 not found
Create input file for pfns for k= 33 and energy number 47 (out of 50)
MT3 for 90232 not found
MT  3 19 for 90232 not found
MT3 for 90232 not found
MT  3 20 for 90232 not found
Create input file for pfns for k= 34 and energy number 47 (out of 50)
MT3 for 90232 not found
MT  3 19 for 90232 not found
MT3 for 90232 not found
MT  3 20 for 90232 not found
Create input file for pfns for k= 35 and energy number 47 (out of 50)
MT3 for 90232 not found
MT  3 19 for 90232 not found
MT3 for 90232 not found
MT  3 20 for 90232 not found
Create input file for pfns for k= 36 and energy number 47 (out of 50)
MT3 for 90232 not found
MT  3 19 for 90232 not found
MT3 for 90232 not found
MT  3 20 for 90232 not found
Create input file for pfns for k= 37 and energy number 47 (out of 50)
MT3 for 90232 not found
MT  3 19 for 90232 not found
MT3 for 90232 not found
MT  3 20 for 90232 not found
Create input file for pfns for k= 38 and energy number 47 (out of 50)
MT3 for 90232 not found
MT  3 19 for 90232 not found
MT3 for 90232 not found
MT  3 20 for 90232 not found
Create input file for pfns for k= 39 and energy number 47 (out of 50)
MT3 for 90232 not found
MT  3 19 for 90232 not found
MT3 for 90232 not found
MT  3 20 for 90232 not found
Create input file for pfns for k= 40 and energy number 47 (out of 50)
MT3 for 90232 not found
MT  3 19 for 90232 not found
MT3 for 90232 not found
MT  3 20 for 90232 not found
Create input file for pfns for k= 41 and energy number 47 (out of 50)
MT3 for 90232 not found
MT  3 19 for 90232 not found
MT3 for 90232 not found
MT  3 20 for 90232 not found
Create input file for pfns for k= 42 and energy number 47 (out of 50)
MT3 for 90232 not found
MT  3 19 for 90232 not found
MT3 for 90232 not found
MT  3 20 for 90232 not found
Create input file for pfns for k= 43 and energy number 47 (out of 50)
MT3 for 90232 not found
MT  3 19 for 90232 not found
MT3 for 90232 not found
MT  3 20 for 90232 not found
Create input file for pfns for k= 44 and energy number 47 (out of 50)
MT3 for 90232 not found
MT  3 19 for 90232 not found
MT3 for 90232 not found
MT  3 20 for 90232 not found
Create input file for pfns for k= 45 and energy number 47 (out of 50)
MT3 for 90232 not found
MT  3 19 for 90232 not found
MT3 for 90232 not found
MT  3 20 for 90232 not found
Create input file for pfns for k= 46 and energy number 47 (out of 50)
MT3 for 90232 not found
MT  3 19 for 90232 not found
MT3 for 90232 not found
MT  3 20 for 90232 not found
Create input file for pfns for k= 47 and energy number 47 (out of 50)
MT3 for 90232 not found
MT  3 19 for 90232 not found
MT3 for 90232 not found
MT  3 20 for 90232 not found
Create input file for pfns for k= 48 and energy number 47 (out of 50)
MT3 for 90232 not found
MT  3 19 for 90232 not found
MT3 for 90232 not found
MT  3 20 for 90232 not found
Create input file for pfns for k= 49 and energy number 47 (out of 50)
MT3 for 90232 not found
MT  3 19 for 90232 not found
MT3 for 90232 not found
MT  3 20 for 90232 not found
Create input file for pfns for k= 50 and energy number 47 (out of 50)
MT3 for 90232 not found
MT  3 19 for 90232 not found
MT3 for 90232 not found
MT  3 20 for 90232 not found
Create input file for pfns for k= 51 and energy number 47 (out of 50)
MT3 for 90232 not found
MT  3 19 for 90232 not found
MT3 for 90232 not found
MT  3 20 for 90232 not found
Create input file for pfns for k= 52 and energy number 47 (out of 50)
MT3 for 90232 not found
MT  3 19 for 90232 not found
MT3 for 90232 not found
MT  3 20 for 90232 not found
Create input file for pfns for k= 53 and energy number 47 (out of 50)
MT3 for 90232 not found
MT  3 19 for 90232 not found
MT3 for 90232 not found
MT  3 20 for 90232 not found
Create input file for pfns for k= 54 and energy number 47 (out of 50)
MT3 for 90232 not found
MT  3 19 for 90232 not found
MT3 for 90232 not found
MT  3 20 for 90232 not found
Create input file for pfns for k= 55 and energy number 47 (out of 50)
MT3 for 90232 not found
MT  3 19 for 90232 not found
MT3 for 90232 not found
MT  3 20 for 90232 not found
Create input file for pfns for k= 56 and energy number 47 (out of 50)
MT3 for 90232 not found
MT  3 19 for 90232 not found
MT3 for 90232 not found
MT  3 20 for 90232 not found
Create input file for pfns for k= 57 and energy number 47 (out of 50)
MT3 for 90232 not found
MT  3 19 for 90232 not found
MT3 for 90232 not found
MT  3 20 for 90232 not found
Create input file for pfns for k= 58 and energy number 47 (out of 50)
MT3 for 90232 not found
MT  3 19 for 90232 not found
MT3 for 90232 not found
MT  3 20 for 90232 not found
Create input file for pfns for k= 59 and energy number 47 (out of 50)
MT3 for 90232 not found
MT  3 19 for 90232 not found
MT3 for 90232 not found
MT  3 20 for 90232 not found
Create input file for pfns for k= 60 and energy number 47 (out of 50)
MT3 for 90232 not found
MT  3 19 for 90232 not found
MT3 for 90232 not found
MT  3 20 for 90232 not found
Create input file for pfns for k= 61 and energy number 47 (out of 50)
MT3 for 90232 not found
MT  3 19 for 90232 not found
MT3 for 90232 not found
MT  3 20 for 90232 not found
Create input file for pfns for k= 62 and energy number 47 (out of 50)
MT3 for 90232 not found
MT  3 19 for 90232 not found
MT3 for 90232 not found
MT  3 20 for 90232 not found
Create input file for pfns for k= 63 and energy number 47 (out of 50)
MT3 for 90232 not found
MT  3 19 for 90232 not found
MT3 for 90232 not found
MT  3 20 for 90232 not found
Create input file for pfns for k= 64 and energy number 47 (out of 50)
MT3 for 90232 not found
MT  3 19 for 90232 not found
MT3 for 90232 not found
MT  3 20 for 90232 not found
Create input file for pfns for k= 65 and energy number 47 (out of 50)
MT3 for 90232 not found
MT  3 19 for 90232 not found
MT3 for 90232 not found
MT  3 20 for 90232 not found
Create input file for pfns for k= 66 and energy number 47 (out of 50)
MT3 for 90232 not found
MT  3 19 for 90232 not found
MT3 for 90232 not found
MT  3 20 for 90232 not found
Create input file for pfns for k= 67 and energy number 47 (out of 50)
MT3 for 90232 not found
MT  3 19 for 90232 not found
MT3 for 90232 not found
MT  3 20 for 90232 not found
Create input file for pfns for k= 68 and energy number 47 (out of 50)
MT3 for 90232 not found
MT  3 19 for 90232 not found
MT3 for 90232 not found
MT  3 20 for 90232 not found
Create input file for pfns for k= 69 and energy number 47 (out of 50)
MT3 for 90232 not found
MT  3 19 for 90232 not found
MT3 for 90232 not found
MT  3 20 for 90232 not found
Create input file for pfns for k= 70 and energy number 47 (out of 50)
MT3 for 90232 not found
MT  3 19 for 90232 not found
MT3 for 90232 not found
MT  3 20 for 90232 not found
Create input file for pfns for k= 71 and energy number 47 (out of 50)
MT3 for 90232 not found
MT  3 19 for 90232 not found
MT3 for 90232 not found
MT  3 20 for 90232 not found
Create input file for pfns for k= 72 and energy number 47 (out of 50)
MT3 for 90232 not found
MT  3 19 for 90232 not found
MT3 for 90232 not found
MT  3 20 for 90232 not found
Create input file for pfns for k= 73 and energy number 47 (out of 50)
MT3 for 90232 not found
MT  3 19 for 90232 not found
MT3 for 90232 not found
MT  3 20 for 90232 not found
Create input file for pfns for k= 74 and energy number 47 (out of 50)
MT3 for 90232 not found
MT  3 19 for 90232 not found
MT3 for 90232 not found
MT  3 20 for 90232 not found
Create input file for pfns for k= 75 and energy number 47 (out of 50)
MT3 for 90232 not found
MT  3 19 for 90232 not found
MT3 for 90232 not found
MT  3 20 for 90232 not found
Create input file for pfns for k= 76 and energy number 47 (out of 50)
MT3 for 90232 not found
MT  3 19 for 90232 not found
MT3 for 90232 not found
MT  3 20 for 90232 not found
Create input file for pfns for k= 77 and energy number 47 (out of 50)
MT3 for 90232 not found
MT  3 19 for 90232 not found
MT3 for 90232 not found
MT  3 20 for 90232 not found
Create input file for pfns for k= 78 and energy number 47 (out of 50)
MT3 for 90232 not found
MT  3 19 for 90232 not found
MT3 for 90232 not found
MT  3 20 for 90232 not found
Create input file for pfns for k= 79 and energy number 47 (out of 50)
MT3 for 90232 not found
MT  3 19 for 90232 not found
MT3 for 90232 not found
MT  3 20 for 90232 not found
Create input file for pfns for k= 80 and energy number 47 (out of 50)
MT3 for 90232 not found
MT  3 19 for 90232 not found
MT3 for 90232 not found
MT  3 20 for 90232 not found
Create input file for pfns for k= 81 and energy number 47 (out of 50)
MT3 for 90232 not found
MT  3 19 for 90232 not found
MT3 for 90232 not found
MT  3 20 for 90232 not found
Create input file for pfns for k= 82 and energy number 47 (out of 50)
MT3 for 90232 not found
MT  3 19 for 90232 not found
MT3 for 90232 not found
MT  3 20 for 90232 not found
Create input file for pfns for k= 83 and energy number 47 (out of 50)
MT3 for 90232 not found
MT  3 19 for 90232 not found
MT3 for 90232 not found
MT  3 20 for 90232 not found
Create input file for pfns for k= 84 and energy number 47 (out of 50)
MT3 for 90232 not found
MT  3 19 for 90232 not found
MT3 for 90232 not found
MT  3 20 for 90232 not found
Create input file for pfns for k= 85 and energy number 47 (out of 50)
MT3 for 90232 not found
MT  3 19 for 90232 not found
MT3 for 90232 not found
MT  3 20 for 90232 not found
Create input file for pfns for k= 86 and energy number 47 (out of 50)
MT3 for 90232 not found
MT  3 19 for 90232 not found
MT3 for 90232 not found
MT  3 20 for 90232 not found
Create input file for pfns for k= 87 and energy number 47 (out of 50)
MT3 for 90232 not found
MT  3 19 for 90232 not found
MT3 for 90232 not found
MT  3 20 for 90232 not found
Create input file for pfns for k= 88 and energy number 47 (out of 50)
MT3 for 90232 not found
MT  3 19 for 90232 not found
MT3 for 90232 not found
MT  3 20 for 90232 not found
Create input file for pfns for k= 89 and energy number 47 (out of 50)
MT3 for 90232 not found
MT  3 19 for 90232 not found
MT3 for 90232 not found
MT  3 20 for 90232 not found
Create input file for pfns for k= 90 and energy number 47 (out of 50)
MT3 for 90232 not found
MT  3 19 for 90232 not found
MT3 for 90232 not found
MT  3 20 for 90232 not found
Create input file for pfns for k= 91 and energy number 47 (out of 50)
MT3 for 90232 not found
MT  3 19 for 90232 not found
MT3 for 90232 not found
MT  3 20 for 90232 not found
Create input file for pfns for k= 92 and energy number 47 (out of 50)
MT3 for 90232 not found
MT  3 19 for 90232 not found
MT3 for 90232 not found
MT  3 20 for 90232 not found
Create input file for pfns for k= 93 and energy number 47 (out of 50)
MT3 for 90232 not found
MT  3 19 for 90232 not found
MT3 for 90232 not found
MT  3 20 for 90232 not found
Create input file for pfns for k= 94 and energy number 47 (out of 50)
MT3 for 90232 not found
MT  3 19 for 90232 not found
MT3 for 90232 not found
MT  3 20 for 90232 not found
Create input file for pfns for k= 95 and energy number 47 (out of 50)
MT3 for 90232 not found
MT  3 19 for 90232 not found
MT3 for 90232 not found
MT  3 20 for 90232 not found
Create input file for pfns for k= 96 and energy number 47 (out of 50)
MT3 for 90232 not found
MT  3 19 for 90232 not found
MT3 for 90232 not found
MT  3 20 for 90232 not found
Create input file for pfns for k= 97 and energy number 47 (out of 50)
MT3 for 90232 not found
MT  3 19 for 90232 not found
MT3 for 90232 not found
MT  3 20 for 90232 not found
Create input file for pfns for k= 98 and energy number 47 (out of 50)
MT3 for 90232 not found
MT  3 19 for 90232 not found
MT3 for 90232 not found
MT  3 20 for 90232 not found
Create input file for pfns for k= 99 and energy number 47 (out of 50)
MT3 for 90232 not found
MT  3 19 for 90232 not found
MT3 for 90232 not found
MT  3 20 for 90232 not found
Create input file for pfns for k= 100 and energy number 47 (out of 50)
MT3 for 90232 not found
MT  3 19 for 90232 not found
MT3 for 90232 not found
MT  3 20 for 90232 not found
Create input file for pfns for k= 0 and energy number 48 (out of 50)
MT3 for 90232 not found
MT  3 19 for 90232 not found
MT3 for 90232 not found
MT  3 20 for 90232 not found
Create input file for pfns for k= 1 and energy number 48 (out of 50)
MT3 for 90232 not found
MT  3 19 for 90232 not found
MT3 for 90232 not found
MT  3 20 for 90232 not found
Create input file for pfns for k= 2 and energy number 48 (out of 50)
MT3 for 90232 not found
MT  3 19 for 90232 not found
MT3 for 90232 not found
MT  3 20 for 90232 not found
Create input file for pfns for k= 3 and energy number 48 (out of 50)
MT3 for 90232 not found
MT  3 19 for 90232 not found
MT3 for 90232 not found
MT  3 20 for 90232 not found
Create input file for pfns for k= 4 and energy number 48 (out of 50)
MT3 for 90232 not found
MT  3 19 for 90232 not found
MT3 for 90232 not found
MT  3 20 for 90232 not found
Create input file for pfns for k= 5 and energy number 48 (out of 50)
MT3 for 90232 not found
MT  3 19 for 90232 not found
MT3 for 90232 not found
MT  3 20 for 90232 not found
Create input file for pfns for k= 6 and energy number 48 (out of 50)
MT3 for 90232 not found
MT  3 19 for 90232 not found
MT3 for 90232 not found
MT  3 20 for 90232 not found
Create input file for pfns for k= 7 and energy number 48 (out of 50)
MT3 for 90232 not found
MT  3 19 for 90232 not found
MT3 for 90232 not found
MT  3 20 for 90232 not found
Create input file for pfns for k= 8 and energy number 48 (out of 50)
MT3 for 90232 not found
MT  3 19 for 90232 not found
MT3 for 90232 not found
MT  3 20 for 90232 not found
Create input file for pfns for k= 9 and energy number 48 (out of 50)
MT3 for 90232 not found
MT  3 19 for 90232 not found
MT3 for 90232 not found
MT  3 20 for 90232 not found
Create input file for pfns for k= 10 and energy number 48 (out of 50)
MT3 for 90232 not found
MT  3 19 for 90232 not found
MT3 for 90232 not found
MT  3 20 for 90232 not found
Create input file for pfns for k= 11 and energy number 48 (out of 50)
MT3 for 90232 not found
MT  3 19 for 90232 not found
MT3 for 90232 not found
MT  3 20 for 90232 not found
Create input file for pfns for k= 12 and energy number 48 (out of 50)
MT3 for 90232 not found
MT  3 19 for 90232 not found
MT3 for 90232 not found
MT  3 20 for 90232 not found
Create input file for pfns for k= 13 and energy number 48 (out of 50)
MT3 for 90232 not found
MT  3 19 for 90232 not found
MT3 for 90232 not found
MT  3 20 for 90232 not found
Create input file for pfns for k= 14 and energy number 48 (out of 50)
MT3 for 90232 not found
MT  3 19 for 90232 not found
MT3 for 90232 not found
MT  3 20 for 90232 not found
Create input file for pfns for k= 15 and energy number 48 (out of 50)
MT3 for 90232 not found
MT  3 19 for 90232 not found
MT3 for 90232 not found
MT  3 20 for 90232 not found
Create input file for pfns for k= 16 and energy number 48 (out of 50)
MT3 for 90232 not found
MT  3 19 for 90232 not found
MT3 for 90232 not found
MT  3 20 for 90232 not found
Create input file for pfns for k= 17 and energy number 48 (out of 50)
MT3 for 90232 not found
MT  3 19 for 90232 not found
MT3 for 90232 not found
MT  3 20 for 90232 not found
Create input file for pfns for k= 18 and energy number 48 (out of 50)
MT3 for 90232 not found
MT  3 19 for 90232 not found
MT3 for 90232 not found
MT  3 20 for 90232 not found
Create input file for pfns for k= 19 and energy number 48 (out of 50)
MT3 for 90232 not found
MT  3 19 for 90232 not found
MT3 for 90232 not found
MT  3 20 for 90232 not found
Create input file for pfns for k= 20 and energy number 48 (out of 50)
MT3 for 90232 not found
MT  3 19 for 90232 not found
MT3 for 90232 not found
MT  3 20 for 90232 not found
Create input file for pfns for k= 21 and energy number 48 (out of 50)
MT3 for 90232 not found
MT  3 19 for 90232 not found
MT3 for 90232 not found
MT  3 20 for 90232 not found
Create input file for pfns for k= 22 and energy number 48 (out of 50)
MT3 for 90232 not found
MT  3 19 for 90232 not found
MT3 for 90232 not found
MT  3 20 for 90232 not found
Create input file for pfns for k= 23 and energy number 48 (out of 50)
MT3 for 90232 not found
MT  3 19 for 90232 not found
MT3 for 90232 not found
MT  3 20 for 90232 not found
Create input file for pfns for k= 24 and energy number 48 (out of 50)
MT3 for 90232 not found
MT  3 19 for 90232 not found
MT3 for 90232 not found
MT  3 20 for 90232 not found
Create input file for pfns for k= 25 and energy number 48 (out of 50)
MT3 for 90232 not found
MT  3 19 for 90232 not found
MT3 for 90232 not found
MT  3 20 for 90232 not found
Create input file for pfns for k= 26 and energy number 48 (out of 50)
MT3 for 90232 not found
MT  3 19 for 90232 not found
MT3 for 90232 not found
MT  3 20 for 90232 not found
Create input file for pfns for k= 27 and energy number 48 (out of 50)
MT3 for 90232 not found
MT  3 19 for 90232 not found
MT3 for 90232 not found
MT  3 20 for 90232 not found
Create input file for pfns for k= 28 and energy number 48 (out of 50)
MT3 for 90232 not found
MT  3 19 for 90232 not found
MT3 for 90232 not found
MT  3 20 for 90232 not found
Create input file for pfns for k= 29 and energy number 48 (out of 50)
MT3 for 90232 not found
MT  3 19 for 90232 not found
MT3 for 90232 not found
MT  3 20 for 90232 not found
Create input file for pfns for k= 30 and energy number 48 (out of 50)
MT3 for 90232 not found
MT  3 19 for 90232 not found
MT3 for 90232 not found
MT  3 20 for 90232 not found
Create input file for pfns for k= 31 and energy number 48 (out of 50)
MT3 for 90232 not found
MT  3 19 for 90232 not found
MT3 for 90232 not found
MT  3 20 for 90232 not found
Create input file for pfns for k= 32 and energy number 48 (out of 50)
MT3 for 90232 not found
MT  3 19 for 90232 not found
MT3 for 90232 not found
MT  3 20 for 90232 not found
Create input file for pfns for k= 33 and energy number 48 (out of 50)
MT3 for 90232 not found
MT  3 19 for 90232 not found
MT3 for 90232 not found
MT  3 20 for 90232 not found
Create input file for pfns for k= 34 and energy number 48 (out of 50)
MT3 for 90232 not found
MT  3 19 for 90232 not found
MT3 for 90232 not found
MT  3 20 for 90232 not found
Create input file for pfns for k= 35 and energy number 48 (out of 50)
MT3 for 90232 not found
MT  3 19 for 90232 not found
MT3 for 90232 not found
MT  3 20 for 90232 not found
Create input file for pfns for k= 36 and energy number 48 (out of 50)
MT3 for 90232 not found
MT  3 19 for 90232 not found
MT3 for 90232 not found
MT  3 20 for 90232 not found
Create input file for pfns for k= 37 and energy number 48 (out of 50)
MT3 for 90232 not found
MT  3 19 for 90232 not found
MT3 for 90232 not found
MT  3 20 for 90232 not found
Create input file for pfns for k= 38 and energy number 48 (out of 50)
MT3 for 90232 not found
MT  3 19 for 90232 not found
MT3 for 90232 not found
MT  3 20 for 90232 not found
Create input file for pfns for k= 39 and energy number 48 (out of 50)
MT3 for 90232 not found
MT  3 19 for 90232 not found
MT3 for 90232 not found
MT  3 20 for 90232 not found
Create input file for pfns for k= 40 and energy number 48 (out of 50)
MT3 for 90232 not found
MT  3 19 for 90232 not found
MT3 for 90232 not found
MT  3 20 for 90232 not found
Create input file for pfns for k= 41 and energy number 48 (out of 50)
MT3 for 90232 not found
MT  3 19 for 90232 not found
MT3 for 90232 not found
MT  3 20 for 90232 not found
Create input file for pfns for k= 42 and energy number 48 (out of 50)
MT3 for 90232 not found
MT  3 19 for 90232 not found
MT3 for 90232 not found
MT  3 20 for 90232 not found
Create input file for pfns for k= 43 and energy number 48 (out of 50)
MT3 for 90232 not found
MT  3 19 for 90232 not found
MT3 for 90232 not found
MT  3 20 for 90232 not found
Create input file for pfns for k= 44 and energy number 48 (out of 50)
MT3 for 90232 not found
MT  3 19 for 90232 not found
MT3 for 90232 not found
MT  3 20 for 90232 not found
Create input file for pfns for k= 45 and energy number 48 (out of 50)
MT3 for 90232 not found
MT  3 19 for 90232 not found
MT3 for 90232 not found
MT  3 20 for 90232 not found
Create input file for pfns for k= 46 and energy number 48 (out of 50)
MT3 for 90232 not found
MT  3 19 for 90232 not found
MT3 for 90232 not found
MT  3 20 for 90232 not found
Create input file for pfns for k= 47 and energy number 48 (out of 50)
MT3 for 90232 not found
MT  3 19 for 90232 not found
MT3 for 90232 not found
MT  3 20 for 90232 not found
Create input file for pfns for k= 48 and energy number 48 (out of 50)
MT3 for 90232 not found
MT  3 19 for 90232 not found
MT3 for 90232 not found
MT  3 20 for 90232 not found
Create input file for pfns for k= 49 and energy number 48 (out of 50)
MT3 for 90232 not found
MT  3 19 for 90232 not found
MT3 for 90232 not found
MT  3 20 for 90232 not found
Create input file for pfns for k= 50 and energy number 48 (out of 50)
MT3 for 90232 not found
MT  3 19 for 90232 not found
MT3 for 90232 not found
MT  3 20 for 90232 not found
Create input file for pfns for k= 51 and energy number 48 (out of 50)
MT3 for 90232 not found
MT  3 19 for 90232 not found
MT3 for 90232 not found
MT  3 20 for 90232 not found
Create input file for pfns for k= 52 and energy number 48 (out of 50)
MT3 for 90232 not found
MT  3 19 for 90232 not found
MT3 for 90232 not found
MT  3 20 for 90232 not found
Create input file for pfns for k= 53 and energy number 48 (out of 50)
MT3 for 90232 not found
MT  3 19 for 90232 not found
MT3 for 90232 not found
MT  3 20 for 90232 not found
Create input file for pfns for k= 54 and energy number 48 (out of 50)
MT3 for 90232 not found
MT  3 19 for 90232 not found
MT3 for 90232 not found
MT  3 20 for 90232 not found
Create input file for pfns for k= 55 and energy number 48 (out of 50)
MT3 for 90232 not found
MT  3 19 for 90232 not found
MT3 for 90232 not found
MT  3 20 for 90232 not found
Create input file for pfns for k= 56 and energy number 48 (out of 50)
MT3 for 90232 not found
MT  3 19 for 90232 not found
MT3 for 90232 not found
MT  3 20 for 90232 not found
Create input file for pfns for k= 57 and energy number 48 (out of 50)
MT3 for 90232 not found
MT  3 19 for 90232 not found
MT3 for 90232 not found
MT  3 20 for 90232 not found
Create input file for pfns for k= 58 and energy number 48 (out of 50)
MT3 for 90232 not found
MT  3 19 for 90232 not found
MT3 for 90232 not found
MT  3 20 for 90232 not found
Create input file for pfns for k= 59 and energy number 48 (out of 50)
MT3 for 90232 not found
MT  3 19 for 90232 not found
MT3 for 90232 not found
MT  3 20 for 90232 not found
Create input file for pfns for k= 60 and energy number 48 (out of 50)
MT3 for 90232 not found
MT  3 19 for 90232 not found
MT3 for 90232 not found
MT  3 20 for 90232 not found
Create input file for pfns for k= 61 and energy number 48 (out of 50)
MT3 for 90232 not found
MT  3 19 for 90232 not found
MT3 for 90232 not found
MT  3 20 for 90232 not found
Create input file for pfns for k= 62 and energy number 48 (out of 50)
MT3 for 90232 not found
MT  3 19 for 90232 not found
MT3 for 90232 not found
MT  3 20 for 90232 not found
Create input file for pfns for k= 63 and energy number 48 (out of 50)
MT3 for 90232 not found
MT  3 19 for 90232 not found
MT3 for 90232 not found
MT  3 20 for 90232 not found
Create input file for pfns for k= 64 and energy number 48 (out of 50)
MT3 for 90232 not found
MT  3 19 for 90232 not found
MT3 for 90232 not found
MT  3 20 for 90232 not found
Create input file for pfns for k= 65 and energy number 48 (out of 50)
MT3 for 90232 not found
MT  3 19 for 90232 not found
MT3 for 90232 not found
MT  3 20 for 90232 not found
Create input file for pfns for k= 66 and energy number 48 (out of 50)
MT3 for 90232 not found
MT  3 19 for 90232 not found
MT3 for 90232 not found
MT  3 20 for 90232 not found
Create input file for pfns for k= 67 and energy number 48 (out of 50)
MT3 for 90232 not found
MT  3 19 for 90232 not found
MT3 for 90232 not found
MT  3 20 for 90232 not found
Create input file for pfns for k= 68 and energy number 48 (out of 50)
MT3 for 90232 not found
MT  3 19 for 90232 not found
MT3 for 90232 not found
MT  3 20 for 90232 not found
Create input file for pfns for k= 69 and energy number 48 (out of 50)
MT3 for 90232 not found
MT  3 19 for 90232 not found
MT3 for 90232 not found
MT  3 20 for 90232 not found
Create input file for pfns for k= 70 and energy number 48 (out of 50)
MT3 for 90232 not found
MT  3 19 for 90232 not found
MT3 for 90232 not found
MT  3 20 for 90232 not found
Create input file for pfns for k= 71 and energy number 48 (out of 50)
MT3 for 90232 not found
MT  3 19 for 90232 not found
MT3 for 90232 not found
MT  3 20 for 90232 not found
Create input file for pfns for k= 72 and energy number 48 (out of 50)
MT3 for 90232 not found
MT  3 19 for 90232 not found
MT3 for 90232 not found
MT  3 20 for 90232 not found
Create input file for pfns for k= 73 and energy number 48 (out of 50)
MT3 for 90232 not found
MT  3 19 for 90232 not found
MT3 for 90232 not found
MT  3 20 for 90232 not found
Create input file for pfns for k= 74 and energy number 48 (out of 50)
MT3 for 90232 not found
MT  3 19 for 90232 not found
MT3 for 90232 not found
MT  3 20 for 90232 not found
Create input file for pfns for k= 75 and energy number 48 (out of 50)
MT3 for 90232 not found
MT  3 19 for 90232 not found
MT3 for 90232 not found
MT  3 20 for 90232 not found
Create input file for pfns for k= 76 and energy number 48 (out of 50)
MT3 for 90232 not found
MT  3 19 for 90232 not found
MT3 for 90232 not found
MT  3 20 for 90232 not found
Create input file for pfns for k= 77 and energy number 48 (out of 50)
MT3 for 90232 not found
MT  3 19 for 90232 not found
MT3 for 90232 not found
MT  3 20 for 90232 not found
Create input file for pfns for k= 78 and energy number 48 (out of 50)
MT3 for 90232 not found
MT  3 19 for 90232 not found
MT3 for 90232 not found
MT  3 20 for 90232 not found
Create input file for pfns for k= 79 and energy number 48 (out of 50)
MT3 for 90232 not found
MT  3 19 for 90232 not found
MT3 for 90232 not found
MT  3 20 for 90232 not found
Create input file for pfns for k= 80 and energy number 48 (out of 50)
MT3 for 90232 not found
MT  3 19 for 90232 not found
MT3 for 90232 not found
MT  3 20 for 90232 not found
Create input file for pfns for k= 81 and energy number 48 (out of 50)
MT3 for 90232 not found
MT  3 19 for 90232 not found
MT3 for 90232 not found
MT  3 20 for 90232 not found
Create input file for pfns for k= 82 and energy number 48 (out of 50)
MT3 for 90232 not found
MT  3 19 for 90232 not found
MT3 for 90232 not found
MT  3 20 for 90232 not found
Create input file for pfns for k= 83 and energy number 48 (out of 50)
MT3 for 90232 not found
MT  3 19 for 90232 not found
MT3 for 90232 not found
MT  3 20 for 90232 not found
Create input file for pfns for k= 84 and energy number 48 (out of 50)
MT3 for 90232 not found
MT  3 19 for 90232 not found
MT3 for 90232 not found
MT  3 20 for 90232 not found
Create input file for pfns for k= 85 and energy number 48 (out of 50)
MT3 for 90232 not found
MT  3 19 for 90232 not found
MT3 for 90232 not found
MT  3 20 for 90232 not found
Create input file for pfns for k= 86 and energy number 48 (out of 50)
MT3 for 90232 not found
MT  3 19 for 90232 not found
MT3 for 90232 not found
MT  3 20 for 90232 not found
Create input file for pfns for k= 87 and energy number 48 (out of 50)
MT3 for 90232 not found
MT  3 19 for 90232 not found
MT3 for 90232 not found
MT  3 20 for 90232 not found
Create input file for pfns for k= 88 and energy number 48 (out of 50)
MT3 for 90232 not found
MT  3 19 for 90232 not found
MT3 for 90232 not found
MT  3 20 for 90232 not found
Create input file for pfns for k= 89 and energy number 48 (out of 50)
MT3 for 90232 not found
MT  3 19 for 90232 not found
MT3 for 90232 not found
MT  3 20 for 90232 not found
Create input file for pfns for k= 90 and energy number 48 (out of 50)
MT3 for 90232 not found
MT  3 19 for 90232 not found
MT3 for 90232 not found
MT  3 20 for 90232 not found
Create input file for pfns for k= 91 and energy number 48 (out of 50)
MT3 for 90232 not found
MT  3 19 for 90232 not found
MT3 for 90232 not found
MT  3 20 for 90232 not found
Create input file for pfns for k= 92 and energy number 48 (out of 50)
MT3 for 90232 not found
MT  3 19 for 90232 not found
MT3 for 90232 not found
MT  3 20 for 90232 not found
Create input file for pfns for k= 93 and energy number 48 (out of 50)
MT3 for 90232 not found
MT  3 19 for 90232 not found
MT3 for 90232 not found
MT  3 20 for 90232 not found
Create input file for pfns for k= 94 and energy number 48 (out of 50)
MT3 for 90232 not found
MT  3 19 for 90232 not found
MT3 for 90232 not found
MT  3 20 for 90232 not found
Create input file for pfns for k= 95 and energy number 48 (out of 50)
MT3 for 90232 not found
MT  3 19 for 90232 not found
MT3 for 90232 not found
MT  3 20 for 90232 not found
Create input file for pfns for k= 96 and energy number 48 (out of 50)
MT3 for 90232 not found
MT  3 19 for 90232 not found
MT3 for 90232 not found
MT  3 20 for 90232 not found
Create input file for pfns for k= 97 and energy number 48 (out of 50)
MT3 for 90232 not found
MT  3 19 for 90232 not found
MT3 for 90232 not found
MT  3 20 for 90232 not found
Create input file for pfns for k= 98 and energy number 48 (out of 50)
MT3 for 90232 not found
MT  3 19 for 90232 not found
MT3 for 90232 not found
MT  3 20 for 90232 not found
Create input file for pfns for k= 99 and energy number 48 (out of 50)
MT3 for 90232 not found
MT  3 19 for 90232 not found
MT3 for 90232 not found
MT  3 20 for 90232 not found
Create input file for pfns for k= 100 and energy number 48 (out of 50)
MT3 for 90232 not found
MT  3 19 for 90232 not found
MT3 for 90232 not found
MT  3 20 for 90232 not found
Create input file for pfns for k= 0 and energy number 49 (out of 50)
MT3 for 90232 not found
MT  3 19 for 90232 not found
MT3 for 90232 not found
MT  3 20 for 90232 not found
Create input file for pfns for k= 1 and energy number 49 (out of 50)
MT3 for 90232 not found
MT  3 19 for 90232 not found
MT3 for 90232 not found
MT  3 20 for 90232 not found
Create input file for pfns for k= 2 and energy number 49 (out of 50)
MT3 for 90232 not found
MT  3 19 for 90232 not found
MT3 for 90232 not found
MT  3 20 for 90232 not found
Create input file for pfns for k= 3 and energy number 49 (out of 50)
MT3 for 90232 not found
MT  3 19 for 90232 not found
MT3 for 90232 not found
MT  3 20 for 90232 not found
Create input file for pfns for k= 4 and energy number 49 (out of 50)
MT3 for 90232 not found
MT  3 19 for 90232 not found
MT3 for 90232 not found
MT  3 20 for 90232 not found
Create input file for pfns for k= 5 and energy number 49 (out of 50)
MT3 for 90232 not found
MT  3 19 for 90232 not found
MT3 for 90232 not found
MT  3 20 for 90232 not found
Create input file for pfns for k= 6 and energy number 49 (out of 50)
MT3 for 90232 not found
MT  3 19 for 90232 not found
MT3 for 90232 not found
MT  3 20 for 90232 not found
Create input file for pfns for k= 7 and energy number 49 (out of 50)
MT3 for 90232 not found
MT  3 19 for 90232 not found
MT3 for 90232 not found
MT  3 20 for 90232 not found
Create input file for pfns for k= 8 and energy number 49 (out of 50)
MT3 for 90232 not found
MT  3 19 for 90232 not found
MT3 for 90232 not found
MT  3 20 for 90232 not found
Create input file for pfns for k= 9 and energy number 49 (out of 50)
MT3 for 90232 not found
MT  3 19 for 90232 not found
MT3 for 90232 not found
MT  3 20 for 90232 not found
Create input file for pfns for k= 10 and energy number 49 (out of 50)
MT3 for 90232 not found
MT  3 19 for 90232 not found
MT3 for 90232 not found
MT  3 20 for 90232 not found
Create input file for pfns for k= 11 and energy number 49 (out of 50)
MT3 for 90232 not found
MT  3 19 for 90232 not found
MT3 for 90232 not found
MT  3 20 for 90232 not found
Create input file for pfns for k= 12 and energy number 49 (out of 50)
MT3 for 90232 not found
MT  3 19 for 90232 not found
MT3 for 90232 not found
MT  3 20 for 90232 not found
Create input file for pfns for k= 13 and energy number 49 (out of 50)
MT3 for 90232 not found
MT  3 19 for 90232 not found
MT3 for 90232 not found
MT  3 20 for 90232 not found
Create input file for pfns for k= 14 and energy number 49 (out of 50)
MT3 for 90232 not found
MT  3 19 for 90232 not found
MT3 for 90232 not found
MT  3 20 for 90232 not found
Create input file for pfns for k= 15 and energy number 49 (out of 50)
MT3 for 90232 not found
MT  3 19 for 90232 not found
MT3 for 90232 not found
MT  3 20 for 90232 not found
Create input file for pfns for k= 16 and energy number 49 (out of 50)
MT3 for 90232 not found
MT  3 19 for 90232 not found
MT3 for 90232 not found
MT  3 20 for 90232 not found
Create input file for pfns for k= 17 and energy number 49 (out of 50)
MT3 for 90232 not found
MT  3 19 for 90232 not found
MT3 for 90232 not found
MT  3 20 for 90232 not found
Create input file for pfns for k= 18 and energy number 49 (out of 50)
MT3 for 90232 not found
MT  3 19 for 90232 not found
MT3 for 90232 not found
MT  3 20 for 90232 not found
Create input file for pfns for k= 19 and energy number 49 (out of 50)
MT3 for 90232 not found
MT  3 19 for 90232 not found
MT3 for 90232 not found
MT  3 20 for 90232 not found
Create input file for pfns for k= 20 and energy number 49 (out of 50)
MT3 for 90232 not found
MT  3 19 for 90232 not found
MT3 for 90232 not found
MT  3 20 for 90232 not found
Create input file for pfns for k= 21 and energy number 49 (out of 50)
MT3 for 90232 not found
MT  3 19 for 90232 not found
MT3 for 90232 not found
MT  3 20 for 90232 not found
Create input file for pfns for k= 22 and energy number 49 (out of 50)
MT3 for 90232 not found
MT  3 19 for 90232 not found
MT3 for 90232 not found
MT  3 20 for 90232 not found
Create input file for pfns for k= 23 and energy number 49 (out of 50)
MT3 for 90232 not found
MT  3 19 for 90232 not found
MT3 for 90232 not found
MT  3 20 for 90232 not found
Create input file for pfns for k= 24 and energy number 49 (out of 50)
MT3 for 90232 not found
MT  3 19 for 90232 not found
MT3 for 90232 not found
MT  3 20 for 90232 not found
Create input file for pfns for k= 25 and energy number 49 (out of 50)
MT3 for 90232 not found
MT  3 19 for 90232 not found
MT3 for 90232 not found
MT  3 20 for 90232 not found
Create input file for pfns for k= 26 and energy number 49 (out of 50)
MT3 for 90232 not found
MT  3 19 for 90232 not found
MT3 for 90232 not found
MT  3 20 for 90232 not found
Create input file for pfns for k= 27 and energy number 49 (out of 50)
MT3 for 90232 not found
MT  3 19 for 90232 not found
MT3 for 90232 not found
MT  3 20 for 90232 not found
Create input file for pfns for k= 28 and energy number 49 (out of 50)
MT3 for 90232 not found
MT  3 19 for 90232 not found
MT3 for 90232 not found
MT  3 20 for 90232 not found
Create input file for pfns for k= 29 and energy number 49 (out of 50)
MT3 for 90232 not found
MT  3 19 for 90232 not found
MT3 for 90232 not found
MT  3 20 for 90232 not found
Create input file for pfns for k= 30 and energy number 49 (out of 50)
MT3 for 90232 not found
MT  3 19 for 90232 not found
MT3 for 90232 not found
MT  3 20 for 90232 not found
Create input file for pfns for k= 31 and energy number 49 (out of 50)
MT3 for 90232 not found
MT  3 19 for 90232 not found
MT3 for 90232 not found
MT  3 20 for 90232 not found
Create input file for pfns for k= 32 and energy number 49 (out of 50)
MT3 for 90232 not found
MT  3 19 for 90232 not found
MT3 for 90232 not found
MT  3 20 for 90232 not found
Create input file for pfns for k= 33 and energy number 49 (out of 50)
MT3 for 90232 not found
MT  3 19 for 90232 not found
MT3 for 90232 not found
MT  3 20 for 90232 not found
Create input file for pfns for k= 34 and energy number 49 (out of 50)
MT3 for 90232 not found
MT  3 19 for 90232 not found
MT3 for 90232 not found
MT  3 20 for 90232 not found
Create input file for pfns for k= 35 and energy number 49 (out of 50)
MT3 for 90232 not found
MT  3 19 for 90232 not found
MT3 for 90232 not found
MT  3 20 for 90232 not found
Create input file for pfns for k= 36 and energy number 49 (out of 50)
MT3 for 90232 not found
MT  3 19 for 90232 not found
MT3 for 90232 not found
MT  3 20 for 90232 not found
Create input file for pfns for k= 37 and energy number 49 (out of 50)
MT3 for 90232 not found
MT  3 19 for 90232 not found
MT3 for 90232 not found
MT  3 20 for 90232 not found
Create input file for pfns for k= 38 and energy number 49 (out of 50)
MT3 for 90232 not found
MT  3 19 for 90232 not found
MT3 for 90232 not found
MT  3 20 for 90232 not found
Create input file for pfns for k= 39 and energy number 49 (out of 50)
MT3 for 90232 not found
MT  3 19 for 90232 not found
MT3 for 90232 not found
MT  3 20 for 90232 not found
Create input file for pfns for k= 40 and energy number 49 (out of 50)
MT3 for 90232 not found
MT  3 19 for 90232 not found
MT3 for 90232 not found
MT  3 20 for 90232 not found
Create input file for pfns for k= 41 and energy number 49 (out of 50)
MT3 for 90232 not found
MT  3 19 for 90232 not found
MT3 for 90232 not found
MT  3 20 for 90232 not found
Create input file for pfns for k= 42 and energy number 49 (out of 50)
MT3 for 90232 not found
MT  3 19 for 90232 not found
MT3 for 90232 not found
MT  3 20 for 90232 not found
Create input file for pfns for k= 43 and energy number 49 (out of 50)
MT3 for 90232 not found
MT  3 19 for 90232 not found
MT3 for 90232 not found
MT  3 20 for 90232 not found
Create input file for pfns for k= 44 and energy number 49 (out of 50)
MT3 for 90232 not found
MT  3 19 for 90232 not found
MT3 for 90232 not found
MT  3 20 for 90232 not found
Create input file for pfns for k= 45 and energy number 49 (out of 50)
MT3 for 90232 not found
MT  3 19 for 90232 not found
MT3 for 90232 not found
MT  3 20 for 90232 not found
Create input file for pfns for k= 46 and energy number 49 (out of 50)
MT3 for 90232 not found
MT  3 19 for 90232 not found
MT3 for 90232 not found
MT  3 20 for 90232 not found
Create input file for pfns for k= 47 and energy number 49 (out of 50)
MT3 for 90232 not found
MT  3 19 for 90232 not found
MT3 for 90232 not found
MT  3 20 for 90232 not found
Create input file for pfns for k= 48 and energy number 49 (out of 50)
MT3 for 90232 not found
MT  3 19 for 90232 not found
MT3 for 90232 not found
MT  3 20 for 90232 not found
Create input file for pfns for k= 49 and energy number 49 (out of 50)
MT3 for 90232 not found
MT  3 19 for 90232 not found
MT3 for 90232 not found
MT  3 20 for 90232 not found
Create input file for pfns for k= 50 and energy number 49 (out of 50)
MT3 for 90232 not found
MT  3 19 for 90232 not found
MT3 for 90232 not found
MT  3 20 for 90232 not found
Create input file for pfns for k= 51 and energy number 49 (out of 50)
MT3 for 90232 not found
MT  3 19 for 90232 not found
MT3 for 90232 not found
MT  3 20 for 90232 not found
Create input file for pfns for k= 52 and energy number 49 (out of 50)
MT3 for 90232 not found
MT  3 19 for 90232 not found
MT3 for 90232 not found
MT  3 20 for 90232 not found
Create input file for pfns for k= 53 and energy number 49 (out of 50)
MT3 for 90232 not found
MT  3 19 for 90232 not found
MT3 for 90232 not found
MT  3 20 for 90232 not found
Create input file for pfns for k= 54 and energy number 49 (out of 50)
MT3 for 90232 not found
MT  3 19 for 90232 not found
MT3 for 90232 not found
MT  3 20 for 90232 not found
Create input file for pfns for k= 55 and energy number 49 (out of 50)
MT3 for 90232 not found
MT  3 19 for 90232 not found
MT3 for 90232 not found
MT  3 20 for 90232 not found
Create input file for pfns for k= 56 and energy number 49 (out of 50)
MT3 for 90232 not found
MT  3 19 for 90232 not found
MT3 for 90232 not found
MT  3 20 for 90232 not found
Create input file for pfns for k= 57 and energy number 49 (out of 50)
MT3 for 90232 not found
MT  3 19 for 90232 not found
MT3 for 90232 not found
MT  3 20 for 90232 not found
Create input file for pfns for k= 58 and energy number 49 (out of 50)
MT3 for 90232 not found
MT  3 19 for 90232 not found
MT3 for 90232 not found
MT  3 20 for 90232 not found
Create input file for pfns for k= 59 and energy number 49 (out of 50)
MT3 for 90232 not found
MT  3 19 for 90232 not found
MT3 for 90232 not found
MT  3 20 for 90232 not found
Create input file for pfns for k= 60 and energy number 49 (out of 50)
MT3 for 90232 not found
MT  3 19 for 90232 not found
MT3 for 90232 not found
MT  3 20 for 90232 not found
Create input file for pfns for k= 61 and energy number 49 (out of 50)
MT3 for 90232 not found
MT  3 19 for 90232 not found
MT3 for 90232 not found
MT  3 20 for 90232 not found
Create input file for pfns for k= 62 and energy number 49 (out of 50)
MT3 for 90232 not found
MT  3 19 for 90232 not found
MT3 for 90232 not found
MT  3 20 for 90232 not found
Create input file for pfns for k= 63 and energy number 49 (out of 50)
MT3 for 90232 not found
MT  3 19 for 90232 not found
MT3 for 90232 not found
MT  3 20 for 90232 not found
Create input file for pfns for k= 64 and energy number 49 (out of 50)
MT3 for 90232 not found
MT  3 19 for 90232 not found
MT3 for 90232 not found
MT  3 20 for 90232 not found
Create input file for pfns for k= 65 and energy number 49 (out of 50)
MT3 for 90232 not found
MT  3 19 for 90232 not found
MT3 for 90232 not found
MT  3 20 for 90232 not found
Create input file for pfns for k= 66 and energy number 49 (out of 50)
MT3 for 90232 not found
MT  3 19 for 90232 not found
MT3 for 90232 not found
MT  3 20 for 90232 not found
Create input file for pfns for k= 67 and energy number 49 (out of 50)
MT3 for 90232 not found
MT  3 19 for 90232 not found
MT3 for 90232 not found
MT  3 20 for 90232 not found
Create input file for pfns for k= 68 and energy number 49 (out of 50)
MT3 for 90232 not found
MT  3 19 for 90232 not found
MT3 for 90232 not found
MT  3 20 for 90232 not found
Create input file for pfns for k= 69 and energy number 49 (out of 50)
MT3 for 90232 not found
MT  3 19 for 90232 not found
MT3 for 90232 not found
MT  3 20 for 90232 not found
Create input file for pfns for k= 70 and energy number 49 (out of 50)
MT3 for 90232 not found
MT  3 19 for 90232 not found
MT3 for 90232 not found
MT  3 20 for 90232 not found
Create input file for pfns for k= 71 and energy number 49 (out of 50)
MT3 for 90232 not found
MT  3 19 for 90232 not found
MT3 for 90232 not found
MT  3 20 for 90232 not found
Create input file for pfns for k= 72 and energy number 49 (out of 50)
MT3 for 90232 not found
MT  3 19 for 90232 not found
MT3 for 90232 not found
MT  3 20 for 90232 not found
Create input file for pfns for k= 73 and energy number 49 (out of 50)
MT3 for 90232 not found
MT  3 19 for 90232 not found
MT3 for 90232 not found
MT  3 20 for 90232 not found
Create input file for pfns for k= 74 and energy number 49 (out of 50)
MT3 for 90232 not found
MT  3 19 for 90232 not found
MT3 for 90232 not found
MT  3 20 for 90232 not found
Create input file for pfns for k= 75 and energy number 49 (out of 50)
MT3 for 90232 not found
MT  3 19 for 90232 not found
MT3 for 90232 not found
MT  3 20 for 90232 not found
Create input file for pfns for k= 76 and energy number 49 (out of 50)
MT3 for 90232 not found
MT  3 19 for 90232 not found
MT3 for 90232 not found
MT  3 20 for 90232 not found
Create input file for pfns for k= 77 and energy number 49 (out of 50)
MT3 for 90232 not found
MT  3 19 for 90232 not found
MT3 for 90232 not found
MT  3 20 for 90232 not found
Create input file for pfns for k= 78 and energy number 49 (out of 50)
MT3 for 90232 not found
MT  3 19 for 90232 not found
MT3 for 90232 not found
MT  3 20 for 90232 not found
Create input file for pfns for k= 79 and energy number 49 (out of 50)
MT3 for 90232 not found
MT  3 19 for 90232 not found
MT3 for 90232 not found
MT  3 20 for 90232 not found
Create input file for pfns for k= 80 and energy number 49 (out of 50)
MT3 for 90232 not found
MT  3 19 for 90232 not found
MT3 for 90232 not found
MT  3 20 for 90232 not found
Create input file for pfns for k= 81 and energy number 49 (out of 50)
MT3 for 90232 not found
MT  3 19 for 90232 not found
MT3 for 90232 not found
MT  3 20 for 90232 not found
Create input file for pfns for k= 82 and energy number 49 (out of 50)
MT3 for 90232 not found
MT  3 19 for 90232 not found
MT3 for 90232 not found
MT  3 20 for 90232 not found
Create input file for pfns for k= 83 and energy number 49 (out of 50)
MT3 for 90232 not found
MT  3 19 for 90232 not found
MT3 for 90232 not found
MT  3 20 for 90232 not found
Create input file for pfns for k= 84 and energy number 49 (out of 50)
MT3 for 90232 not found
MT  3 19 for 90232 not found
MT3 for 90232 not found
MT  3 20 for 90232 not found
Create input file for pfns for k= 85 and energy number 49 (out of 50)
MT3 for 90232 not found
MT  3 19 for 90232 not found
MT3 for 90232 not found
MT  3 20 for 90232 not found
Create input file for pfns for k= 86 and energy number 49 (out of 50)
MT3 for 90232 not found
MT  3 19 for 90232 not found
MT3 for 90232 not found
MT  3 20 for 90232 not found
Create input file for pfns for k= 87 and energy number 49 (out of 50)
MT3 for 90232 not found
MT  3 19 for 90232 not found
MT3 for 90232 not found
MT  3 20 for 90232 not found
Create input file for pfns for k= 88 and energy number 49 (out of 50)
MT3 for 90232 not found
MT  3 19 for 90232 not found
MT3 for 90232 not found
MT  3 20 for 90232 not found
Create input file for pfns for k= 89 and energy number 49 (out of 50)
MT3 for 90232 not found
MT  3 19 for 90232 not found
MT3 for 90232 not found
MT  3 20 for 90232 not found
Create input file for pfns for k= 90 and energy number 49 (out of 50)
MT3 for 90232 not found
MT  3 19 for 90232 not found
MT3 for 90232 not found
MT  3 20 for 90232 not found
Create input file for pfns for k= 91 and energy number 49 (out of 50)
MT3 for 90232 not found
MT  3 19 for 90232 not found
MT3 for 90232 not found
MT  3 20 for 90232 not found
Create input file for pfns for k= 92 and energy number 49 (out of 50)
MT3 for 90232 not found
MT  3 19 for 90232 not found
MT3 for 90232 not found
MT  3 20 for 90232 not found
Create input file for pfns for k= 93 and energy number 49 (out of 50)
MT3 for 90232 not found
MT  3 19 for 90232 not found
MT3 for 90232 not found
MT  3 20 for 90232 not found
Create input file for pfns for k= 94 and energy number 49 (out of 50)
MT3 for 90232 not found
MT  3 19 for 90232 not found
MT3 for 90232 not found
MT  3 20 for 90232 not found
Create input file for pfns for k= 95 and energy number 49 (out of 50)
MT3 for 90232 not found
MT  3 19 for 90232 not found
MT3 for 90232 not found
MT  3 20 for 90232 not found
Create input file for pfns for k= 96 and energy number 49 (out of 50)
MT3 for 90232 not found
MT  3 19 for 90232 not found
MT3 for 90232 not found
MT  3 20 for 90232 not found
Create input file for pfns for k= 97 and energy number 49 (out of 50)
MT3 for 90232 not found
MT  3 19 for 90232 not found
MT3 for 90232 not found
MT  3 20 for 90232 not found
Create input file for pfns for k= 98 and energy number 49 (out of 50)
MT3 for 90232 not found
MT  3 19 for 90232 not found
MT3 for 90232 not found
MT  3 20 for 90232 not found
Create input file for pfns for k= 99 and energy number 49 (out of 50)
MT3 for 90232 not found
MT  3 19 for 90232 not found
MT3 for 90232 not found
MT  3 20 for 90232 not found
Create input file for pfns for k= 100 and energy number 49 (out of 50)
Extract MF5 MT455
 MF5 MT 455 found in /Users/koning/tanes-1.1/source/Module//../../inputs/lib/default.delayed
Extract MF1 MT455
100
 Write text for MF1 in file mf1.tanes.txt

-------------------------------------------------------------
-                                                           -
-                TANES: successful end of run               -
-                                                           -
-------------------------------------------------------------

End time: Sat Apr 26 00:39:26 2025

